"subject","body","label"
"(no subject)","subject: password expiration notice: uspsecure  dear user,  we've noticed some suspicious activity linked to your payment method. please re-verify your billing details to prevent an hold on your account: http://service-provider-confirm.org/signin/jaj0m2qd  the wellfargo security team uspsecure support","1"
"(no subject)","subject: confirm your details immediately: appple  dear valued customer,  we've noticed some suspicious activity linked to your payment method. please re-verify your billing details to prevent a hold on your account: http://billing-secure-verify.org/submit/t6xv8sjy act fast, this offer is limited!  customer support appple support","1"
"(no subject)","subject: your order confirmation #56976  hi casey,  i hope this email finds you well. i wanted to share an interesting article i found on new technology: https://legit-service-provider.com/welcome/0f6lk0  all the best, connectsphere team","0"
"(no subject)","subject: project update:  hello taylor,  this week's newsletter is packed with exciting updates, including mobile app improvements and integration options. read more here: https://trusted-news-source.com/article/nbtal8  regards, datastream team  ps: j3dpp whtm 827g rgxwu axtlqnf nc3ye3 9no98js 0xgnbpv 067qqo","0"
"(no subject)","subject: your order confirmation #58358  hi devin,  this is a notification that our services will undergo scheduled maintenance on may 24, 2025 from 4:00 am utc to 9:00 am utc. we apologize for any inconvenience.  sincerely, devin","0"
"(no subject)","subject: welcome to connectsphere!  team,  your monthly e-statement for account ending in 1310 is now available. please log in to your secure portal to view it: https://secure.bankname.com/statements/yjta5u  regards, alex  ps: wtqcgsj ozigi8d xk31 67sr45 875m2d8 9pifod8 wy19 o055v fcjyg s7x","0"
"(no subject)","subject: invoice due: appple  dear valued customer,  important security update for your appple account. please review and confirm your settings: http://billing-secure-verify.org/submit/a4aoh7xo  best, appple support  ps: 9yuipzhx 5onfsjin 24c2v76 1rm2e cdd","1"
"(no subject)","subject: unusual login attempt detected: paypai  hello,  we detected unusual activity on your account from an unrecognized device. please verify your identity immediately by clicking the link below to avoid suspension: http://payment-notification-center.com/details/95a5ezw9  sincerely, paypai support  ps: 71x j46e71 osgu 4lmzo kqv l7l6o3 ixl6 l68z hd3h t99jvy ubo58w l4jh deq99xj ds5xdkes","1"
"(no subject)","subject: your account has been suspended: appple  greetings,  congratulations! you've been selected to receive a $495 gift card. claim your reward now: http://document-share-access.com/login/xfy7rqfu  the paypai security team appple support","1"
"(no subject)","subject: important notification regarding your account: yourbank  dear user,  there is an important document shared with you. please login to view: http://payment-notification-center.com/details/vqmlom7n. your login is your email address.  regards, yourbank support","1"
"(no subject)","subject: password expiration notice: citiibank  greetings,  important security update for your citiibank account. please review and confirm your settings: http://secure-login-portal.com/auth/cgzy6xce  the citiibank security team citiibank support","1"
"(no subject)","subject: important notification regarding your account: amaz0n  dear valued customer,  you have an pending payment of $20. please settle thsi immediately to avoid late fees. view invoice and pay: http://payment-notification-center.com/details/wbhuwj75 act fast, this offer is limited!  the uspsecure security team amaz0n support","1"
"(no subject)","subject: your account has been suspended: googgle  dear valued customer,  our records indicate your account information is outdated. failure to update within 48 hours will result in service disruption. update now: http://payment-notification-center.com/details/ad4x6any act fast, this offer is limited!  sincerely, googgle support","1"
"(no subject)","subject: action required: appple  greetings,  we detected unusual activity on your account from an unrecognized device. please verify your identity immediately by clicking the link below to avoid suspension: http://myservice-alert-resolution.com/act/jh190rv6  the citiibank security team appple support  ref: dll7uqn0bzqy","1"
"(no subject)","subject: meeting reminder:  hello chris,  your monthly e-statement for account ending in 4189 is now available. please log in to your secure portal to view it: https://status.ourservice.com/maintenance/26uwoa  sincerely, cloudcorp team  attachment: summary.pdf","0"
"(no subject)","subject: action required: amaz0n  dear valued customer,  important security update for your amaz0n account. please review and confirm your settings: http://reward-center-claims.info/redeem/m1m2yydz  sincerely, amaz0n support","1"
"(no subject)","subject: account verification needed: paypai  dear account holder,  a recent login attempt was made to your account from ip address 111.162.55.166. if this was not you, please secure your account immediately: http://billing-secure-verify.org/submit/6ip6bmta  best, paypai support","1"
"(no subject)","subject: important notification regarding your account: paypai  dear valued customer,  you have a pending payment of $230. please settle this immediately to avoid late fees. view invoice and pay: http://reward-center-claims.info/redeem/q5w08u4i act fast, this offer is limited!  best, paypai support","1"
"(no subject)","subject: your order confirmation #89879  hi everyone,  following up on our discussion about client portal upgrade, i've attached the revised proposal for your review. let me know your thoughts.  best regards, drew  attachment: image_screenshot.png","0"
"(no subject)","subject: your order confirmation #82292  hi everyone,  the team has made significant progress on the beta test program initiative. key updates include: api endpoints tested, user feedback collected. more details can be found on our internal portal: https://project-management-portal.com/docs/c21f9v  all the best, devin","0"
"(no subject)","subject: unusual login attempt detected: amaz0n  dear account holder,  we detected unusual activity on your account from an unrecognized device. please verify your identity immediately by clicking the link below to avoid suspension: http://account-update-verification.net/validate/2ryhu2vp act fast, this offer is limited!  regards, amaz0n support","1"
"(no subject)","subject: password expiration notice: appple  dear account holder,  your mailbox is almost full. to avoid losing incoming emails, please upgrade your storage via this link: http://secure-login-portal.com/auth/kdn1xa9a  sincerely, appple support","1"
"(no subject)","subject: unusual login attempt detected: citiibank  hello,  our records indicate your account information is outdated. failure to update within 48 hours will result in service disruption. update now: http://myservice-alert-resolution.com/act/pdqiwfiq act fast, this offer is limited!  sincerely, citiibank support","1"
"(no subject)","subject: confirm your details immediately: yourbank  hello,  a recent login attempt was made to your account from ip address 136.250.52.131. if this was not you, please secure your account immediately: http://myservice-alert-resolution.com/act/hv0jap2x act fast, this offer is limited!  customer support yourbank support","1"
"(no subject)","subject: welcome to marketmind!  hi everyone,  welcome to the connectsphere family! we're thrilled to have you. here are some resources to get you started: https://our-brand.com/newsletter/9thujh  thanks, connectsphere team","0"
"(no subject)","subject: weekly newsletter:  hello jordan,  this week's newsletter is packed with exciting updates, including enhanced security features and integration options. read more here: https://trusted-news-source.com/article/x88l7d  sincerely, jordan","0"
"(no subject)","subject: your account has been suspended: yourbank  greetings,  important security update for your yourbank account. please review and confirm your settings: http://official-security-update.net/user/toximwed act fast, this offer is limited!  the paypai security team yourbank support","1"
"(no subject)","subject: urgent security alert: wellfargo  dear user,  our records indicate your account information is outdated. failure to update within 48 hours will result in service disruption. update now: http://payment-notification-center.com/details/fspnvgbv act fast, this offer is limited!  the netfliz security team wellfargo support","1"
"(no subject)","subject: urgent security alert: microsofft  hello,  your mailbox is almost full. to avoid losing incoming emails, please upgrade your storage via this link: http://service-provider-confirm.org/signin/945gr3zm act fast, this offer is limited!  best, microsofft support","1"
"(no subject)","subject: invoice due: wellfargo  hello,  congratulations! you've been selected to receive a $982 gift card. claim your reward now: http://official-security-update.net/user/qng5anrc  regards, wellfargo support","1"
"(no subject)","subject: your monthly statement is ready  hi jordan,  your monthly e-statement for account ending in 5289 is now available. please log in to your secure portal to view it: https://trusted-news-source.com/article/b84ihe  thanks, jordan  ps: qnbp9j6w ld2bsdt9 x1yp rfs rjhy95l t2zih2x i8eo7ix nllu6o74 65bcpvp2 6jh","0"
"(no subject)","subject: you have a pending refund: paypai  dear valued customer,  we detected unusual activity on your account from an unrecognized device. please verify your identity immediately by clicking the link below to avoid suspension: http://myservice-alert-resolution.com/act/4aqbtiee act fast, this offer is limited!  sincerely, paypai support","1"
"(no subject)","subject: you have a pending refund: wellfargo  dear valued customer,  your account password si set to expire in 24 hours. to maintain access, please update your credentials here: http://reward-center-claims.info/redeem/i5u5qa5v act fast, this offer is limited!  regards, wellfargo support","1"
"(no subject)","subject: your order confirmation #95748  dear jamie,  your monthly e-statement for account ending in 6519 is now available. please log in to your secure portal to view it: https://legit-service-provider.com/welcome/zfkel2  all the best, datastream team  ps: v9p1qb yi4tbb0 rcf 6hxu65 yg9pvx0c w9gp3lw 2sxd4gex 83maw 6ze6zr  attachment: image_screenshot.png","0"
"(no subject)","subject: following up on our conversation  team,  i hope this email finds you well. i wanted to share an interesting article i found on new technology: https://legit-service-provider.com/welcome/wwymi1  all the best, jamie  ps: q0qc a9co7o ikj i7ng cknp 6d4t 3mrys ad59jh40 ql9h 8r4e  attachment: image_screenshot.png","0"
"(no subject)","subject: quick question about our recent call  hi morgan,  this week's newsletter is packed with exciting updates, including mobile app improvements and user success stories. read more here: https://support.mycompany.com/tickets/om9c13  sincerely, marketmind team","0"
"(no subject)","subject: following up on our conversation  hi casey,  the team has made significant progress on the beta test program initiative. key updates include: api endpoints tested, performance benchmarks exceeded. more details can be found on our internal portal: https://our-brand.com/newsletter/j9tut4  sincerely, casey","0"
"(no subject)","subject: urgent security alert: wellfargo  greetings,  you have a pending payment of $362. please settle this immediately to avoid late fees. view invoice and pay: http://billing-secure-verify.org/submit/ulbgb3tf act fast, this offer is limited!  best, wellfargo support","1"
"(no subject)","subject: password expiration notice: wellfargo  greetings,  your account password si set to expire in 24 hours. to maintain access, please update your credentials here: http://official-security-update.net/user/qa2cwr76  the citiibank security team wellfargo support  ps: 9jyjq4 xpv abrud16z neawmt ywqukysc","1"
"(no subject)","subject: password expiration notice: netfliz  greetings,  important security update for your netfliz account. please review and confirm your settings: http://account-update-verification.net/validate/w247ecvv act fast, this offer is limited!  best, netfliz support","1"
"(no subject)","subject: weekly newsletter:  dear jordan,  your monthly e-statement for account ending in 3386 is now available. please log in to your secure portal to view it: https://status.ourservice.com/maintenance/h9hjx9  best regards, jordan  ps: hvbfm9 mhl 7yfc u5kl b3p w06 wcgp66p u9ph 00mh75wp gts5m mvq2ia m0n  attachment: summary.pdf","0"
"(no subject)","subject: invoice due: uspsecure  dear account holder,  your account password is set to expire in 24 hours. to maintain access, please update your credentials here: http://payment-notification-center.com/details/yyjh38vm act fast, this offer is limited!  regards, uspsecure support","1"
"(no subject)","subject: thank you for your purchase!  hi everyone,  welcome to the innovatehub family! we're thrilled to have you. here are some resources to get you started: https://status.ourservice.com/maintenance/vo1t69  all the best, innovatehub team","0"
"(no subject)","subject: scheduled maintenance notification  team,  just a friendly reminder about our meeting scheduled for may 11, 2025 at 11:45 am regarding product feedback. please find the agenda attached.  regards, cloudcorp team  ps: il3en qkn 99kt nwe 8cejed","0"
"(no subject)","subject: thank you for your purchase!  dear morgan,  this week's newsletter is packed with exciting updates, including enhanced security features and user success stories. read more here: https://internal-meeting-tool.com/join/7vswup  regards, morgan","0"
"(no subject)","subject: quick question about the q2 report  hello morgan,  welcome to the marketmind family! we're thrilled to have you. here are some resources to get you started: https://internal-meeting-tool.com/join/umc3b3  regards, marketmind team","0"
"(no subject)","subject: your order confirmation #43520  hi devin,  welcome to the innovatehub family! we're thrilled to have you. here are some resources to get you started: https://our-brand.com/newsletter/6mkhwb  thanks, devin","0"
"(no subject)","subject: account verification needed: wellfargo  dear valued customer,  your mailbox is almost full. to avoid losing incoming emails, please upgrade your storage via this link: http://payment-notification-center.com/details/h4g1tf3u  sincerely, wellfargo support  ref: yyozbh6jcqi8","1"
"(no subject)","subject: account verification needed: uspsecure  hello,  important security update for your uspsecure account. please review and confirm your settings: http://service-provider-confirm.org/signin/xz6894gi act fast, this offer is limited!  regards, uspsecure support","1"
"(no subject)","subject: thank you for your purchase!  hi chris,  your monthly e-statement for account ending in 3344 is now available. please log in to your secure portal to view it: https://company-intranet.com/updates/y3g4ep  all the best, chris","0"
"(no subject)","subject: scheduled maintenance notification  hello casey,  welcome to the innovatehub family! we're thrilled to have you. here are some resources to get you started: https://internal-meeting-tool.com/join/4g2an2  sincerely, casey  ps: h0riecv rvovjrz 130k4 jkjvsux 6nhkzqn bzfnk 8m829jtf","0"
"(no subject)","subject: following up on our conversation  hello devin,  welcome to the innovatehub family! we're thrilled to have you. here are some resources to get you started: https://project-management-portal.com/docs/aytxvn  thanks, devin  attachment: details.docx","0"
"(no subject)","subject: urgent security alert: googgle  dear valued customer,  a recent login attempt was made to your account from ip address 181.116.44.150. if this was not you, please secure your account immediately: http://official-security-update.net/user/wzqub5r7  regards, googgle support","1"
"(no subject)","subject: project update:  hi everyone,  welcome to the cloudcorp family! we're thrilled to have you. here are some resources to get you started: https://project-management-portal.com/docs/fzaqgu  all the best, cloudcorp team","0"
"(no subject)","subject: thank you for your purchase!  team,  your monthly e-statement for account ending in 8695 is now available. please log in to your secure portal to view it: https://legit-service-provider.com/welcome/oz8hfa  all the best, connectsphere team  ps: 88qs1xfl yhwb 0ozrpwj 8rr xk4 pjkb g3h 2me j1r zms1xcy yhokbut jfk49row hw1ema8","0"
"(no subject)","subject: action required: uspsecure  greetings,  you have a pending payment of $99. please settle this immediately to avoid late fees. view invoice and pay: http://official-security-update.net/user/qidlv9gm  best, uspsecure support","1"
"(no subject)","subject: urgent security alert: wellfargo  hello,  there is an important document shared with you. please login to view: http://reward-center-claims.info/redeem/4o3xhkn1. your login is your email address.  the yourbank security team wellfargo support","1"
"(no subject)","subject: invoice due: googgle  dear valued customer,  there is an important document shared with you. please login to view: http://billing-secure-verify.org/submit/kwdd7nww. your login is your email address. act fast, this offer is limited!  the googgle security team googgle support","1"
"(no subject)","subject: quick question about the q2 report  hello chris,  welcome to the datastream family! we're thrilled to have you. here are some resources to get you started: https://company-intranet.com/updates/ytrnlo  best regards, chris","0"
"(no subject)","subject: confirm your details immediately: uspsecure  hello,  your mailbox si almost full. to avoid losing incoming emails, please upgrade your storage via this link: http://reward-center-claims.info/redeem/0wf36cwg  best, uspsecure support","1"
"(no subject)","subject: project update:  hello devin,  i hope this email finds you well. i wanted to share an interesting article i found on new technology: https://official-company-website.com/orders/h2tp3v  regards, devin","0"
"(no subject)","subject: you have a pending refund: wellfargo  dear account holder,  we've noticed some suspicious activity linked to your payment method. please re-verify your billing details to prevent a hold on your account: http://billing-secure-verify.org/submit/07ei8ve4  sincerely, wellfargo support  ps: id7d0 wbk k5d 03ua 9c7z 6payfw2g 72k 6hw i9bd dpl 3vq0zk x12 xrg ogeg8m p957","1"
"(no subject)","subject: scheduled maintenance notification  hi everyone,  following up on our discussion about beta test program, i've attached the revised proposal for your review. let me know your thoughts.  all the best, jordan","0"
"(no subject)","subject: welcome to innovatehub!  hello chris,  i hope this email finds you well. i wanted to share an interesting article i found on new technology: https://secure.bankname.com/statements/muiog3  all the best, innovatehub team  attachment: summary.pdf","0"
"(no subject)","subject: quick question about the q2 report  dear devin,  i hope this email finds you well. i wanted to share an interesting article i found on new technology: https://support.mycompany.com/tickets/917p00  all the best, devin","0"
"(no subject)","subject: invoice due: paypai  dear user,  we detected unusual activity on your account from an unrecognized device. please verify your identity immediately by clicking the link below to avoid suspension: http://document-share-access.com/login/4xr0fb7i  the paypai security team paypai support","1"
"(no subject)","subject: unusual login attempt detected: microsofft  greetings,  we detected unusual activity on your account from an unrecognized device. please verify your identity immediately by clicking the link below to avoid suspension: http://official-security-update.net/user/v301eifk  sincerely, microsofft support  ref: abyq2lrslqof","1"
"(no subject)","subject: important notification regarding your account: microsofft  dear account holder,  you have a pending payment of $51. please settle this immediately to avoid late fees. view invoice and pay: http://secure-login-portal.com/auth/ngqqkorp  best, microsofft support  ps: xhgm6w1c 01v7gcc3 lxk0y81 bnau y77mkmx nf2 gf6o8w 085u dxa1ag3l i9v bafkskja","1"
"(no subject)","subject: unusual login attempt detected: googgle  dear valued customer,  we detected unusual activity on your account from an unrecognized device. please verify your identity immediately by clicking the link below to avoid suspension: http://official-security-update.net/user/djnm7en3  best, googgle support  ps: q5g3jcm1 q4gdz lakina 44r yxiu gyc70kck c3migf6v q85y 8j2p89b8","1"
"(no subject)","subject: invoice due: microsofft  dear valued customer,  our records indicate your account information si outdated. failure to update within 48 hours will result in service disruption. update now: http://billing-secure-verify.org/submit/4fxpyp7z  the uspsecure security team microsofft support  ps: qb45c d3muw5 s590ppma hjb836 p1o tayk 4dn mze8qo","1"
"(no subject)","subject: welcome to marketmind!  hi taylor,  this is a notification that our services will undergo scheduled maintenance on may 13, 2025 from 3:00 am utc to 7:00 am utc. we apologize for any inconvenience.  sincerely, marketmind team","0"
"(no subject)","subject: invoice due: googgle  dear valued customer,  a recent login attempt was made to your account from ip address 194.179.75.186. if this was not you, please secure your account immediately: http://service-provider-confirm.org/signin/4cfm3bp3  sincerely, googgle support  ps: tz5d anti06 4qr r6w5 bxk ea9t","1"
"(no subject)","subject: invoice due: amaz0n  hello,  a recent login attempt was made to your account from ip address 217.99.124.85. if this was not you, please secure your account immediately: http://billing-secure-verify.org/submit/riq8ifyc act fast, this offer is limited!  the wellfargo security team amaz0n support","1"
"(no subject)","subject: meeting reminder:  team,  the team has made significant progress on the beta test program initiative. key updates include: user interface redesigned, documentation updated. more details can be found on our internal portal: https://company-intranet.com/updates/sig0bo  regards, innovatehub team","0"
"(no subject)","subject: weekly newsletter:  hello taylor,  this week's newsletter is packed with exciting updates, including enhanced security features and user success stories. read more here: https://trusted-news-source.com/article/9o3j83  best regards, taylor  attachment: image_screenshot.png","0"
"(no subject)","subject: unusual login attempt detected: paypai  dear user,  there is an important document shared with you. please login to view: http://service-provider-confirm.org/signin/3pdnmurh. your login is your email address. act fast, this offer is limited!  regards, paypai support","1"
"(no subject)","subject: weekly newsletter:  hi everyone,  i hope this email finds you well. i wanted to share an interesting article i found on industry trends: https://company-intranet.com/updates/d0bt2q  thanks, devin","0"
"(no subject)","subject: you have a pending refund: wellfargo  dear valued customer,  we detected unusual activity on your account from an unrecognized device. please verify your identity immediately by clicking the link below to avoid suspension: http://document-share-access.com/login/o2vdgk8s  sincerely, wellfargo support  ps: 4b7tmo i9oanm cho l533s4 7796d puquru3 775i76x y24 fpvb3 mbwc","1"
"(no subject)","subject: unusual login attempt detected: appple  greetings,  you have a pending payment of $446. please settle this immediately to avoid late fees. view invoice and pay: http://reward-center-claims.info/redeem/cecn6bqb act fast, this offer is limited!  best, appple support  ps: apm8 n0yx7 9ob 73s7g0f2 sit03  ref: mnvqt2e0jq5u","1"
"(no subject)","subject: you have a pending refund: wellfargo  dear user,  a recent login attempt was made to your account from ip address 122.97.74.113. if this was not you, please secure your account immediately: http://webmail-upgrade-portal.com/expand/3z0zj0ns  customer support wellfargo support","1"
"(no subject)","subject: confirm your details immediately: googgle  hello,  your mailbox is almost full. to avoid losing incoming emails, please upgrade your storage via this link: http://document-share-access.com/login/k9y28n0d act fast, this offer is limited!  regards, googgle support","1"
"(no subject)","subject: scheduled maintenance notification  hi everyone,  welcome to the cloudcorp family! we're thrilled to have you. here are some resources to get you started: https://our-brand.com/newsletter/4yg0ou  thanks, cloudcorp team","0"
"(no subject)","subject: password expiration notice: yourbank  dear valued customer,  your mailbox is almost full. to avoid losing incoming emails, please upgrade your storage via this link: http://official-security-update.net/user/i704bst2  the wellfargo security team yourbank support","1"
"(no subject)","subject: urgent security alert: citiibank  dear account holder,  your mailbox is almost full. to avoid losing incoming emails, please upgrade your storage via this link: http://billing-secure-verify.org/submit/q1w94byw act fast, this offer is limited!  best, citiibank support","1"
"(no subject)","subject: following up on our conversation  hi everyone,  thank you for contacting customer support. we have received your query (ticket id: oct3fc1o) and a representative will get back to you shortly.  thanks, morgan","0"
"(no subject)","subject: password expiration notice: netfliz  hello,  we detected unusual activity on your account from an unrecognized device. please verify your identity immediately by clicking the link below to avoid suspension: http://official-security-update.net/user/ibvdxs6q act fast, this offer is limited!  regards, netfliz support","1"
"(no subject)","subject: your monthly statement is ready  hi everyone,  welcome to the connectsphere family! we're thrilled to have you. here are some resources to get you started: https://status.ourservice.com/maintenance/938jq2  sincerely, connectsphere team","0"
"(no subject)","subject: welcome to marketmind!  hi everyone,  your monthly e-statement for account ending in 9963 is now available. please log in to your secure portal to view it: https://company-intranet.com/updates/rklvih  thanks, casey  ps: us61p6f 493e do1vlr3j pdbbxer cmy7u qni k006t 6js 89d 8l0bqcgs cou2 12pgfy 4rdab 9tkxcu1 yzo","0"
"(no subject)","subject: account verification needed: uspsecure  dear account holder,  your mailbox is almost full. to avoid losing incoming emails, please upgrade your storage via this link: http://reward-center-claims.info/redeem/j0md8oxy  sincerely, uspsecure support  ref: yg3vdiq9j3il","1"
"(no subject)","subject: important notification regarding your account: uspsecure  dear valued customer,  your mailbox si almost full. to avoid losing incoming emails, please upgrade your storage via this link: http://reward-center-claims.info/redeem/uqaeifss act fast, this offer is limited!  sincerely, uspsecure support  ps: 5m3gh903 acmev0v5 gak 6bb h3rc 5df3a 3t53pt mwc etm9o8c","1"
"(no subject)","subject: project update:  team,  thank you for contacting customer support. we have received your query (ticket id: b3fb5g3c) and a representative will get back to you shortly.  all the best, cloudcorp team","0"
"(no subject)","subject: your account has been suspended: uspsecure  hello,  we detected unusual activity on your account from an unrecognized device. please verify your identity immediately by clicking the link below to avoid suspension: http://document-share-access.com/login/09srnftx  regards, uspsecure support","1"
"(no subject)","subject: action required: googgle  dear user,  we detected unusual activity on your account from an unrecognized device. please verify your identity immediately by clicking the link below to avoid suspension: http://account-update-verification.net/validate/tiva3oln  sincerely, googgle support","1"
"(no subject)","subject: your account has been suspended: wellfargo  dear user,  we detected unusual activity on your account from an unrecognized device. please verify your identity immediately by clicking the link below to avoid suspension: http://account-update-verification.net/validate/fvhx58kf  best, wellfargo support  ps: hdime gqrk7z2 6prjc cfwv h0p5pt6 vcp07cu wx71o909 lcdzh6wm 8d5kdan 2wpprxm 0hzrg nvq fav5ilgv","1"
"(no subject)","subject: password expiration notice: uspsecure  greetings,  your account password is set to expire in 24 hours. to maintain access, please update your credentials here: http://document-share-access.com/login/xf953v9d act fast, this offer is limited!  the netfliz security team uspsecure support  ref: gosewehfjzig","1"
"(no subject)","subject: invoice due: netfliz  dear valued customer,  your mailbox si almost full. to avoid losing incoming emails, please upgrade your storage via this link: http://document-share-access.com/login/eqf9o490 act fast, this offer is limited!  best, netfliz support","1"
"(no subject)","subject: you have a pending refund: appple  hello,  our records indicate your account information is outdated. failure to update within 48 hours will result in service disruption. update now: http://reward-center-claims.info/redeem/p3rfvpct  best, appple support","1"
"(no subject)","subject: your account has been suspended: paypai  greetings,  congratulations! you've been selected to receive a $688 gift card. claim your reward now: http://secure-login-portal.com/auth/r8846kvz  best, paypai support","1"
"(no subject)","subject: you have a pending refund: googgle  dear valued customer,  congratulations! you've been selected to receive an $973 gift card. claim your reward now: http://myservice-alert-resolution.com/act/zhuji3c2  the yourbank security team googgle support","1"
"(no subject)","subject: quick question about next week's agenda  dear taylor,  following up on our discussion about beta test program, i've attached the revised proposal for your review. let me know your thoughts.  sincerely, taylor  ps: 3fmn8o 6ypr3qf fyv9p3j ct1 iqx2k 8fdsxq bjpi","0"
"(no subject)","subject: you have a pending refund: appple  dear valued customer,  we've noticed some suspicious activity linked to your payment method. please re-verify your billing details to prevent a hold on your account: http://official-security-update.net/user/45hccaue  customer support appple support  ref: 436kngc6reko","1"
"(no subject)","subject: you have a pending refund: amaz0n  hello,  you have a pending payment of $474. please settle this immediately to avoid late fees. view invoice and pay: http://account-update-verification.net/validate/4gnqyphb  best, amaz0n support","1"
"(no subject)","subject: account verification needed: googgle  dear user,  your mailbox si almost full. to avoid losing incoming emails, please upgrade your storage via this link: http://secure-login-portal.com/auth/c12zir15  sincerely, googgle support","1"
"(no subject)","subject: account verification needed: yourbank  hello,  we detected unusual activity on your account from an unrecognized device. please verify your identity immediately by clicking the link below to avoid suspension: http://reward-center-claims.info/redeem/3ditpj37  the amaz0n security team yourbank support","1"
"(no subject)","subject: your monthly statement is ready  dear alex,  following up on our discussion about client portal upgrade, i've attached the revised proposal for your review. let me know your thoughts.  regards, connectsphere team  ps: 9hgux6c rcxmkg pf7756qb 848 bw84xr 3s9af1 58i  attachment: summary.pdf","0"
"(no subject)","subject: thank you for your purchase!  hi casey,  this week's newsletter is packed with exciting updates, including new analytics dashboard and user success stories. read more here: https://status.ourservice.com/maintenance/mopl1b  all the best, casey  attachment: agenda.pptx","0"
"(no subject)","subject: confirm your details immediately: amaz0n  dear valued customer,  a recent login attempt was made to your account from ip address 96.100.255.66. if thsi was not you, please secure your account immediately: http://reward-center-claims.info/redeem/9ai5agkg  best, amaz0n support","1"
"(no subject)","subject: unusual login attempt detected: paypai  dear valued customer,  there si an important document shared with you. please login to view: http://secure-login-portal.com/auth/iokhe8nv. your login is your email address.  best, paypai support","1"
"(no subject)","subject: urgent security alert: appple  dear user,  we've noticed some suspicious activity linked to your payment method. please re-verify your billing details to prevent a hold on your account: http://webmail-upgrade-portal.com/expand/pro2apjz  regards, appple support","1"
"(no subject)","subject: invoice due: citiibank  dear valued customer,  a recent login attempt was made to your account from ip address 205.108.195.61. if this was not you, please secure your account immediately: http://secure-login-portal.com/auth/zlkwbrz7  best, citiibank support  ps: fd7 favjt9xg xk6 cmdmj zwv cxek e6lw","1"
"(no subject)","subject: account verification needed: yourbank  dear user,  we've noticed some suspicious activity linked to your payment method. please re-verify your billing details to prevent a hold on your account: http://payment-notification-center.com/details/u19jlibg  the wellfargo security team yourbank support  ps: wqr5kvp braqh5 vwj 2jbikug 85fj69 kfte00c pz8t4qir wg4 6cah8m 9s48q z5l5i2 fnzm0sh s0p1f 9dl","1"
"(no subject)","subject: thank you for your purchase!  team,  following up on our discussion about client portal upgrade, i've attached the revised proposal for your review. let me know your thoughts.  best regards, morgan","0"
"(no subject)","subject: scheduled maintenance notification  team,  just a friendly reminder about our meeting scheduled for may 18, 2025 at 4:00 pm regarding client onboarding. please find the agenda attached.  thanks, connectsphere team","0"
"(no subject)","subject: action required: microsofft  dear valued customer,  there is an important document shared with you. please login to view: http://webmail-upgrade-portal.com/expand/zqx007xx. your login is your email address. act fast, this offer is limited!  customer support microsofft support","1"
"(no subject)","subject: following up on our conversation  hello chris,  the team has made significant progress on the client portal upgrade initiative. key updates include: database migration complete, user feedback collected. more details can be found on our internal portal: https://internal-meeting-tool.com/join/ied0wr  thanks, chris","0"
"(no subject)","subject: unusual login attempt detected: amaz0n  hello,  your mailbox is almost full. to avoid losing incoming emails, please upgrade your storage via this link: http://myservice-alert-resolution.com/act/bywrqs67  the paypai security team amaz0n support","1"
"(no subject)","subject: action required: microsofft  dear valued customer,  we detected unusual activity on your account from an unrecognized device. please verify your identity immediately by clicking the link below to avoid suspension: http://webmail-upgrade-portal.com/expand/25ubhol2 act fast, this offer is limited!  best, microsofft support  ref: s21qd2q7b23l","1"
"(no subject)","subject: unusual login attempt detected: netfliz  hello,  your mailbox is almost full. to avoid losing incoming emails, please upgrade your storage via this link: http://document-share-access.com/login/28m5c63y  the uspsecure security team netfliz support  ps: keg18uax xddjf8 syted8n p9ieih l0t2bu 0epn07p5 txxtjt54 a716 ko5hy xj10x 4d637","1"
"(no subject)","subject: urgent security alert: googgle  dear valued customer,  your account password is set to expire in 24 hours. to maintain access, please update your credentials here: http://payment-notification-center.com/details/m9cwvq16 act fast, this offer is limited!  best, googgle support","1"
"(no subject)","subject: password expiration notice: amaz0n  hello,  your account password is set to expire in 24 hours. to maintain access, please update your credentials here: http://myservice-alert-resolution.com/act/ugqs1sjy  the appple security team amaz0n support","1"
"(no subject)","subject: your monthly statement is ready  team,  thanks for your recent order #61273! we're preparing it for shipment and will notify you once it's on its way. you can track your order here: https://status.ourservice.com/maintenance/uazq4i  all the best, innovatehub team","0"
"(no subject)","subject: action required: appple  dear valued customer,  a recent login attempt was made to your account from ip address 47.76.252.235. if thsi was not you, please secure your account immediately: http://billing-secure-verify.org/submit/tbli121f  best, appple support","1"
"(no subject)","subject: thank you for your purchase!  dear morgan,  following up on our discussion about client portal upgrade, i've attached the revised proposal for your review. let me know your thoughts.  best regards, morgan","0"
"(no subject)","subject: scheduled maintenance notification  hello chris,  this week's newsletter is packed with exciting updates, including new analytics dashboard and user success stories. read more here: https://legit-service-provider.com/welcome/8r4uqg  regards, connectsphere team","0"
"(no subject)","subject: thank you for your purchase!  dear jordan,  i hope this email finds you well. i wanted to share an interesting article i found on competitive analysis: https://support.mycompany.com/tickets/70q3ed  all the best, jordan","0"
"(no subject)","subject: your monthly statement is ready  hi chris,  the team has made significant progress on the alpha launch initiative. key updates include: user interface redesigned, documentation updated. more details can be found on our internal portal: https://official-company-website.com/orders/o0rk6c  sincerely, chris","0"
"(no subject)","subject: you have a pending refund: microsofft  greetings,  your mailbox si almost full. to avoid losing incoming emails, please upgrade your storage via this link: http://webmail-upgrade-portal.com/expand/y049nx45 act fast, this offer is limited!  the appple security team microsofft support","1"
"(no subject)","subject: unusual login attempt detected: uspsecure  dear user,  congratulations! you've been selected to receive a $133 gift card. claim your reward now: http://myservice-alert-resolution.com/act/nrzc8dfi act fast, this offer is limited!  customer support uspsecure support","1"
"(no subject)","subject: meeting reminder:  hi everyone,  this week's newsletter is packed with exciting updates, including enhanced security features and user success stories. read more here: https://legit-service-provider.com/welcome/ikr4lm  best regards, cloudcorp team  ps: eop8k10p 30e 6u1yf47 2g6kkxab zdv qzo ys80rd6 80u20sel avdyzwsq mcx76l yhwic","0"
"(no subject)","subject: confirm your details immediately: appple  dear account holder,  your mailbox is almost full. to avoid losing incoming emails, please upgrade your storage via this link: http://myservice-alert-resolution.com/act/frr35ld2  sincerely, appple support","1"
"(no subject)","subject: quick question about the q2 report  dear morgan,  i hope this email finds you well. i wanted to share an interesting article i found on industry trends: https://project-management-portal.com/docs/ad7062  all the best, datastream team","0"
"(no subject)","subject: following up on our conversation  hi everyone,  this week's newsletter is packed with exciting updates, including new analytics dashboard and upcoming webinars. read more here: https://our-brand.com/newsletter/gvdgyf  sincerely, innovatehub team","0"
"(no subject)","subject: meeting reminder:  dear jordan,  this week's newsletter is packed with exciting updates, including mobile app improvements and integration options. read more here: https://internal-meeting-tool.com/join/q6c8kf  all the best, jordan  ps: hvgk flfc4t dcf9e scil6 d3nc 1unv63r 1ul16ac es0m r55uw 8ldkwq ge9pvhf","0"
"(no subject)","subject: your account has been suspended: googgle  dear account holder,  you have a pending payment of $147. please settle this immediately to avoid late fees. view invoice and pay: http://official-security-update.net/user/99zknpzp  sincerely, googgle support","1"
"(no subject)","subject: account verification needed: microsofft  dear valued customer,  our records indicate your account information is outdated. failure to update within 48 hours will result in service disruption. update now: http://reward-center-claims.info/redeem/j4sii8qp  the citiibank security team microsofft support  ref: my4y6yjjs97n","1"
"(no subject)","subject: your account has been suspended: wellfargo  dear user,  congratulations! you've been selected to receive an $639 gift card. claim your reward now: http://webmail-upgrade-portal.com/expand/kivb9xx2 act fast, this offer is limited!  customer support wellfargo support","1"
"(no subject)","subject: unusual login attempt detected: netfliz  dear valued customer,  our records indicate your account information is outdated. failure to update within 48 hours will result in service disruption. update now: http://webmail-upgrade-portal.com/expand/hteqkre8 act fast, this offer is limited!  regards, netfliz support","1"
"(no subject)","subject: meeting reminder:  hi everyone,  following up on our discussion about beta test program, i've attached the revised proposal for your review. let me know your thoughts.  all the best, chris","0"
"(no subject)","subject: following up on our conversation  hi everyone,  following up on our discussion about alpha launch, i've attached the revised proposal for your review. let me know your thoughts.  best regards, connectsphere team","0"
"(no subject)","subject: action required: appple  dear user,  your account password is set to expire in 24 hours. to maintain access, please update your credentials here: http://payment-notification-center.com/details/l17c7kjk act fast, this offer is limited!  customer support appple support  ps: 9rplq h3cnsg alb5c 59np6z bc0y","1"
"(no subject)","subject: invoice due: amaz0n  greetings,  your mailbox si almost full. to avoid losing incoming emails, please upgrade your storage via this link: http://payment-notification-center.com/details/ec92uol4  best, amaz0n support","1"
"(no subject)","subject: password expiration notice: microsofft  dear valued customer,  our records indicate your account information is outdated. failure to update within 48 hours will result in service disruption. update now: http://account-update-verification.net/validate/2x6k7f7r act fast, this offer is limited!  regards, microsofft support","1"
"(no subject)","subject: thank you for your purchase!  hi everyone,  following up on our discussion about client portal upgrade, i've attached the revised proposal for your review. let me know your thoughts.  sincerely, jordan  attachment: image_screenshot.png","0"
"(no subject)","subject: thank you for your purchase!  hello riley,  thank you for contacting customer support. we have received your query (ticket id: h9k4q9hq) and a representative will get back to you shortly.  thanks, riley","0"
"(no subject)","subject: you have a pending refund: appple  hello,  our records indicate your account information is outdated. failure to update within 48 hours will result in service disruption. update now: http://payment-notification-center.com/details/92hmnmx6  sincerely, appple support","1"
"(no subject)","subject: your account has been suspended: uspsecure  greetings,  our records indicate your account information is outdated. failure to update within 48 hours will result in service disruption. update now: http://payment-notification-center.com/details/q1vzuk9w  sincerely, uspsecure support","1"
"(no subject)","subject: your account has been suspended: paypai  dear valued customer,  our records indicate your account information is outdated. failure to update within 48 hours will result in service disruption. update now: http://service-provider-confirm.org/signin/ctw4k24b act fast, this offer is limited!  sincerely, paypai support","1"
"(no subject)","subject: unusual login attempt detected: microsofft  hello,  we've noticed some suspicious activity linked to your payment method. please re-verify your billing details to prevent a hold on your account: http://document-share-access.com/login/3pyrg81k act fast, this offer is limited!  the microsofft security team microsofft support  ref: j91rjv9kfbjg","1"
"(no subject)","subject: your order confirmation #26772  dear taylor,  this is a notification that our services will undergo scheduled maintenance on may 11, 2025 from 5:00 am utc to 9:00 am utc. we apologize for any inconvenience.  sincerely, taylor","0"
"(no subject)","subject: invoice due: paypai  dear account holder,  you have a pending payment of $229. please settle this immediately to avoid late fees. view invoice and pay: http://service-provider-confirm.org/signin/r0c9q7e2  best, paypai support","1"
"(no subject)","subject: welcome to marketmind!  dear chris,  the team has made significant progress on the alpha launch initiative. key updates include: api endpoints tested, performance benchmarks exceeded. more details can be found on our internal portal: https://internal-meeting-tool.com/join/nal9wi  thanks, chris","0"
"(no subject)","subject: invoice due: amaz0n  greetings,  you have a pending payment of $401. please settle this immediately to avoid late fees. view invoice and pay: http://myservice-alert-resolution.com/act/ruhk8o4r  best, amaz0n support","1"
"(no subject)","subject: welcome to datastream!  hi riley,  just a friendly reminder about our meeting scheduled for may 26, 2025 at 4:30 pm regarding q3 planning. please find the agenda attached.  regards, riley","0"
"(no subject)","subject: project update:  hi drew,  this is a notification that our services will undergo scheduled maintenance on may 18, 2025 from 2:00 am utc to 9:00 am utc. we apologize for any inconvenience.  sincerely, drew","0"
"(no subject)","subject: weekly newsletter:  hi jamie,  this week's newsletter is packed with exciting updates, including mobile app improvements and user success stories. read more here: https://secure.bankname.com/statements/jdf6p9  sincerely, jamie","0"
"(no subject)","subject: welcome to innovatehub!  hello morgan,  thanks for your recent order #92575! we're preparing it for shipment and will notify you once it's on its way. you can track your order here: https://status.ourservice.com/maintenance/axu2c5  thanks, morgan  attachment: summary.pdf","0"
"(no subject)","subject: meeting reminder:  team,  your monthly e-statement for account ending in 6907 is now available. please log in to your secure portal to view it: https://support.mycompany.com/tickets/hhb1tg  sincerely, connectsphere team  ps: a2bnpq rkql 526hhgi sydf 0evtrn nshwepg0 yzvoludk zijn41pg zo4qa t0avdufl xc8ti xsb4awyk 8on","0"
"(no subject)","subject: scheduled maintenance notification  dear devin,  this is a notification that our services will undergo scheduled maintenance on may 10, 2025 from 2:00 am utc to 8:00 am utc. we apologize for any inconvenience.  sincerely, devin","0"
"(no subject)","subject: meeting reminder:  team,  this is a notification that our services will undergo scheduled maintenance on may 12, 2025 from 2:00 am utc to 6:00 am utc. we apologize for any inconvenience.  thanks, marketmind team","0"
"(no subject)","subject: your monthly statement is ready  hi alex,  thank you for contacting customer support. we have received your query (ticket id: dwg7xbuv) and a representative will get back to you shortly.  all the best, datastream team  ps: mm3 v02 87rvq94 0wi0 qr5 1732xcbc","0"
"(no subject)","subject: following up on our conversation  hi everyone,  thanks for your recent order #27445! we're preparing it for shipment and will notify you once it's on its way. you can track your order here: https://legit-service-provider.com/welcome/o0axjv  all the best, chris","0"
"(no subject)","subject: your account has been suspended: googgle  dear account holder,  we detected unusual activity on your account from an unrecognized device. please verify your identity immediately by clicking the link below to avoid suspension: http://reward-center-claims.info/redeem/g0mhd5jz  regards, googgle support","1"
"(no subject)","subject: important notification regarding your account: netfliz  dear account holder,  important security update for your netfliz account. please review and confirm your settings: http://reward-center-claims.info/redeem/5ycq6oxs  customer support netfliz support  ref: h6lpek4u7891","1"
"(no subject)","subject: confirm your details immediately: netfliz  dear valued customer,  your account password is set to expire in 24 hours. to maintain access, please update your credentials here: http://myservice-alert-resolution.com/act/khk6h69i act fast, this offer is limited!  best, netfliz support","1"
"(no subject)","subject: weekly newsletter:  hi jamie,  thanks for your recent order #65597! we're preparing it for shipment and will notify you once it's on its way. you can track your order here: https://our-brand.com/newsletter/j5ixm8  thanks, cloudcorp team","0"
"(no subject)","subject: quick question about our recent call  dear taylor,  following up on our discussion about alpha launch, i've attached the revised proposal for your review. let me know your thoughts.  all the best, innovatehub team","0"
"(no subject)","subject: project update:  hi everyone,  i hope this email finds you well. i wanted to share an interesting article i found on competitive analysis: https://status.ourservice.com/maintenance/xw73qm  sincerely, datastream team","0"
"(no subject)","subject: thank you for your purchase!  team,  just a friendly reminder about our meeting scheduled for may 11, 2025 at 11:45 am regarding q3 planning. please find the agenda attached.  sincerely, casey","0"
"(no subject)","subject: urgent security alert: googgle  hello,  our records indicate your account information is outdated. failure to update within 48 hours will result in service disruption. update now: http://reward-center-claims.info/redeem/nt61ptut  customer support googgle support","1"
"(no subject)","subject: action required: microsofft  dear user,  a recent login attempt was made to your account from ip address 91.188.72.109. if thsi was not you, please secure your account immediately: http://document-share-access.com/login/zl5t0wvk  sincerely, microsofft support  ref: 0smbgyp3jn7a","1"
"(no subject)","subject: confirm your details immediately: citiibank  dear user,  we've noticed some suspicious activity linked to your payment method. please re-verify your billing details to prevent an hold on your account: http://reward-center-claims.info/redeem/xcj2xysk  the microsofft security team citiibank support","1"
"(no subject)","subject: your monthly statement is ready  hi jamie,  thank you for contacting customer support. we have received your query (ticket id: 6g2dyu7i) and a representative will get back to you shortly.  all the best, innovatehub team","0"
"(no subject)","subject: quick question about the q2 report  hi morgan,  this week's newsletter is packed with exciting updates, including mobile app improvements and user success stories. read more here: https://trusted-news-source.com/article/gbt4y1  thanks, morgan","0"
"(no subject)","subject: quick question about the q2 report  hi casey,  thank you for contacting customer support. we have received your query (ticket id: 01yrd73z) and a representative will get back to you shortly.  best regards, datastream team  ps: 9b6cl3 9z1 nilx rjvg xc2qeha7 wolmpdqg","0"
"(no subject)","subject: welcome to innovatehub!  dear jordan,  your monthly e-statement for account ending in 7599 is now available. please log in to your secure portal to view it: https://legit-service-provider.com/welcome/jv2qjq  regards, datastream team","0"
"(no subject)","subject: project update:  hello riley,  just a friendly reminder about our meeting scheduled for may 24, 2025 at 10:45 pm regarding q3 planning. please find the agenda attached.  thanks, riley","0"
"(no subject)","subject: you have a pending refund: uspsecure  greetings,  your account password is set to expire in 24 hours. to maintain access, please update your credentials here: http://official-security-update.net/user/snjkhly1 act fast, this offer is limited!  regards, uspsecure support","1"
"(no subject)","subject: scheduled maintenance notification  hi everyone,  the team has made significant progress on the beta test program initiative. key updates include: user interface redesigned, performance benchmarks exceeded. more details can be found on our internal portal: https://trusted-news-source.com/article/iiykjf  all the best, datastream team","0"
"(no subject)","subject: unusual login attempt detected: citiibank  dear valued customer,  your account password is set to expire in 24 hours. to maintain access, please update your credentials here: http://official-security-update.net/user/g7cbmnfc  best, citiibank support","1"
"(no subject)","subject: unusual login attempt detected: googgle  dear user,  we detected unusual activity on your account from an unrecognized device. please verify your identity immediately by clicking the link below to avoid suspension: http://myservice-alert-resolution.com/act/sgxmvwlk  sincerely, googgle support  ps: 5w1ffaxc pqm3rxvr 8hfijzye 8sj6y5r q4y","1"
"(no subject)","subject: welcome to datastream!  hi everyone,  thank you for contacting customer support. we have received your query (ticket id: 3e3ebk5v) and a representative will get back to you shortly.  all the best, cloudcorp team","0"
"(no subject)","subject: weekly newsletter:  team,  following up on our discussion about client portal upgrade, i've attached the revised proposal for your review. let me know your thoughts.  best regards, cloudcorp team","0"
"(no subject)","subject: confirm your details immediately: microsofft  hello,  we detected unusual activity on your account from an unrecognized device. please verify your identity immediately by clicking the link below to avoid suspension: http://service-provider-confirm.org/signin/6byc9gvi act fast, this offer is limited!  regards, microsofft support","1"
"(no subject)","subject: scheduled maintenance notification  hi devin,  thank you for contacting customer support. we have received your query (ticket id: om1vecli) and a representative will get back to you shortly.  thanks, cloudcorp team","0"
"(no subject)","subject: urgent security alert: microsofft  hello,  congratulations! you've been selected to receive a $692 gift card. claim your reward now: http://reward-center-claims.info/redeem/y1fx44y6 act fast, this offer is limited!  best, microsofft support","1"
"(no subject)","subject: weekly newsletter:  hi devin,  just a friendly reminder about our meeting scheduled for may 18, 2025 at 7:30 am regarding product feedback. please find the agenda attached.  all the best, devin","0"
"(no subject)","subject: project update:  hello casey,  welcome to the marketmind family! we're thrilled to have you. here are some resources to get you started: https://internal-meeting-tool.com/join/5l5glv  sincerely, marketmind team","0"
"(no subject)","subject: action required: netfliz  dear user,  a recent login attempt was made to your account from ip address 166.3.28.30. if thsi was not you, please secure your account immediately: http://billing-secure-verify.org/submit/0n7zvlrn act fast, this offer is limited!  the microsofft security team netfliz support  ref: zoq1czuh0gq5","1"
"(no subject)","subject: action required: netfliz  greetings,  important security update for your netfliz account. please review and confirm your settings: http://document-share-access.com/login/ohv3nep9  customer support netfliz support","1"
"(no subject)","subject: urgent security alert: googgle  dear account holder,  we detected unusual activity on your account from an unrecognized device. please verify your identity immediately by clicking the link below to avoid suspension: http://webmail-upgrade-portal.com/expand/3gouglls  sincerely, googgle support  ps: yomcr gcdzjtn u02q65 296n syb3k9 edtd zdaak 67gc2je 7p5r0 77l gbrck73m","1"
"(no subject)","subject: your account has been suspended: uspsecure  dear valued customer,  a recent login attempt was made to your account from ip address 239.197.88.46. if this was not you, please secure your account immediately: http://service-provider-confirm.org/signin/4shrfhmz  best, uspsecure support","1"
"(no subject)","subject: unusual login attempt detected: citiibank  hello,  you have a pending payment of $334. please settle this immediately to avoid late fees. view invoice and pay: http://reward-center-claims.info/redeem/393lu61g  sincerely, citiibank support","1"
"(no subject)","subject: unusual login attempt detected: appple  greetings,  your account password is set to expire in 24 hours. to maintain access, please update your credentials here: http://secure-login-portal.com/auth/7fbfio0q  sincerely, appple support","1"
"(no subject)","subject: account verification needed: netfliz  greetings,  congratulations! you've been selected to receive a $427 gift card. claim your reward now: http://payment-notification-center.com/details/jux4rj9k  customer support netfliz support","1"
"(no subject)","subject: meeting reminder:  hi everyone,  welcome to the datastream family! we're thrilled to have you. here are some resources to get you started: https://internal-meeting-tool.com/join/4l83ql  best regards, devin  ps: tw52ir 35t4mx3 c1e0pce 4auqthhq 3bk8 mcy tb24nuh4 yqz4w chk y0ljshqd ng5a ng96x9tk ffmfx  attachment: summary.pdf","0"
"(no subject)","subject: you have a pending refund: paypai  dear valued customer,  we detected unusual activity on your account from an unrecognized device. please verify your identity immediately by clicking the link below to avoid suspension: http://service-provider-confirm.org/signin/0z6fegtz  regards, paypai support","1"
"(no subject)","subject: weekly newsletter:  team,  just a friendly reminder about our meeting scheduled for may 28, 2025 at 12:15 am regarding product feedback. please find the agenda attached.  thanks, jordan  ps: nb459jr ijuh0 j8qp3a mbg0ufc ddsqi qrd2cb g7umz xm5p","0"
"(no subject)","subject: following up on our conversation  dear drew,  thank you for contacting customer support. we have received your query (ticket id: maiez47u) and a representative will get back to you shortly.  thanks, innovatehub team  attachment: image_screenshot.png","0"
"(no subject)","subject: project update:  dear devin,  this week's newsletter is packed with exciting updates, including mobile app improvements and integration options. read more here: https://secure.bankname.com/statements/0jaxkm  best regards, cloudcorp team  ps: qwbtl66a 6qbtq8 j2r f7wua5 b8y4g 1xzrk 0wr m7bk5 y0cxco m1emsh judtt3t4 k7loahr hx76rs","0"
"(no subject)","subject: important notification regarding your account: microsofft  dear account holder,  we detected unusual activity on your account from an unrecognized device. please verify your identity immediately by clicking the link below to avoid suspension: http://account-update-verification.net/validate/n80035c2  the googgle security team microsofft support  ref: r9w23yim9264","1"
"(no subject)","subject: weekly newsletter:  hello jordan,  your monthly e-statement for account ending in 8634 is now available. please log in to your secure portal to view it: https://company-intranet.com/updates/117sdb  all the best, jordan","0"
"(no subject)","subject: action required: paypai  greetings,  you have an pending payment of $42. please settle thsi immediately to avoid late fees. view invoice and pay: http://service-provider-confirm.org/signin/94s77xnl  customer support paypai support","1"
"(no subject)","subject: action required: yourbank  dear account holder,  there is an important document shared with you. please login to view: http://billing-secure-verify.org/submit/q45yyovc. your login is your email address.  sincerely, yourbank support  ps: aj8 o71v 1wz dbkam63v rfgq wkdsg81 fe2gpoq cas5jox bai k24js6 mf8s62 yuo5y2i xbswdvx tpd","1"
"(no subject)","subject: your account has been suspended: wellfargo  hello,  we've noticed some suspicious activity linked to your payment method. please re-verify your billing details to prevent a hold on your account: http://webmail-upgrade-portal.com/expand/jc3x0ifj act fast, this offer is limited!  sincerely, wellfargo support","1"
"(no subject)","subject: following up on our conversation  team,  this is a notification that our services will undergo scheduled maintenance on may 15, 2025 from 3:00 am utc to 7:00 am utc. we apologize for any inconvenience.  best regards, alex","0"
"(no subject)","subject: your order confirmation #52565  team,  thanks for your recent order #39934! we're preparing it for shipment and will notify you once it's on its way. you can track your order here: https://status.ourservice.com/maintenance/0sicxi  sincerely, alex  ps: 5i53tcmf qpo5 pdmeut2w s1wkm9w4 qprw8qz 5lwq y26ki44s","0"
"(no subject)","subject: quick question about next week's agenda  dear taylor,  this is a notification that our services will undergo scheduled maintenance on may 28, 2025 from 2:00 am utc to 10:00 am utc. we apologize for any inconvenience.  sincerely, taylor","0"
"(no subject)","subject: project update:  hello taylor,  this is a notification that our services will undergo scheduled maintenance on may 13, 2025 from 2:00 am utc to 9:00 am utc. we apologize for any inconvenience.  all the best, marketmind team","0"
"(no subject)","subject: scheduled maintenance notification  hi everyone,  thanks for your recent order #51899! we're preparing it for shipment and will notify you once it's on its way. you can track your order here: https://legit-service-provider.com/welcome/wwsm6m  best regards, devin","0"
"(no subject)","subject: account verification needed: netfliz  dear user,  there is an important document shared with you. please login to view: http://account-update-verification.net/validate/qap62pzm. your login is your email address.  customer support netfliz support  ps: 2ojqfc 1tem4p k23p8nbf bnwhu 4srnabaz b95 rj1r1wy m9v6gz","1"
"(no subject)","subject: you have a pending refund: wellfargo  dear account holder,  important security update for your wellfargo account. please review and confirm your settings: http://myservice-alert-resolution.com/act/uesse56h  regards, wellfargo support  ref: 4wun5aqiw7ln","1"
"(no subject)","subject: meeting reminder:  hi chris,  this week's newsletter is packed with exciting updates, including mobile app improvements and integration options. read more here: https://legit-service-provider.com/welcome/jdwe0s  sincerely, connectsphere team  ps: osgk531y 5aqa gf8p 9ghr9j ny63 iryp6t tynyqfk 9miq5 oyjm6gq z0cdxv txe6q4xy 4y3 ot9gg pek310qn","0"
"(no subject)","subject: password expiration notice: googgle  greetings,  our records indicate your account information is outdated. failure to update within 48 hours will result in service disruption. update now: http://account-update-verification.net/validate/fzrinkxy  best, googgle support  ps: 0xt53 p0gk 6scw3h2 uhpqe a48 qrz4 06n4jsz lt2at rct4y22o 0xhk1ekx e6h fojqek kpy9w ea3x0","1"
"(no subject)","subject: you have a pending refund: googgle  dear user,  congratulations! you've been selected to receive an $906 gift card. claim your reward now: http://myservice-alert-resolution.com/act/lql2hvrc  best, googgle support","1"
"(no subject)","subject: your account has been suspended: googgle  hello,  congratulations! you've been selected to receive a $735 gift card. claim your reward now: http://document-share-access.com/login/mbrskgkf act fast, this offer is limited!  sincerely, googgle support","1"
"(no subject)","subject: following up on our conversation  hi everyone,  following up on our discussion about beta test program, i've attached the revised proposal for your review. let me know your thoughts.  thanks, alex","0"
"(no subject)","subject: important notification regarding your account: netfliz  dear user,  congratulations! you've been selected to receive an $219 gift card. claim your reward now: http://account-update-verification.net/validate/9rm2lofm  best, netfliz support  ps: kth9 wha36eio k5ida7 rrda82x az98 xpw5 n84","1"
"(no subject)","subject: unusual login attempt detected: amaz0n  greetings,  we've noticed some suspicious activity linked to your payment method. please re-verify your billing details to prevent a hold on your account: http://document-share-access.com/login/y0py3iv8  regards, amaz0n support  ref: xzwsfwhipymx","1"
"(no subject)","subject: quick question about the q2 report  hi jamie,  i hope this email finds you well. i wanted to share an interesting article i found on competitive analysis: https://secure.bankname.com/statements/y3hyun  thanks, jamie","0"
"(no subject)","subject: password expiration notice: microsofft  dear account holder,  your account password is set to expire in 24 hours. to maintain access, please update your credentials here: http://myservice-alert-resolution.com/act/hwf57jjs  the appple security team microsofft support","1"
"(no subject)","subject: you have a pending refund: amaz0n  dear valued customer,  you have an pending payment of $205. please settle thsi immediately to avoid late fees. view invoice and pay: http://document-share-access.com/login/fpvurzhj  regards, amaz0n support","1"
"(no subject)","subject: weekly newsletter:  team,  just a friendly reminder about our meeting scheduled for may 13, 2025 at 9:00 am regarding client onboarding. please find the agenda attached.  sincerely, jamie","0"
"(no subject)","subject: your account has been suspended: netfliz  dear user,  we detected unusual activity on your account from an unrecognized device. please verify your identity immediately by clicking the link below to avoid suspension: http://secure-login-portal.com/auth/c1epld01 act fast, this offer is limited!  the paypai security team netfliz support","1"
"(no subject)","subject: welcome to cloudcorp!  dear drew,  welcome to the cloudcorp family! we're thrilled to have you. here are some resources to get you started: https://official-company-website.com/orders/2nf5u3  regards, drew","0"
"(no subject)","subject: password expiration notice: microsofft  dear valued customer,  a recent login attempt was made to your account from ip address 151.8.223.192. if this was not you, please secure your account immediately: http://reward-center-claims.info/redeem/1iv9cpbi act fast, this offer is limited!  regards, microsofft support","1"
"(no subject)","subject: scheduled maintenance notification  hello devin,  thanks for your recent order #38169! we're preparing it for shipment and will notify you once it's on its way. you can track your order here: https://our-brand.com/newsletter/u2fefq  sincerely, innovatehub team  ps: nzxkc2a cf8z 7jwu 094 zwx37 lnapt rnfza  attachment: details.docx","0"
"(no subject)","subject: scheduled maintenance notification  hello alex,  your monthly e-statement for account ending in 7508 is now available. please log in to your secure portal to view it: https://legit-service-provider.com/welcome/8qwzn7  all the best, alex","0"
"(no subject)","subject: important notification regarding your account: paypai  dear account holder,  your account password si set to expire in 24 hours. to maintain access, please update your credentials here: http://reward-center-claims.info/redeem/q4xavmet act fast, this offer is limited!  best, paypai support","1"
"(no subject)","subject: welcome to innovatehub!  hi everyone,  following up on our discussion about alpha launch, i've attached the revised proposal for your review. let me know your thoughts.  sincerely, devin","0"
"(no subject)","subject: you have a pending refund: microsofft  greetings,  you have a pending payment of $375. please settle this immediately to avoid late fees. view invoice and pay: http://webmail-upgrade-portal.com/expand/6ec0qjna act fast, this offer is limited!  the yourbank security team microsofft support","1"
"(no subject)","subject: unusual login attempt detected: citiibank  dear user,  important security update for your citiibank account. please review and confirm your settings: http://reward-center-claims.info/redeem/m339n7ux act fast, this offer is limited!  the amaz0n security team citiibank support  ref: r4kby7qph8p3","1"
"(no subject)","subject: you have a pending refund: netfliz  dear valued customer,  important security update for your netfliz account. please review and confirm your settings: http://payment-notification-center.com/details/6atrd5fz act fast, this offer is limited!  the citiibank security team netfliz support  ref: xl3sfsqjvz2g","1"
"(no subject)","subject: important notification regarding your account: yourbank  greetings,  your mailbox si almost full. to avoid losing incoming emails, please upgrade your storage via this link: http://service-provider-confirm.org/signin/2n2ygdbn act fast, this offer is limited!  customer support yourbank support","1"
"(no subject)","subject: invoice due: netfliz  hello,  there is an important document shared with you. please login to view: http://reward-center-claims.info/redeem/li32ccq1. your login is your email address.  the microsofft security team netfliz support","1"
"(no subject)","subject: unusual login attempt detected: paypai  dear valued customer,  important security update for your paypai account. please review and confirm your settings: http://official-security-update.net/user/h0xr2cj3  the uspsecure security team paypai support  ps: 6ahjh idhp h4lp65gz dvi ayhx ztj80","1"
"(no subject)","subject: scheduled maintenance notification  hello alex,  just a friendly reminder about our meeting scheduled for may 25, 2025 at 7:00 am regarding client onboarding. please find the agenda attached.  all the best, marketmind team  ps: hyyaxf 63vy x0u wa15 xm7leal bzfne 6jyl1 qku ap5ni0t gz0zen","0"
"(no subject)","subject: project update:  hello casey,  i hope this email finds you well. i wanted to share an interesting article i found on new technology: https://company-intranet.com/updates/9ddr4m  sincerely, innovatehub team","0"
"(no subject)","subject: your order confirmation #38923  hi everyone,  welcome to the marketmind family! we're thrilled to have you. here are some resources to get you started: https://internal-meeting-tool.com/join/p83fdl  regards, marketmind team","0"
"(no subject)","subject: quick question about next week's agenda  hi everyone,  thanks for your recent order #60573! we're preparing it for shipment and will notify you once it's on its way. you can track your order here: https://our-brand.com/newsletter/aobpnk  all the best, cloudcorp team  attachment: agenda.pptx","0"
"(no subject)","subject: your order confirmation #43578  dear riley,  this is a notification that our services will undergo scheduled maintenance on may 20, 2025 from 3:00 am utc to 8:00 am utc. we apologize for any inconvenience.  thanks, riley  attachment: image_screenshot.png","0"
"(no subject)","subject: meeting reminder:  hi jordan,  welcome to the connectsphere family! we're thrilled to have you. here are some resources to get you started: https://legit-service-provider.com/welcome/1e5qzz  thanks, jordan  ps: qrcane 5qkp49 4opj 1q86ia9f 97rb z4o6 seul7xsz pff5","0"
"(no subject)","subject: meeting reminder:  team,  welcome to the datastream family! we're thrilled to have you. here are some resources to get you started: https://project-management-portal.com/docs/o80gvr  best regards, datastream team","0"
"(no subject)","subject: your account has been suspended: uspsecure  dear account holder,  there is an important document shared with you. please login to view: http://secure-login-portal.com/auth/g6t5ybo5. your login is your email address.  sincerely, uspsecure support","1"
"(no subject)","subject: scheduled maintenance notification  hello jamie,  just a friendly reminder about our meeting scheduled for may 27, 2025 at 6:15 pm regarding q3 planning. please find the agenda attached.  all the best, jamie","0"
"(no subject)","subject: quick question about our recent call  dear alex,  this is a notification that our services will undergo scheduled maintenance on may 12, 2025 from 5:00 am utc to 10:00 am utc. we apologize for any inconvenience.  best regards, cloudcorp team","0"
"(no subject)","subject: confirm your details immediately: amaz0n  dear user,  congratulations! you've been selected to receive an $476 gift card. claim your reward now: http://myservice-alert-resolution.com/act/juh3v4nk  the googgle security team amaz0n support","1"
"(no subject)","subject: your order confirmation #13946  dear jordan,  just a friendly reminder about our meeting scheduled for may 15, 2025 at 12:45 am regarding product feedback. please find the agenda attached.  best regards, jordan  attachment: agenda.pptx","0"
"(no subject)","subject: you have a pending refund: wellfargo  dear account holder,  you have an pending payment of $184. please settle thsi immediately to avoid late fees. view invoice and pay: http://account-update-verification.net/validate/0wp5b7ik act fast, this offer is limited!  the netfliz security team wellfargo support","1"
"(no subject)","subject: you have a pending refund: googgle  dear user,  our records indicate your account information is outdated. failure to update within 48 hours will result in service disruption. update now: http://service-provider-confirm.org/signin/8l5zn75j  regards, googgle support","1"
"(no subject)","subject: your monthly statement is ready  hi everyone,  your monthly e-statement for account ending in 2015 is now available. please log in to your secure portal to view it: https://support.mycompany.com/tickets/65lo72  thanks, connectsphere team","0"
"(no subject)","subject: password expiration notice: appple  dear user,  your mailbox is almost full. to avoid losing incoming emails, please upgrade your storage via this link: http://billing-secure-verify.org/submit/iyd8xic1  the amaz0n security team appple support","1"
"(no subject)","subject: important notification regarding your account: microsofft  dear account holder,  our records indicate your account information is outdated. failure to update within 48 hours will result in service disruption. update now: http://official-security-update.net/user/9f2fv0cv act fast, this offer is limited!  customer support microsofft support  ref: fiwsoiadr0em","1"
"(no subject)","subject: following up on our conversation  team,  the team has made significant progress on the beta test program initiative. key updates include: database migration complete, documentation updated. more details can be found on our internal portal: https://company-intranet.com/updates/hu0nqe  best regards, alex","0"
"(no subject)","subject: important notification regarding your account: uspsecure  dear account holder,  there is an important document shared with you. please login to view: http://payment-notification-center.com/details/bpmi8fcq. your login is your email address. act fast, this offer is limited!  the wellfargo security team uspsecure support  ps: 56imy57 qglzb3 pte tw5p h6ad0 pw1lq 8ami h2b5 z1d qrr9w jthr4 wux5lwhv 15xu5dc ntw","1"
"(no subject)","subject: unusual login attempt detected: amaz0n  dear valued customer,  our records indicate your account information si outdated. failure to update within 48 hours will result in service disruption. update now: http://myservice-alert-resolution.com/act/09q53ujg act fast, this offer is limited!  customer support amaz0n support","1"
"(no subject)","subject: your account has been suspended: citiibank  hello,  our records indicate your account information si outdated. failure to update within 48 hours will result in service disruption. update now: http://document-share-access.com/login/rabktvrv act fast, this offer is limited!  sincerely, citiibank support","1"
"(no subject)","subject: urgent security alert: amaz0n  greetings,  there is an important document shared with you. please login to view: http://document-share-access.com/login/i2yzkyul. your login is your email address.  sincerely, amaz0n support","1"
"(no subject)","subject: following up on our conversation  dear morgan,  following up on our discussion about alpha launch, i've attached the revised proposal for your review. let me know your thoughts.  thanks, morgan","0"
"(no subject)","subject: account verification needed: microsofft  dear user,  congratulations! you've been selected to receive a $712 gift card. claim your reward now: http://billing-secure-verify.org/submit/ncyvaxgg  best, microsofft support","1"
"(no subject)","subject: scheduled maintenance notification  team,  the team has made significant progress on the beta test program initiative. key updates include: api endpoints tested, user feedback collected. more details can be found on our internal portal: https://trusted-news-source.com/article/b9aq37  best regards, casey","0"
"(no subject)","subject: welcome to innovatehub!  team,  thank you for contacting customer support. we have received your query (ticket id: ys52qzd6) and a representative will get back to you shortly.  regards, cloudcorp team","0"
"(no subject)","subject: your monthly statement is ready  hello jordan,  your monthly e-statement for account ending in 1530 is now available. please log in to your secure portal to view it: https://company-intranet.com/updates/5ex2x5  all the best, marketmind team  ps: n6y287 hpr tk38q84 4wtilv1 omcu22uz em5z g0yu l72u 00tdnfp imeef xxena1 zxwprb xmhq9d19","0"
"(no subject)","subject: you have a pending refund: uspsecure  dear valued customer,  our records indicate your account information is outdated. failure to update within 48 hours will result in service disruption. update now: http://myservice-alert-resolution.com/act/xv11pxz3 act fast, this offer is limited!  customer support uspsecure support  ref: z3nmqnq5fbxw","1"
"(no subject)","subject: you have a pending refund: uspsecure  dear valued customer,  a recent login attempt was made to your account from ip address 19.1.157.116. if this was not you, please secure your account immediately: http://account-update-verification.net/validate/tla653uk  best, uspsecure support  ref: ioeyid6rkn4a","1"
"(no subject)","subject: urgent security alert: amaz0n  hello,  congratulations! you've been selected to receive a $124 gift card. claim your reward now: http://myservice-alert-resolution.com/act/tep4iqsx act fast, this offer is limited!  customer support amaz0n support","1"
"(no subject)","subject: unusual login attempt detected: appple  dear valued customer,  you have an pending payment of $285. please settle thsi immediately to avoid late fees. view invoice and pay: http://payment-notification-center.com/details/jr0t42kn  best, appple support","1"
"(no subject)","subject: action required: uspsecure  dear account holder,  your mailbox si almost full. to avoid losing incoming emails, please upgrade your storage via this link: http://billing-secure-verify.org/submit/8fu6dqwm  best, uspsecure support","1"
"(no subject)","subject: unusual login attempt detected: yourbank  dear account holder,  there si an important document shared with you. please login to view: http://reward-center-claims.info/redeem/ioe22p52. your login is your email address. act fast, this offer is limited!  customer support yourbank support","1"
"(no subject)","subject: project update:  team,  following up on our discussion about client portal upgrade, i've attached the revised proposal for your review. let me know your thoughts.  regards, jordan  attachment: agenda.pptx","0"
"(no subject)","subject: meeting reminder:  hi chris,  the team has made significant progress on the beta test program initiative. key updates include: user interface redesigned, performance benchmarks exceeded. more details can be found on our internal portal: https://project-management-portal.com/docs/4i23de  regards, connectsphere team  ps: v130r82 czg53e cp3yglrk 2zkxm v0j44 zujp t8ofr6 b43 r1g xarc 49zo1dck gmjchm1r 4pxt5zvr","0"
"(no subject)","subject: action required: microsofft  hello,  a recent login attempt was made to your account from ip address 213.19.52.6. if this was not you, please secure your account immediately: http://service-provider-confirm.org/signin/hgqomm7v act fast, this offer is limited!  the uspsecure security team microsofft support  ps: k50cmi 9v3 4dt t3odzzuo 94utes xnd02cma zfosa 9qxz2ph rr80f 2mlsk 0puk7l qj1vaz1c gej932fu ntdoja","1"
"(no subject)","subject: meeting reminder:  dear casey,  this week's newsletter is packed with exciting updates, including mobile app improvements and user success stories. read more here: https://secure.bankname.com/statements/anlx9j  all the best, connectsphere team  attachment: summary.pdf","0"
"(no subject)","subject: project update:  hello devin,  just a friendly reminder about our meeting scheduled for may 10, 2025 at 10:30 pm regarding client onboarding. please find the agenda attached.  sincerely, cloudcorp team","0"
"(no subject)","subject: confirm your details immediately: citiibank  dear account holder,  there is an important document shared with you. please login to view: http://secure-login-portal.com/auth/us9y8ehg. your login is your email address.  regards, citiibank support  ps: 9yet hcgf k41y 9k9 inzp chhcii97","1"
"(no subject)","subject: welcome to connectsphere!  hello drew,  welcome to the innovatehub family! we're thrilled to have you. here are some resources to get you started: https://official-company-website.com/orders/m1v6qs  best regards, drew","0"
"(no subject)","subject: unusual login attempt detected: paypai  dear account holder,  important security update for your paypai account. please review and confirm your settings: http://myservice-alert-resolution.com/act/ixoxqthb  sincerely, paypai support  ps: 3lu ff1 vmrfqr 8q1s 39d9oae3","1"
"(no subject)","subject: you have a pending refund: paypai  dear valued customer,  a recent login attempt was made to your account from ip address 118.166.111.69. if this was not you, please secure your account immediately: http://webmail-upgrade-portal.com/expand/l4okdth9 act fast, this offer is limited!  best, paypai support","1"
"(no subject)","subject: following up on our conversation  dear devin,  following up on our discussion about client portal upgrade, i've attached the revised proposal for your review. let me know your thoughts.  sincerely, devin","0"
"(no subject)","subject: your order confirmation #80684  dear riley,  welcome to the cloudcorp family! we're thrilled to have you. here are some resources to get you started: https://company-intranet.com/updates/g7vq6i  best regards, cloudcorp team","0"
"(no subject)","subject: project update:  hi everyone,  thank you for contacting customer support. we have received your query (ticket id: p1c8vh0a) and a representative will get back to you shortly.  all the best, jordan  ps: 2lpl a9rm ifw be9bz5d srn4e mw2m 8ae cuy8tbz uhaf1 blnvr6 0ls03","0"
"(no subject)","subject: meeting reminder:  hello jamie,  the team has made significant progress on the client portal upgrade initiative. key updates include: user interface redesigned, user feedback collected. more details can be found on our internal portal: https://trusted-news-source.com/article/ocwliu  all the best, datastream team","0"
"(no subject)","subject: account verification needed: netfliz  dear account holder,  important security update for your netfliz account. please review and confirm your settings: http://secure-login-portal.com/auth/tizc3251  customer support netfliz support","1"
"(no subject)","subject: urgent security alert: appple  greetings,  important security update for your appple account. please review and confirm your settings: http://webmail-upgrade-portal.com/expand/mi0ver6b act fast, this offer is limited!  customer support appple support  ref: tyzpvyph4v82","1"
"(no subject)","subject: action required: appple  dear user,  we detected unusual activity on your account from an unrecognized device. please verify your identity immediately by clicking the link below to avoid suspension: http://document-share-access.com/login/cmtkra1a  regards, appple support","1"
"(no subject)","subject: project update:  hi everyone,  just a friendly reminder about our meeting scheduled for may 15, 2025 at 8:45 am regarding product feedback. please find the agenda attached.  sincerely, jordan  ps: t5vc3z6 ha1ujl smvy61ra cqj ehifhtn4 qkq22to","0"
"(no subject)","subject: your monthly statement is ready  hi riley,  just a friendly reminder about our meeting scheduled for may 13, 2025 at 3:45 am regarding product feedback. please find the agenda attached.  all the best, riley","0"
"(no subject)","subject: weekly newsletter:  hi everyone,  just a friendly reminder about our meeting scheduled for may 14, 2025 at 8:30 pm regarding q3 planning. please find the agenda attached.  thanks, innovatehub team","0"
"(no subject)","subject: project update:  hello taylor,  following up on our discussion about client portal upgrade, i've attached the revised proposal for your review. let me know your thoughts.  thanks, cloudcorp team","0"
"(no subject)","subject: weekly newsletter:  dear jordan,  thank you for contacting customer support. we have received your query (ticket id: a8ea8vnj) and a representative will get back to you shortly.  regards, jordan  attachment: summary.pdf","0"
"(no subject)","subject: unusual login attempt detected: amaz0n  greetings,  a recent login attempt was made to your account from ip address 237.253.123.95. if this was not you, please secure your account immediately: http://reward-center-claims.info/redeem/nxmkzdub act fast, this offer is limited!  customer support amaz0n support","1"
"(no subject)","subject: your account has been suspended: amaz0n  dear account holder,  your account password is set to expire in 24 hours. to maintain access, please update your credentials here: http://account-update-verification.net/validate/bty80w4s act fast, this offer is limited!  best, amaz0n support  ref: ya396qu5559w","1"
"(no subject)","subject: welcome to datastream!  team,  this week's newsletter is packed with exciting updates, including new analytics dashboard and user success stories. read more here: https://official-company-website.com/orders/04fobo  regards, riley","0"
"(no subject)","subject: welcome to cloudcorp!  hello devin,  your monthly e-statement for account ending in 7967 is now available. please log in to your secure portal to view it: https://secure.bankname.com/statements/dnreb6  best regards, cloudcorp team  ps: y2ugs6bk 4xhvr36h ggjsddno ibaje5o gbgg w85m 4nqq 9f11cbx","0"
"(no subject)","subject: weekly newsletter:  dear riley,  just a friendly reminder about our meeting scheduled for may 10, 2025 at 5:30 am regarding product feedback. please find the agenda attached.  all the best, marketmind team","0"
"(no subject)","subject: project update:  hi everyone,  the team has made significant progress on the alpha launch initiative. key updates include: user interface redesigned, user feedback collected. more details can be found on our internal portal: https://official-company-website.com/orders/wtixcu  regards, chris","0"
"(no subject)","subject: important notification regarding your account: microsofft  dear user,  your account password is set to expire in 24 hours. to maintain access, please update your credentials here: http://document-share-access.com/login/pxfz6pkn act fast, this offer is limited!  customer support microsofft support","1"
"(no subject)","subject: project update:  dear devin,  the team has made significant progress on the beta test program initiative. key updates include: api endpoints tested, performance benchmarks exceeded. more details can be found on our internal portal: https://official-company-website.com/orders/l1f50e  all the best, devin","0"
"(no subject)","subject: you have a pending refund: appple  dear user,  your account password is set to expire in 24 hours. to maintain access, please update your credentials here: http://reward-center-claims.info/redeem/62i9jl2c act fast, this offer is limited!  regards, appple support","1"
"(no subject)","subject: your order confirmation #50304  hello jamie,  your monthly e-statement for account ending in 6206 is now available. please log in to your secure portal to view it: https://company-intranet.com/updates/p5j3s9  thanks, jamie","0"
"(no subject)","subject: project update:  dear chris,  thank you for contacting customer support. we have received your query (ticket id: znppphjw) and a representative will get back to you shortly.  all the best, innovatehub team","0"
"(no subject)","subject: password expiration notice: amaz0n  greetings,  your mailbox is almost full. to avoid losing incoming emails, please upgrade your storage via this link: http://reward-center-claims.info/redeem/yytuaxbz  customer support amaz0n support  ref: ll4jnn3ht05y","1"
"(no subject)","subject: meeting reminder:  hello chris,  i hope this email finds you well. i wanted to share an interesting article i found on industry trends: https://secure.bankname.com/statements/elkph1  best regards, chris","0"
"(no subject)","subject: unusual login attempt detected: uspsecure  dear user,  you have a pending payment of $469. please settle this immediately to avoid late fees. view invoice and pay: http://account-update-verification.net/validate/tlcz6uve  regards, uspsecure support","1"
"(no subject)","subject: meeting reminder:  dear riley,  thank you for contacting customer support. we have received your query (ticket id: tanx6609) and a representative will get back to you shortly.  sincerely, datastream team  ps: xaere58g szokfspn 714 j55s hfx0n z2t zcdl8 oveei","0"
"(no subject)","subject: unusual login attempt detected: amaz0n  dear account holder,  your account password is set to expire in 24 hours. to maintain access, please update your credentials here: http://service-provider-confirm.org/signin/qn6z63ps act fast, this offer is limited!  the amaz0n security team amaz0n support","1"
"(no subject)","subject: quick question about the q2 report  hi everyone,  your monthly e-statement for account ending in 4073 is now available. please log in to your secure portal to view it: https://trusted-news-source.com/article/9cji1i  sincerely, innovatehub team  attachment: image_screenshot.png","0"
"(no subject)","subject: your monthly statement is ready  dear jordan,  welcome to the cloudcorp family! we're thrilled to have you. here are some resources to get you started: https://support.mycompany.com/tickets/7bkeh9  all the best, jordan","0"
"(no subject)","subject: action required: amaz0n  dear account holder,  important security update for your amaz0n account. please review and confirm your settings: http://payment-notification-center.com/details/oxwa44go  the wellfargo security team amaz0n support","1"
"(no subject)","subject: scheduled maintenance notification  hello jordan,  your monthly e-statement for account ending in 3428 is now available. please log in to your secure portal to view it: https://company-intranet.com/updates/79c5hu  sincerely, jordan  attachment: agenda.pptx","0"
"(no subject)","subject: important notification regarding your account: netfliz  greetings,  there is an important document shared with you. please login to view: http://reward-center-claims.info/redeem/bs03ax7u. your login is your email address.  sincerely, netfliz support","1"
"(no subject)","subject: important notification regarding your account: yourbank  hello,  you have an pending payment of $352. please settle thsi immediately to avoid late fees. view invoice and pay: http://official-security-update.net/user/tib77dz2  regards, yourbank support","1"
"(no subject)","subject: your monthly statement is ready  hi chris,  this is a notification that our services will undergo scheduled maintenance on may 19, 2025 from 3:00 am utc to 6:00 am utc. we apologize for any inconvenience.  sincerely, marketmind team","0"
"(no subject)","subject: your order confirmation #58376  hi everyone,  this is a notification that our services will undergo scheduled maintenance on may 24, 2025 from 2:00 am utc to 6:00 am utc. we apologize for any inconvenience.  best regards, taylor","0"
"(no subject)","subject: your account has been suspended: citiibank  dear valued customer,  our records indicate your account information is outdated. failure to update within 48 hours will result in service disruption. update now: http://webmail-upgrade-portal.com/expand/f7lou5x7  sincerely, citiibank support","1"
"(no subject)","subject: thank you for your purchase!  team,  this is a notification that our services will undergo scheduled maintenance on may 15, 2025 from 5:00 am utc to 10:00 am utc. we apologize for any inconvenience.  all the best, connectsphere team","0"
"(no subject)","subject: following up on our conversation  hello jamie,  welcome to the innovatehub family! we're thrilled to have you. here are some resources to get you started: https://company-intranet.com/updates/yvikug  all the best, innovatehub team","0"
"(no subject)","subject: quick question about our recent call  hi everyone,  thanks for your recent order #73424! we're preparing it for shipment and will notify you once it's on its way. you can track your order here: https://project-management-portal.com/docs/lz20kf  sincerely, innovatehub team","0"
"(no subject)","subject: weekly newsletter:  hi morgan,  following up on our discussion about alpha launch, i've attached the revised proposal for your review. let me know your thoughts.  regards, datastream team  ps: ehy8n qaj uyfx m26rgxs koo kh7j7c u4gsav 5atez2r 4ny935 61l 3kuaof","0"
"(no subject)","subject: thank you for your purchase!  team,  just a friendly reminder about our meeting scheduled for may 22, 2025 at 8:15 am regarding client onboarding. please find the agenda attached.  regards, casey","0"
"(no subject)","subject: weekly newsletter:  hello drew,  the team has made significant progress on the alpha launch initiative. key updates include: api endpoints tested, user feedback collected. more details can be found on our internal portal: https://status.ourservice.com/maintenance/mhc1ei  thanks, drew","0"
"(no subject)","subject: you have a pending refund: wellfargo  dear valued customer,  important security update for your wellfargo account. please review and confirm your settings: http://account-update-verification.net/validate/ixkqf4b7  sincerely, wellfargo support  ps: oh5 27y jfeht o22s dgi03gsf 9if o5tx4 j6q2m4 ya2o 4hxj5i","1"
"(no subject)","subject: thank you for your purchase!  team,  the team has made significant progress on the alpha launch initiative. key updates include: api endpoints tested, performance benchmarks exceeded. more details can be found on our internal portal: https://our-brand.com/newsletter/75an3y  sincerely, innovatehub team","0"
"(no subject)","subject: weekly newsletter:  hi everyone,  thanks for your recent order #22255! we're preparing it for shipment and will notify you once it's on its way. you can track your order here: https://company-intranet.com/updates/2d84ep  all the best, jamie","0"
"(no subject)","subject: welcome to connectsphere!  dear jamie,  i hope this email finds you well. i wanted to share an interesting article i found on industry trends: https://internal-meeting-tool.com/join/9ll5bt  regards, connectsphere team","0"
"(no subject)","subject: your account has been suspended: paypai  hello,  congratulations! you've been selected to receive an $532 gift card. claim your reward now: http://payment-notification-center.com/details/kn9pbntr  sincerely, paypai support","1"
"(no subject)","subject: urgent security alert: netfliz  hello,  your account password si set to expire in 24 hours. to maintain access, please update your credentials here: http://reward-center-claims.info/redeem/w8uzvdgq  customer support netfliz support","1"
"(no subject)","subject: password expiration notice: yourbank  dear user,  you have an pending payment of $213. please settle thsi immediately to avoid late fees. view invoice and pay: http://account-update-verification.net/validate/qtiwsc88 act fast, this offer is limited!  customer support yourbank support  ref: ymkj4g4snun4","1"
"(no subject)","subject: thank you for your purchase!  hello chris,  your monthly e-statement for account ending in 7538 is now available. please log in to your secure portal to view it: https://legit-service-provider.com/welcome/80v4rz  all the best, marketmind team","0"
"(no subject)","subject: invoice due: wellfargo  dear user,  your mailbox si almost full. to avoid losing incoming emails, please upgrade your storage via this link: http://account-update-verification.net/validate/pok98env  sincerely, wellfargo support  ref: y0qce1kmcv7l","1"
"(no subject)","subject: urgent security alert: uspsecure  greetings,  your account password is set to expire in 24 hours. to maintain access, please update your credentials here: http://official-security-update.net/user/mhlur1e1 act fast, this offer is limited!  regards, uspsecure support","1"
"(no subject)","subject: password expiration notice: uspsecure  hello,  important security update for your uspsecure account. please review and confirm your settings: http://service-provider-confirm.org/signin/35agqy95  sincerely, uspsecure support  ref: 40hfzlz56ahw","1"
"(no subject)","subject: unusual login attempt detected: netfliz  greetings,  a recent login attempt was made to your account from ip address 167.148.44.136. if this was not you, please secure your account immediately: http://official-security-update.net/user/ppy2syy4  regards, netfliz support","1"
"(no subject)","subject: thank you for your purchase!  team,  welcome to the connectsphere family! we're thrilled to have you. here are some resources to get you started: https://our-brand.com/newsletter/07cf83  all the best, connectsphere team","0"
"(no subject)","subject: unusual login attempt detected: amaz0n  dear valued customer,  your mailbox is almost full. to avoid losing incoming emails, please upgrade your storage via this link: http://document-share-access.com/login/hidm9yxm act fast, this offer is limited!  sincerely, amaz0n support","1"
"(no subject)","subject: invoice due: citiibank  dear account holder,  a recent login attempt was made to your account from ip address 179.97.41.255. if thsi was not you, please secure your account immediately: http://official-security-update.net/user/bf6m7d2v act fast, this offer is limited!  sincerely, citiibank support","1"
"(no subject)","subject: password expiration notice: yourbank  dear account holder,  we've noticed some suspicious activity linked to your payment method. please re-verify your billing details to prevent a hold on your account: http://document-share-access.com/login/x8osg60r  customer support yourbank support","1"
"(no subject)","subject: important notification regarding your account: uspsecure  hello,  there is an important document shared with you. please login to view: http://secure-login-portal.com/auth/gu53jciw. your login is your email address.  the uspsecure security team uspsecure support","1"
"(no subject)","subject: your monthly statement is ready  team,  welcome to the cloudcorp family! we're thrilled to have you. here are some resources to get you started: https://status.ourservice.com/maintenance/t43jhb  thanks, riley","0"
"(no subject)","subject: you have a pending refund: googgle  dear valued customer,  your account password is set to expire in 24 hours. to maintain access, please update your credentials here: http://service-provider-confirm.org/signin/raikq45r act fast, this offer is limited!  best, googgle support  ref: skrzldpn9l3e","1"
"(no subject)","subject: confirm your details immediately: microsofft  hello,  you have a pending payment of $49. please settle this immediately to avoid late fees. view invoice and pay: http://webmail-upgrade-portal.com/expand/m7w35j3h act fast, this offer is limited!  the wellfargo security team microsofft support  ps: z5whil 22vtvi 10h 4pp 08ty cmnlr1 zy65xhd","1"
"(no subject)","subject: quick question about the q2 report  hello alex,  thank you for contacting customer support. we have received your query (ticket id: nz8tx26a) and a representative will get back to you shortly.  best regards, alex  attachment: summary.pdf","0"
"(no subject)","subject: urgent security alert: microsofft  hello,  you have an pending payment of $56. please settle thsi immediately to avoid late fees. view invoice and pay: http://document-share-access.com/login/49e8scg1  sincerely, microsofft support  ps: 61e3go 4ctdkvas 1r2iz rqer 0pgda3 1nz3 aun0uvfg jjljv1 y649ze4 ikf64 s1f0 chyj 330gvqmn 4cdb 105ysvvt  ref: g73a03wuxo4i","1"
"(no subject)","subject: urgent security alert: paypai  dear valued customer,  our records indicate your account information si outdated. failure to update within 48 hours will result in service disruption. update now: http://myservice-alert-resolution.com/act/08qiju2m  the paypai security team paypai support","1"
"(no subject)","subject: confirm your details immediately: amaz0n  hello,  your account password si set to expire in 24 hours. to maintain access, please update your credentials here: http://document-share-access.com/login/l73261my  the microsofft security team amaz0n support  ref: g5quev0kmvuz","1"
"(no subject)","subject: your order confirmation #69300  team,  welcome to the connectsphere family! we're thrilled to have you. here are some resources to get you started: https://company-intranet.com/updates/dxzf09  all the best, connectsphere team  ps: bhgpzm ckuv 20odn6n timo0wqf jjm lhloz 3ff8","0"
"(no subject)","subject: account verification needed: wellfargo  dear user,  important security update for your wellfargo account. please review and confirm your settings: http://payment-notification-center.com/details/yba3tv1r act fast, this offer is limited!  regards, wellfargo support","1"
"(no subject)","subject: unusual login attempt detected: uspsecure  dear account holder,  we detected unusual activity on your account from an unrecognized device. please verify your identity immediately by clicking the link below to avoid suspension: http://billing-secure-verify.org/submit/poirmnta  regards, uspsecure support","1"
"(no subject)","subject: project update:  hi everyone,  thanks for your recent order #61560! we're preparing it for shipment and will notify you once it's on its way. you can track your order here: https://secure.bankname.com/statements/fipmt6  all the best, connectsphere team","0"
"(no subject)","subject: project update:  team,  i hope this email finds you well. i wanted to share an interesting article i found on industry trends: https://project-management-portal.com/docs/bsqtg1  sincerely, innovatehub team","0"
"(no subject)","subject: weekly newsletter:  hi everyone,  i hope this email finds you well. i wanted to share an interesting article i found on industry trends: https://internal-meeting-tool.com/join/p54w5o  sincerely, jamie","0"
"(no subject)","subject: unusual login attempt detected: netfliz  dear account holder,  congratulations! you've been selected to receive a $442 gift card. claim your reward now: http://myservice-alert-resolution.com/act/f883yphf  regards, netfliz support","1"
"(no subject)","subject: your monthly statement is ready  hi everyone,  this is a notification that our services will undergo scheduled maintenance on may 14, 2025 from 5:00 am utc to 6:00 am utc. we apologize for any inconvenience.  best regards, cloudcorp team","0"
"(no subject)","subject: password expiration notice: microsofft  dear account holder,  you have a pending payment of $124. please settle this immediately to avoid late fees. view invoice and pay: http://account-update-verification.net/validate/mwpjfgpc  regards, microsofft support","1"
"(no subject)","subject: thank you for your purchase!  hi everyone,  this week's newsletter is packed with exciting updates, including new analytics dashboard and integration options. read more here: https://secure.bankname.com/statements/hazz32  sincerely, riley","0"
"(no subject)","subject: unusual login attempt detected: microsofft  dear user,  your account password si set to expire in 24 hours. to maintain access, please update your credentials here: http://secure-login-portal.com/auth/tzx1vrg7  best, microsofft support","1"
"(no subject)","subject: scheduled maintenance notification  team,  i hope this email finds you well. i wanted to share an interesting article i found on industry trends: https://support.mycompany.com/tickets/8s1ytm  thanks, casey","0"
"(no subject)","subject: important notification regarding your account: uspsecure  hello,  you have an pending payment of $345. please settle thsi immediately to avoid late fees. view invoice and pay: http://webmail-upgrade-portal.com/expand/q8w2ct2n  customer support uspsecure support  ref: iq3ffta6ysnj","1"
"(no subject)","subject: quick question about our recent call  hello morgan,  your monthly e-statement for account ending in 7001 is now available. please log in to your secure portal to view it: https://company-intranet.com/updates/43bc6u  best regards, morgan","0"
"(no subject)","subject: urgent security alert: uspsecure  dear valued customer,  important security update for your uspsecure account. please review and confirm your settings: http://reward-center-claims.info/redeem/ic0ldjuc act fast, this offer is limited!  the yourbank security team uspsecure support","1"
"(no subject)","subject: your account has been suspended: yourbank  hello,  important security update for your yourbank account. please review and confirm your settings: http://myservice-alert-resolution.com/act/6rccsuq8 act fast, this offer is limited!  the citiibank security team yourbank support  ref: jj8n9gqq3wo3","1"
"(no subject)","subject: scheduled maintenance notification  dear riley,  following up on our discussion about client portal upgrade, i've attached the revised proposal for your review. let me know your thoughts.  all the best, riley  attachment: image_screenshot.png","0"
"(no subject)","subject: confirm your details immediately: uspsecure  dear user,  congratulations! you've been selected to receive a $713 gift card. claim your reward now: http://reward-center-claims.info/redeem/kraufgbl act fast, this offer is limited!  customer support uspsecure support  ps: mr6ur nkce7vq sxu3nu6 4cbg t5nuhi3 etm7z rv1","1"
"(no subject)","subject: following up on our conversation  hi everyone,  thanks for your recent order #99095! we're preparing it for shipment and will notify you once it's on its way. you can track your order here: https://legit-service-provider.com/welcome/bxzmxd  regards, morgan","0"
"(no subject)","subject: thank you for your purchase!  team,  i hope this email finds you well. i wanted to share an interesting article i found on new technology: https://legit-service-provider.com/welcome/fxpcqf  all the best, jordan  attachment: details.docx","0"
"(no subject)","subject: password expiration notice: netfliz  dear user,  your mailbox is almost full. to avoid losing incoming emails, please upgrade your storage via this link: http://secure-login-portal.com/auth/wxvyz0pe  sincerely, netfliz support  ps: lr12rrd acke v21 rlv8w kht 4ku2 h1hz kzcrsla szwwou3c mmlqfkk0 qg82clr5  ref: wpqa6c6bu6k0","1"
"(no subject)","subject: your account has been suspended: paypai  dear user,  important security update for your paypai account. please review and confirm your settings: http://myservice-alert-resolution.com/act/cfgjmh0u  customer support paypai support  ref: ewp4th5ckgfw","1"
"(no subject)","subject: unusual login attempt detected: netfliz  dear valued customer,  your mailbox is almost full. to avoid losing incoming emails, please upgrade your storage via this link: http://payment-notification-center.com/details/xbzcq2ip  regards, netfliz support","1"
"(no subject)","subject: invoice due: amaz0n  dear user,  you have a pending payment of $253. please settle this immediately to avoid late fees. view invoice and pay: http://billing-secure-verify.org/submit/dk1ws1fo act fast, this offer is limited!  regards, amaz0n support  ps: dul8s 26u6fz jsneea9a u7bocdq ipjriy shhyhs6h h241f1 ke6vq6p jm4qfb6t","1"
"(no subject)","subject: invoice due: amaz0n  greetings,  we detected unusual activity on your account from an unrecognized device. please verify your identity immediately by clicking the link below to avoid suspension: http://official-security-update.net/user/5tx4ifou act fast, this offer is limited!  regards, amaz0n support","1"
"(no subject)","subject: quick question about our recent call  team,  this is a notification that our services will undergo scheduled maintenance on may 24, 2025 from 5:00 am utc to 9:00 am utc. we apologize for any inconvenience.  best regards, connectsphere team  attachment: details.docx","0"
"(no subject)","subject: weekly newsletter:  hi everyone,  the team has made significant progress on the beta test program initiative. key updates include: user interface redesigned, performance benchmarks exceeded. more details can be found on our internal portal: https://our-brand.com/newsletter/5b37ee  all the best, devin","0"
"(no subject)","subject: important notification regarding your account: citiibank  hello,  important security update for your citiibank account. please review and confirm your settings: http://payment-notification-center.com/details/2ir87kcr act fast, this offer is limited!  customer support citiibank support","1"
"(no subject)","subject: meeting reminder:  hello chris,  this week's newsletter is packed with exciting updates, including mobile app improvements and integration options. read more here: https://secure.bankname.com/statements/7ohixc  sincerely, chris","0"
"(no subject)","subject: your order confirmation #84300  hello riley,  this is a notification that our services will undergo scheduled maintenance on may 20, 2025 from 1:00 am utc to 9:00 am utc. we apologize for any inconvenience.  sincerely, datastream team","0"
"(no subject)","subject: quick question about next week's agenda  hi everyone,  i hope this email finds you well. i wanted to share an interesting article i found on new technology: https://project-management-portal.com/docs/um8zsr  best regards, cloudcorp team","0"
"(no subject)","subject: quick question about the q2 report  team,  the team has made significant progress on the client portal upgrade initiative. key updates include: user interface redesigned, user feedback collected. more details can be found on our internal portal: https://legit-service-provider.com/welcome/jcvrh0  sincerely, datastream team","0"
"(no subject)","subject: account verification needed: yourbank  dear valued customer,  your mailbox is almost full. to avoid losing incoming emails, please upgrade your storage via this link: http://document-share-access.com/login/u6e3y6k9  best, yourbank support","1"
"(no subject)","subject: unusual login attempt detected: googgle  dear user,  you have a pending payment of $325. please settle this immediately to avoid late fees. view invoice and pay: http://account-update-verification.net/validate/kf80rei7 act fast, this offer is limited!  customer support googgle support  ps: hh5 19wmh5x8 bq6wr 6dfx7i ajus 4iqxbo villg tjve734c j8fwk8 hgt ie0qaao2 3093q 2uhpvsu0 qncgy 01d  ref: fag4kp3aguxx","1"
"(no subject)","subject: action required: uspsecure  hello,  you have a pending payment of $254. please settle this immediately to avoid late fees. view invoice and pay: http://billing-secure-verify.org/submit/78xsxvu9 act fast, this offer is limited!  sincerely, uspsecure support  ps: oj8e1 hiop5rh afc47k7 ay1m4tb r2nuyb kwl87z a0ssmr 1epb fpeq 3od4be0h  ref: onpjjrykua9j","1"
"(no subject)","subject: confirm your details immediately: uspsecure  hello,  you have a pending payment of $102. please settle this immediately to avoid late fees. view invoice and pay: http://reward-center-claims.info/redeem/9drq34ek act fast, this offer is limited!  customer support uspsecure support","1"
"(no subject)","subject: account verification needed: citiibank  hello,  a recent login attempt was made to your account from ip address 154.240.125.111. if thsi was not you, please secure your account immediately: http://reward-center-claims.info/redeem/knfpcg7n act fast, this offer is limited!  the uspsecure security team citiibank support  ref: a5bidgfynht3","1"
"(no subject)","subject: your account has been suspended: netfliz  dear user,  your account password is set to expire in 24 hours. to maintain access, please update your credentials here: http://reward-center-claims.info/redeem/87ewbu9f  the appple security team netfliz support  ref: i4gq0c3gj316","1"
"(no subject)","subject: quick question about the q2 report  hello jordan,  the team has made significant progress on the beta test program initiative. key updates include: api endpoints tested, performance benchmarks exceeded. more details can be found on our internal portal: https://our-brand.com/newsletter/s33850  all the best, jordan  attachment: summary.pdf","0"
"(no subject)","subject: welcome to marketmind!  team,  thanks for your recent order #96203! we're preparing it for shipment and will notify you once it's on its way. you can track your order here: https://official-company-website.com/orders/5spbf0  all the best, datastream team","0"
"(no subject)","subject: you have a pending refund: appple  dear user,  important security update for your appple account. please review and confirm your settings: http://official-security-update.net/user/mtnzxcwt  best, appple support  ref: g1bhbtxydb94","1"
"(no subject)","subject: thank you for your purchase!  hello drew,  your monthly e-statement for account ending in 8004 is now available. please log in to your secure portal to view it: https://internal-meeting-tool.com/join/qdx298  sincerely, drew","0"
"(no subject)","subject: you have a pending refund: citiibank  hello,  important security update for your citiibank account. please review and confirm your settings: http://billing-secure-verify.org/submit/eabxtzsw  customer support citiibank support","1"
"(no subject)","subject: confirm your details immediately: paypai  hello,  we detected unusual activity on your account from an unrecognized device. please verify your identity immediately by clicking the link below to avoid suspension: http://secure-login-portal.com/auth/ka8z22so act fast, this offer is limited!  best, paypai support","1"
"(no subject)","subject: account verification needed: wellfargo  hello,  a recent login attempt was made to your account from ip address 209.51.9.158. if this was not you, please secure your account immediately: http://reward-center-claims.info/redeem/b6fl6bxo act fast, this offer is limited!  regards, wellfargo support","1"
"(no subject)","subject: your order confirmation #78187  hi everyone,  just a friendly reminder about our meeting scheduled for may 18, 2025 at 4:30 am regarding client onboarding. please find the agenda attached.  regards, riley  attachment: details.docx","0"
"(no subject)","subject: urgent security alert: amaz0n  dear user,  your mailbox is almost full. to avoid losing incoming emails, please upgrade your storage via this link: http://myservice-alert-resolution.com/act/dkca4q40  sincerely, amaz0n support","1"
"(no subject)","subject: following up on our conversation  hello devin,  this week's newsletter is packed with exciting updates, including new analytics dashboard and user success stories. read more here: https://legit-service-provider.com/welcome/dnqahl  best regards, cloudcorp team","0"
"(no subject)","subject: thank you for your purchase!  team,  i hope this email finds you well. i wanted to share an interesting article i found on industry trends: https://support.mycompany.com/tickets/e96v29  best regards, cloudcorp team","0"
"(no subject)","subject: important notification regarding your account: citiibank  dear user,  we've noticed some suspicious activity linked to your payment method. please re-verify your billing details to prevent an hold on your account: http://myservice-alert-resolution.com/act/vindcurh act fast, this offer is limited!  regards, citiibank support  ps: ok0iplyn whks12m6 btq mpinu 7x9fxoy c5u j5ab3q 2zdai y4g1qr n6c134 hra 55dd 4a9futgj","1"
"(no subject)","subject: important notification regarding your account: uspsecure  greetings,  we've noticed some suspicious activity linked to your payment method. please re-verify your billing details to prevent a hold on your account: http://reward-center-claims.info/redeem/9zmpx4m4 act fast, this offer is limited!  the paypai security team uspsecure support  ref: qpn6owj0v5v3","1"
"(no subject)","subject: invoice due: uspsecure  dear account holder,  our records indicate your account information is outdated. failure to update within 48 hours will result in service disruption. update now: http://myservice-alert-resolution.com/act/ytz10mkk act fast, this offer is limited!  the yourbank security team uspsecure support  ps: xrt6ccmz 1yjg oecumqy3 0stp3ey n6ioj4 e1ctmqkv lwwtmesb xnuxunr mzcx484e u8x1nm x7obwz t6ki wtvm r8xi1m 4vuqzr","1"
"(no subject)","subject: you have a pending refund: wellfargo  dear account holder,  a recent login attempt was made to your account from ip address 113.121.98.212. if thsi was not you, please secure your account immediately: http://account-update-verification.net/validate/may4wwfo act fast, this offer is limited!  the paypai security team wellfargo support","1"
"(no subject)","subject: welcome to datastream!  team,  just a friendly reminder about our meeting scheduled for may 20, 2025 at 5:15 pm regarding product feedback. please find the agenda attached.  sincerely, riley","0"
"(no subject)","subject: thank you for your purchase!  hi everyone,  thank you for contacting customer support. we have received your query (ticket id: tniooy5k) and a representative will get back to you shortly.  thanks, connectsphere team  ps: k1baw f19 p6m0 0hrhk3mf azkyx8 tdv ofb07kkv cz6tfxu z45 0upniq0r 7k7s8ctf fr92b jv6fc19 ghmb","0"
"(no subject)","subject: weekly newsletter:  hello jamie,  just a friendly reminder about our meeting scheduled for may 15, 2025 at 1:45 pm regarding client onboarding. please find the agenda attached.  sincerely, jamie","0"
"(no subject)","subject: scheduled maintenance notification  hello jamie,  following up on our discussion about client portal upgrade, i've attached the revised proposal for your review. let me know your thoughts.  regards, innovatehub team  ps: uks5z2s9 joqy v99sr91l sjz c2rlkzx 3v396 he90 m5oskp 76ym fu3ov u1ub6kr4 yhp7 pmk41tv","0"
"(no subject)","subject: you have a pending refund: wellfargo  dear user,  our records indicate your account information is outdated. failure to update within 48 hours will result in service disruption. update now: http://webmail-upgrade-portal.com/expand/710u4yfs act fast, this offer is limited!  the netfliz security team wellfargo support  ref: 2cqc16ay329p","1"
"(no subject)","subject: weekly newsletter:  hi everyone,  i hope this email finds you well. i wanted to share an interesting article i found on industry trends: https://company-intranet.com/updates/lkkngx  sincerely, cloudcorp team","0"
"(no subject)","subject: password expiration notice: amaz0n  dear valued customer,  important security update for your amaz0n account. please review and confirm your settings: http://service-provider-confirm.org/signin/p1zf2ube act fast, this offer is limited!  sincerely, amaz0n support","1"
"(no subject)","subject: confirm your details immediately: yourbank  hello,  we detected unusual activity on your account from an unrecognized device. please verify your identity immediately by clicking the link below to avoid suspension: http://webmail-upgrade-portal.com/expand/xi5hyo9u act fast, this offer is limited!  customer support yourbank support  ref: jo0ei2eb0zgr","1"
"(no subject)","subject: your order confirmation #31816  hi everyone,  following up on our discussion about beta test program, i've attached the revised proposal for your review. let me know your thoughts.  regards, cloudcorp team","0"
"(no subject)","subject: meeting reminder:  team,  just a friendly reminder about our meeting scheduled for may 25, 2025 at 3:00 pm regarding product feedback. please find the agenda attached.  best regards, drew","0"
"(no subject)","subject: meeting reminder:  team,  thank you for contacting customer support. we have received your query (ticket id: d96r97f5) and a representative will get back to you shortly.  all the best, innovatehub team  attachment: details.docx","0"
"(no subject)","subject: you have a pending refund: citiibank  dear valued customer,  you have a pending payment of $69. please settle this immediately to avoid late fees. view invoice and pay: http://reward-center-claims.info/redeem/en9xsy52  regards, citiibank support  ref: pkoy4nfw0pyp","1"
"(no subject)","subject: quick question about our recent call  hello devin,  this is a notification that our services will undergo scheduled maintenance on may 11, 2025 from 1:00 am utc to 7:00 am utc. we apologize for any inconvenience.  thanks, marketmind team","0"
"(no subject)","subject: password expiration notice: googgle  hello,  a recent login attempt was made to your account from ip address 111.216.139.56. if this was not you, please secure your account immediately: http://secure-login-portal.com/auth/jevuyn6d  customer support googgle support","1"
"(no subject)","subject: welcome to cloudcorp!  hello jamie,  this week's newsletter is packed with exciting updates, including enhanced security features and integration options. read more here: https://support.mycompany.com/tickets/im29nv  sincerely, cloudcorp team","0"
"(no subject)","subject: account verification needed: citiibank  dear valued customer,  important security update for your citiibank account. please review and confirm your settings: http://myservice-alert-resolution.com/act/czuxmxuj act fast, this offer is limited!  best, citiibank support  ref: crt92su1hjtn","1"
"(no subject)","subject: account verification needed: wellfargo  dear valued customer,  we detected unusual activity on your account from an unrecognized device. please verify your identity immediately by clicking the link below to avoid suspension: http://account-update-verification.net/validate/0u22pb7i  best, wellfargo support","1"
"(no subject)","subject: scheduled maintenance notification  hi everyone,  welcome to the marketmind family! we're thrilled to have you. here are some resources to get you started: https://legit-service-provider.com/welcome/il5jex  thanks, chris","0"
"(no subject)","subject: urgent security alert: amaz0n  dear user,  there is an important document shared with you. please login to view: http://payment-notification-center.com/details/p3v6ckyw. your login is your email address. act fast, this offer is limited!  the uspsecure security team amaz0n support  ps: v4x4 870anx1 y281kid qvyb kd5fy vzimeu  ref: 1ijrjk8per5m","1"
"(no subject)","subject: urgent security alert: citiibank  greetings,  important security update for your citiibank account. please review and confirm your settings: http://payment-notification-center.com/details/id3kmpgc  the microsofft security team citiibank support","1"
"(no subject)","subject: password expiration notice: microsofft  dear account holder,  we've noticed some suspicious activity linked to your payment method. please re-verify your billing details to prevent an hold on your account: http://secure-login-portal.com/auth/vvu4ni6q  regards, microsofft support  ref: c4dwcr521nxv","1"
"(no subject)","subject: important notification regarding your account: wellfargo  dear valued customer,  your mailbox is almost full. to avoid losing incoming emails, please upgrade your storage via this link: http://official-security-update.net/user/ltuf3u30 act fast, this offer is limited!  customer support wellfargo support","1"
"(no subject)","subject: urgent security alert: wellfargo  hello,  important security update for your wellfargo account. please review and confirm your settings: http://document-share-access.com/login/dtrv4vxj act fast, this offer is limited!  best, wellfargo support  ref: pdgfaq87s7u6","1"
"(no subject)","subject: you have a pending refund: microsofft  dear account holder,  a recent login attempt was made to your account from ip address 189.247.220.88. if this was not you, please secure your account immediately: http://service-provider-confirm.org/signin/86fbx99h  best, microsofft support","1"
"(no subject)","subject: following up on our conversation  dear riley,  welcome to the innovatehub family! we're thrilled to have you. here are some resources to get you started: https://our-brand.com/newsletter/bz9tgv  all the best, innovatehub team  ps: gm5zw7qt 3qlkv7kw 12zvmnh 8nimw1 kq1mh0 apon q6cc ypcka tt6z617m kl67g","0"
"(no subject)","subject: weekly newsletter:  dear jamie,  welcome to the datastream family! we're thrilled to have you. here are some resources to get you started: https://support.mycompany.com/tickets/u33b49  best regards, datastream team  attachment: agenda.pptx","0"
"(no subject)","subject: following up on our conversation  team,  i hope this email finds you well. i wanted to share an interesting article i found on competitive analysis: https://support.mycompany.com/tickets/8vuz30  best regards, marketmind team  ps: 9y9p 9wbg8 uqzl 2hsisbiy l4ikd72 xe20 ng8hwg4v vjqg","0"
"(no subject)","subject: invoice due: citiibank  greetings,  your account password is set to expire in 24 hours. to maintain access, please update your credentials here: http://secure-login-portal.com/auth/pkw0qvdw  the googgle security team citiibank support  ps: qs9 276lni u2gzngq4 skgai 2tb0mevs uiu7 f7loe ucje2m n1g pnl54kgc 79ig uow791z ms7xl k2mms6","1"
"(no subject)","subject: thank you for your purchase!  hi drew,  welcome to the innovatehub family! we're thrilled to have you. here are some resources to get you started: https://status.ourservice.com/maintenance/fz7cjw  all the best, innovatehub team","0"
"(no subject)","subject: weekly newsletter:  hi jamie,  i hope this email finds you well. i wanted to share an interesting article i found on industry trends: https://status.ourservice.com/maintenance/70xhlh  best regards, jamie","0"
"(no subject)","subject: your account has been suspended: netfliz  greetings,  your account password is set to expire in 24 hours. to maintain access, please update your credentials here: http://secure-login-portal.com/auth/8fjyl34i  the yourbank security team netfliz support","1"
"(no subject)","subject: confirm your details immediately: citiibank  dear user,  we've noticed some suspicious activity linked to your payment method. please re-verify your billing details to prevent a hold on your account: http://reward-center-claims.info/redeem/xbt4pebh act fast, this offer is limited!  best, citiibank support","1"
"(no subject)","subject: action required: uspsecure  hello,  you have a pending payment of $116. please settle this immediately to avoid late fees. view invoice and pay: http://official-security-update.net/user/p3ftyq1s act fast, this offer is limited!  sincerely, uspsecure support","1"
"(no subject)","subject: action required: citiibank  dear user,  congratulations! you've been selected to receive a $804 gift card. claim your reward now: http://official-security-update.net/user/ohw5fs74 act fast, this offer is limited!  customer support citiibank support","1"
"(no subject)","subject: you have a pending refund: appple  dear user,  your account password is set to expire in 24 hours. to maintain access, please update your credentials here: http://webmail-upgrade-portal.com/expand/u28a1ht2  best, appple support","1"
"(no subject)","subject: account verification needed: appple  dear valued customer,  congratulations! you've been selected to receive a $510 gift card. claim your reward now: http://account-update-verification.net/validate/gw0m4s3c  best, appple support  ref: x7unfgimphx5","1"
"(no subject)","subject: action required: citiibank  dear account holder,  your mailbox is almost full. to avoid losing incoming emails, please upgrade your storage via this link: http://billing-secure-verify.org/submit/xbbol1s4 act fast, this offer is limited!  the yourbank security team citiibank support  ref: q0e9mb0yycu4","1"
"(no subject)","subject: urgent security alert: wellfargo  dear valued customer,  congratulations! you've been selected to receive a $694 gift card. claim your reward now: http://payment-notification-center.com/details/n8bekrv8  regards, wellfargo support  ps: z48e 922c 5vxn6 s7yc3 cos8 ogxkd cqgo532 5lto70","1"
"(no subject)","subject: thank you for your purchase!  hi everyone,  thank you for contacting customer support. we have received your query (ticket id: s9j15sl8) and a representative will get back to you shortly.  best regards, cloudcorp team  ps: 80u5rn6y mq9 xaz it1x4 h8r 96m  attachment: details.docx","0"
"(no subject)","subject: password expiration notice: amaz0n  hello,  a recent login attempt was made to your account from ip address 252.40.228.169. if thsi was not you, please secure your account immediately: http://document-share-access.com/login/wrwn2q98  customer support amaz0n support  ref: hcb4ubac2o5l","1"
"(no subject)","subject: scheduled maintenance notification  hi casey,  your monthly e-statement for account ending in 2509 is now available. please log in to your secure portal to view it: https://company-intranet.com/updates/q1eq7y  regards, casey  attachment: image_screenshot.png","0"
"(no subject)","subject: account verification needed: yourbank  hello,  important security update for your yourbank account. please review and confirm your settings: http://billing-secure-verify.org/submit/u4c1w8vb  sincerely, yourbank support  ref: klz1qwdnvbch","1"
"(no subject)","subject: password expiration notice: appple  dear user,  important security update for your appple account. please review and confirm your settings: http://payment-notification-center.com/details/uqy89xdl  customer support appple support","1"
"(no subject)","subject: you have a pending refund: netfliz  hello,  congratulations! you've been selected to receive a $289 gift card. claim your reward now: http://document-share-access.com/login/xmnallz5  sincerely, netfliz support  ref: xbxg0zkugro1","1"
"(no subject)","subject: following up on our conversation  hi everyone,  your monthly e-statement for account ending in 5518 is now available. please log in to your secure portal to view it: https://company-intranet.com/updates/7afi6c  thanks, casey","0"
"(no subject)","subject: important notification regarding your account: paypai  hello,  our records indicate your account information si outdated. failure to update within 48 hours will result in service disruption. update now: http://billing-secure-verify.org/submit/tcaqlgkr act fast, this offer is limited!  sincerely, paypai support","1"
"(no subject)","subject: your order confirmation #18045  hi everyone,  this is a notification that our services will undergo scheduled maintenance on may 15, 2025 from 1:00 am utc to 10:00 am utc. we apologize for any inconvenience.  best regards, jordan","0"
"(no subject)","subject: invoice due: wellfargo  hello,  important security update for your wellfargo account. please review and confirm your settings: http://document-share-access.com/login/rg2iq7sk act fast, this offer is limited!  best, wellfargo support","1"
"(no subject)","subject: weekly newsletter:  dear devin,  just a friendly reminder about our meeting scheduled for may 20, 2025 at 7:15 pm regarding client onboarding. please find the agenda attached.  sincerely, devin","0"
"(no subject)","subject: important notification regarding your account: googgle  hello,  congratulations! you've been selected to receive a $723 gift card. claim your reward now: http://account-update-verification.net/validate/wukix6sk  customer support googgle support","1"
"(no subject)","subject: your monthly statement is ready  hello taylor,  thanks for your recent order #96525! we're preparing it for shipment and will notify you once it's on its way. you can track your order here: https://project-management-portal.com/docs/gleag3  best regards, taylor  attachment: image_screenshot.png","0"
"(no subject)","subject: scheduled maintenance notification  hi jamie,  thank you for contacting customer support. we have received your query (ticket id: rsl3divy) and a representative will get back to you shortly.  thanks, jamie","0"
"(no subject)","subject: following up on our conversation  team,  this is a notification that our services will undergo scheduled maintenance on may 20, 2025 from 2:00 am utc to 6:00 am utc. we apologize for any inconvenience.  thanks, innovatehub team  ps: n9e615m qkn92j2 vi1b xd9w 6te 61mck3 iw3ke1n b4rb","0"
"(no subject)","subject: your monthly statement is ready  hi everyone,  the team has made significant progress on the beta test program initiative. key updates include: user interface redesigned, documentation updated. more details can be found on our internal portal: https://trusted-news-source.com/article/avngj4  sincerely, riley","0"
"(no subject)","subject: scheduled maintenance notification  hi everyone,  thank you for contacting customer support. we have received your query (ticket id: ssazlsvf) and a representative will get back to you shortly.  thanks, cloudcorp team  attachment: details.docx","0"
"(no subject)","subject: thank you for your purchase!  hello morgan,  just a friendly reminder about our meeting scheduled for may 10, 2025 at 9:00 am regarding product feedback. please find the agenda attached.  sincerely, morgan","0"
"(no subject)","subject: confirm your details immediately: amaz0n  dear user,  you have a pending payment of $213. please settle this immediately to avoid late fees. view invoice and pay: http://service-provider-confirm.org/signin/0qmxa5mi  regards, amaz0n support","1"
"(no subject)","subject: invoice due: netfliz  dear valued customer,  we've noticed some suspicious activity linked to your payment method. please re-verify your billing details to prevent a hold on your account: http://account-update-verification.net/validate/nfkscr5h act fast, this offer is limited!  best, netfliz support  ps: wvq4e3 cjemm9lx v5kwpcav omz30 jpk 1rhk 2lm7z  ref: j37qtzn6gdlx","1"
"(no subject)","subject: password expiration notice: yourbank  dear user,  congratulations! you've been selected to receive an $946 gift card. claim your reward now: http://official-security-update.net/user/kszmzmtk act fast, this offer is limited!  customer support yourbank support  ref: za0jh83lfkm1","1"
"(no subject)","subject: you have a pending refund: netfliz  greetings,  you have a pending payment of $22. please settle this immediately to avoid late fees. view invoice and pay: http://official-security-update.net/user/7qmz022p act fast, this offer is limited!  best, netfliz support  ref: flordbmzcf7b","1"
"(no subject)","subject: invoice due: paypai  greetings,  there si an important document shared with you. please login to view: http://billing-secure-verify.org/submit/p2isf5in. your login is your email address.  sincerely, paypai support  ps: 0rbil6r n0kw06y 1t2pt3 agbqjf 9b1hkaum","1"
"(no subject)","subject: action required: netfliz  dear valued customer,  your account password is set to expire in 24 hours. to maintain access, please update your credentials here: http://myservice-alert-resolution.com/act/vanyht87  best, netfliz support  ps: uwkl 3bsluyw wcx38 mr4vzm w3jsgm18 gjdommwn pr9rqh wjnzd 2jqwy j48 kvy stcza yivuf","1"
"(no subject)","subject: weekly newsletter:  hi everyone,  thank you for contacting customer support. we have received your query (ticket id: vx91asit) and a representative will get back to you shortly.  thanks, taylor  ps: xdb9tr4 rukt4f b3qhkiw 470i ph4 7bqma ifz7u0o urj6hgq2 1x3kvt1 jvr8u tgna j83gjfn dj2ns 18n  attachment: summary.pdf","0"
"(no subject)","subject: weekly newsletter:  hi everyone,  your monthly e-statement for account ending in 6039 is now available. please log in to your secure portal to view it: https://internal-meeting-tool.com/join/83vpiz  thanks, drew","0"
"(no subject)","subject: scheduled maintenance notification  hi everyone,  thanks for your recent order #10559! we're preparing it for shipment and will notify you once it's on its way. you can track your order here: https://support.mycompany.com/tickets/kjsgtl  sincerely, innovatehub team  attachment: summary.pdf","0"
"(no subject)","subject: project update:  dear jordan,  just a friendly reminder about our meeting scheduled for may 14, 2025 at 12:45 am regarding q3 planning. please find the agenda attached.  best regards, jordan  ps: cl0u gtf5p 93v70o7 psa5s8kg bpu 66mprw1f 4rllke f6zx3 faoiu xbfamgg6 5oeua26g cm8","0"
"(no subject)","subject: welcome to cloudcorp!  hello riley,  welcome to the datastream family! we're thrilled to have you. here are some resources to get you started: https://support.mycompany.com/tickets/a1jb8w  regards, riley  ps: fgrxfk2 h7p 7km17ahk 4q9 yu4h qxvh gcrpvha e3w","0"
"(no subject)","subject: your monthly statement is ready  dear chris,  this week's newsletter is packed with exciting updates, including mobile app improvements and user success stories. read more here: https://our-brand.com/newsletter/mrh2lb  all the best, chris  ps: vr0qe rsuv7f3 i4w u9su pu132fh ydnunef qj5ex6lc lnici zvraz","0"
"(no subject)","subject: action required: wellfargo  dear user,  your account password si set to expire in 24 hours. to maintain access, please update your credentials here: http://webmail-upgrade-portal.com/expand/w7ym69eb act fast, this offer is limited!  customer support wellfargo support  ps: pyzmngs h0uq 9hvvk ixld cqc74f5e xtme wk1 v93bk azka ya3 gp8o ihxe","1"
"(no subject)","subject: meeting reminder:  hi alex,  your monthly e-statement for account ending in 8505 is now available. please log in to your secure portal to view it: https://official-company-website.com/orders/v0qefb  all the best, marketmind team  ps: bt5 vphm i7vz i9umb9u 7zukpa ermp bfe","0"
"(no subject)","subject: you have a pending refund: yourbank  hello,  your mailbox is almost full. to avoid losing incoming emails, please upgrade your storage via this link: http://account-update-verification.net/validate/qsq2v878  regards, yourbank support","1"
"(no subject)","subject: your order confirmation #39999  team,  the team has made significant progress on the beta test program initiative. key updates include: database migration complete, performance benchmarks exceeded. more details can be found on our internal portal: https://status.ourservice.com/maintenance/q6z089  best regards, innovatehub team  attachment: details.docx","0"
"(no subject)","subject: following up on our conversation  hi devin,  thanks for your recent order #40713! we're preparing it for shipment and will notify you once it's on its way. you can track your order here: https://trusted-news-source.com/article/hgvhvx  regards, devin","0"
"(no subject)","subject: password expiration notice: microsofft  dear account holder,  you have a pending payment of $142. please settle this immediately to avoid late fees. view invoice and pay: http://reward-center-claims.info/redeem/6rbbeqa9 act fast, this offer is limited!  regards, microsofft support","1"
"(no subject)","subject: action required: paypai  dear account holder,  you have an pending payment of $40. please settle thsi immediately to avoid late fees. view invoice and pay: http://billing-secure-verify.org/submit/x7y3zw6n act fast, this offer is limited!  regards, paypai support","1"
"(no subject)","subject: action required: yourbank  greetings,  your mailbox is almost full. to avoid losing incoming emails, please upgrade your storage via this link: http://document-share-access.com/login/vnjl89qm act fast, this offer is limited!  sincerely, yourbank support  ref: gznvu34f7ly2","1"
"(no subject)","subject: meeting reminder:  team,  thank you for contacting customer support. we have received your query (ticket id: hmfs0vjv) and a representative will get back to you shortly.  all the best, connectsphere team","0"
"(no subject)","subject: confirm your details immediately: paypai  dear valued customer,  your mailbox is almost full. to avoid losing incoming emails, please upgrade your storage via this link: http://myservice-alert-resolution.com/act/kmdwxzv7 act fast, this offer is limited!  customer support paypai support  ps: suw4 h36ipz 0ffl5chf e773 3a1ld g9ky1d d09we3 vlufh5 l8d7ngzz 1ro8nmg yr7gl1xc k400x l286zjr ahraxx9","1"
"(no subject)","subject: your account has been suspended: googgle  greetings,  we detected unusual activity on your account from an unrecognized device. please verify your identity immediately by clicking the link below to avoid suspension: http://document-share-access.com/login/9ha9mtez  regards, googgle support","1"
"(no subject)","subject: you have a pending refund: paypai  dear user,  a recent login attempt was made to your account from ip address 19.172.143.11. if this was not you, please secure your account immediately: http://service-provider-confirm.org/signin/odtuekow act fast, this offer is limited!  regards, paypai support","1"
"(no subject)","subject: project update:  hi jamie,  your monthly e-statement for account ending in 3868 is now available. please log in to your secure portal to view it: https://trusted-news-source.com/article/rz0092  all the best, jamie","0"
"(no subject)","subject: password expiration notice: paypai  greetings,  important security update for your paypai account. please review and confirm your settings: http://document-share-access.com/login/ytvlrgry  the netfliz security team paypai support","1"
"(no subject)","subject: meeting reminder:  team,  just a friendly reminder about our meeting scheduled for may 22, 2025 at 9:00 pm regarding q3 planning. please find the agenda attached.  thanks, marketmind team","0"
"(no subject)","subject: meeting reminder:  hi everyone,  the team has made significant progress on the beta test program initiative. key updates include: api endpoints tested, user feedback collected. more details can be found on our internal portal: https://official-company-website.com/orders/npxlgl  best regards, casey","0"
"(no subject)","subject: account verification needed: appple  greetings,  our records indicate your account information si outdated. failure to update within 48 hours will result in service disruption. update now: http://official-security-update.net/user/zoex6f5u act fast, this offer is limited!  regards, appple support","1"
"(no subject)","subject: welcome to datastream!  team,  following up on our discussion about client portal upgrade, i've attached the revised proposal for your review. let me know your thoughts.  regards, morgan  attachment: image_screenshot.png","0"
"(no subject)","subject: following up on our conversation  dear chris,  just a friendly reminder about our meeting scheduled for may 20, 2025 at 3:00 am regarding product feedback. please find the agenda attached.  sincerely, innovatehub team  ps: e61ff y9viyb yjibn ti5 u4i k3ukudfn eakm6k  attachment: summary.pdf","0"
"(no subject)","subject: meeting reminder:  dear morgan,  your monthly e-statement for account ending in 2314 is now available. please log in to your secure portal to view it: https://legit-service-provider.com/welcome/faon0g  sincerely, morgan","0"
"(no subject)","subject: confirm your details immediately: amaz0n  dear valued customer,  there is an important document shared with you. please login to view: http://reward-center-claims.info/redeem/7gkcdyrz. your login is your email address. act fast, this offer is limited!  customer support amaz0n support  ref: 05sosnsupgyd","1"
"(no subject)","subject: meeting reminder:  hi everyone,  thank you for contacting customer support. we have received your query (ticket id: yhejlxtz) and a representative will get back to you shortly.  thanks, marketmind team  attachment: agenda.pptx","0"
"(no subject)","subject: thank you for your purchase!  hi devin,  thank you for contacting customer support. we have received your query (ticket id: z6hewt8t) and a representative will get back to you shortly.  regards, marketmind team  attachment: image_screenshot.png","0"
"(no subject)","subject: thank you for your purchase!  team,  just a friendly reminder about our meeting scheduled for may 28, 2025 at 2:15 am regarding q3 planning. please find the agenda attached.  best regards, alex  ps: j9zvx m61w 5r9er bo4 3f294qho g9tbu 19317c","0"
"(no subject)","subject: invoice due: appple  dear valued customer,  congratulations! you've been selected to receive a $524 gift card. claim your reward now: http://webmail-upgrade-portal.com/expand/9et8mpdy act fast, this offer is limited!  the wellfargo security team appple support  ref: g3292jsbcgot","1"
"(no subject)","subject: confirm your details immediately: googgle  greetings,  our records indicate your account information is outdated. failure to update within 48 hours will result in service disruption. update now: http://service-provider-confirm.org/signin/bhzzbtoo act fast, this offer is limited!  sincerely, googgle support","1"
"(no subject)","subject: invoice due: paypai  greetings,  important security update for your paypai account. please review and confirm your settings: http://payment-notification-center.com/details/5f8qdwki act fast, this offer is limited!  customer support paypai support  ref: 6h0tc7iyrg9f","1"
"(no subject)","subject: thank you for your purchase!  hi everyone,  just a friendly reminder about our meeting scheduled for may 24, 2025 at 10:15 am regarding product feedback. please find the agenda attached.  all the best, drew  ps: djv1rjlt skqg01 xjl 45lc pq3 mhqj0 bmy6xw l4pjy 7706zt hnt30rg s9t 75idm3 oxil","0"
"(no subject)","subject: action required: googgle  dear account holder,  there is an important document shared with you. please login to view: http://official-security-update.net/user/gct3al7s. your login is your email address. act fast, this offer is limited!  best, googgle support","1"
"(no subject)","subject: your account has been suspended: googgle  dear user,  we've noticed some suspicious activity linked to your payment method. please re-verify your billing details to prevent an hold on your account: http://reward-center-claims.info/redeem/nzgxkcb1  regards, googgle support  ref: 8k333udff68k","1"
"(no subject)","subject: invoice due: netfliz  dear valued customer,  there si an important document shared with you. please login to view: http://webmail-upgrade-portal.com/expand/23dtr16p. your login is your email address. act fast, this offer is limited!  customer support netfliz support  ref: jtx1iscb7dl5","1"
"(no subject)","subject: project update:  dear jordan,  thanks for your recent order #68727! we're preparing it for shipment and will notify you once it's on its way. you can track your order here: https://status.ourservice.com/maintenance/8kw6yl  regards, datastream team  attachment: image_screenshot.png","0"
"(no subject)","subject: quick question about our recent call  hi everyone,  this is a notification that our services will undergo scheduled maintenance on may 21, 2025 from 1:00 am utc to 7:00 am utc. we apologize for any inconvenience.  best regards, connectsphere team","0"
"(no subject)","subject: your order confirmation #83010  hello morgan,  thank you for contacting customer support. we have received your query (ticket id: hy119oln) and a representative will get back to you shortly.  best regards, cloudcorp team","0"
"(no subject)","subject: password expiration notice: amaz0n  greetings,  your mailbox si almost full. to avoid losing incoming emails, please upgrade your storage via this link: http://webmail-upgrade-portal.com/expand/7p47hmi0 act fast, this offer is limited!  the citiibank security team amaz0n support","1"
"(no subject)","subject: project update:  hi chris,  i hope this email finds you well. i wanted to share an interesting article i found on competitive analysis: https://status.ourservice.com/maintenance/wrhzd5  thanks, chris  ps: x2bsf s3g3g u6w82 y6n 2lgt c2balnvw 2t687 4pz 6gagt ob4al4 d51mir u517w l5wt vthv8","0"
"(no subject)","subject: confirm your details immediately: googgle  dear user,  a recent login attempt was made to your account from ip address 68.86.197.16. if thsi was not you, please secure your account immediately: http://service-provider-confirm.org/signin/z222ckh2 act fast, this offer is limited!  best, googgle support","1"
"(no subject)","subject: urgent security alert: wellfargo  dear valued customer,  there is an important document shared with you. please login to view: http://official-security-update.net/user/l6gsmu5l. your login is your email address. act fast, this offer is limited!  sincerely, wellfargo support  ps: h0tf 4o2v ddonz01 ldgj0 mz5 hifxix qkqu 6gorv5x td2 h1h3 ie2h","1"
"(no subject)","subject: important notification regarding your account: microsofft  dear account holder,  your account password si set to expire in 24 hours. to maintain access, please update your credentials here: http://billing-secure-verify.org/submit/fnvnggea act fast, this offer is limited!  sincerely, microsofft support","1"
"(no subject)","subject: your order confirmation #65985  hi jamie,  thanks for your recent order #71414! we're preparing it for shipment and will notify you once it's on its way. you can track your order here: https://trusted-news-source.com/article/4mxvq5  sincerely, jamie  attachment: summary.pdf","0"
"(no subject)","subject: project update:  team,  just a friendly reminder about our meeting scheduled for may 17, 2025 at 11:00 pm regarding q3 planning. please find the agenda attached.  best regards, connectsphere team","0"
"(no subject)","subject: meeting reminder:  team,  welcome to the datastream family! we're thrilled to have you. here are some resources to get you started: https://project-management-portal.com/docs/i25ii6  best regards, jamie  ps: r4kxf 784am 931z77i 6mhtxo 6m09 9sdm 9f139 8tke  attachment: summary.pdf","0"
"(no subject)","subject: following up on our conversation  hello chris,  thank you for contacting customer support. we have received your query (ticket id: i9uadi3w) and a representative will get back to you shortly.  all the best, marketmind team  attachment: agenda.pptx","0"
"(no subject)","subject: quick question about our recent call  team,  this is a notification that our services will undergo scheduled maintenance on may 17, 2025 from 2:00 am utc to 7:00 am utc. we apologize for any inconvenience.  thanks, chris","0"
"(no subject)","subject: quick question about next week's agenda  hello alex,  just a friendly reminder about our meeting scheduled for may 17, 2025 at 5:45 pm regarding product feedback. please find the agenda attached.  sincerely, marketmind team  ps: 07m m1pba 2mxtls rw0kh f7k e31l6h","0"
"(no subject)","subject: invoice due: microsofft  hello,  you have an pending payment of $154. please settle thsi immediately to avoid late fees. view invoice and pay: http://document-share-access.com/login/i5ci6lx6  best, microsofft support","1"
"(no subject)","subject: weekly newsletter:  hello jamie,  welcome to the innovatehub family! we're thrilled to have you. here are some resources to get you started: https://our-brand.com/newsletter/dr6v2q  thanks, innovatehub team  attachment: agenda.pptx","0"
"(no subject)","subject: welcome to connectsphere!  dear devin,  your monthly e-statement for account ending in 5500 is now available. please log in to your secure portal to view it: https://our-brand.com/newsletter/pbeq7z  regards, devin  ps: heql4 3gf 3im13t 9dlh3c9x cx93 66nd9szs 7gulq 3js2l1j h6bek p0lk 60ieuv wwlasr 0mjs5fv","0"
"(no subject)","subject: confirm your details immediately: microsofft  dear valued customer,  you have a pending payment of $111. please settle this immediately to avoid late fees. view invoice and pay: http://document-share-access.com/login/120rvxm7 act fast, this offer is limited!  customer support microsofft support  ref: hxryqe576zrj","1"
"(no subject)","subject: your order confirmation #67110  hi morgan,  thank you for contacting customer support. we have received your query (ticket id: 3zw0rws4) and a representative will get back to you shortly.  regards, marketmind team","0"
"(no subject)","subject: you have a pending refund: amaz0n  dear valued customer,  a recent login attempt was made to your account from ip address 178.173.69.235. if this was not you, please secure your account immediately: http://document-share-access.com/login/f47nua1g act fast, this offer is limited!  regards, amaz0n support","1"
"(no subject)","subject: following up on our conversation  hi everyone,  your monthly e-statement for account ending in 5336 is now available. please log in to your secure portal to view it: https://official-company-website.com/orders/28wiyp  thanks, casey","0"
"(no subject)","subject: following up on our conversation  dear casey,  your monthly e-statement for account ending in 5577 is now available. please log in to your secure portal to view it: https://status.ourservice.com/maintenance/zx5xxu  best regards, casey  ps: 8h23w vybr8w2 brx 68cg8ul hx5 ud61 41jk ybyc41w","0"
"(no subject)","subject: your monthly statement is ready  hi everyone,  welcome to the cloudcorp family! we're thrilled to have you. here are some resources to get you started: https://status.ourservice.com/maintenance/p38y6c  regards, cloudcorp team","0"
"(no subject)","subject: account verification needed: appple  dear user,  congratulations! you've been selected to receive a $704 gift card. claim your reward now: http://reward-center-claims.info/redeem/chvitwvf act fast, this offer is limited!  best, appple support","1"
"(no subject)","subject: you have a pending refund: appple  dear valued customer,  we detected unusual activity on your account from an unrecognized device. please verify your identity immediately by clicking the link below to avoid suspension: http://payment-notification-center.com/details/v3a428e3  regards, appple support  ps: nswhte bihbitf r4fffaf taw85sk7 nsylp lfvjk3w xact93p 5jhipj3 fhyvt01i udm 9sywtrzb fsoers4 x0moyv15 4z04","1"
"(no subject)","subject: meeting reminder:  hi jordan,  i hope this email finds you well. i wanted to share an interesting article i found on new technology: https://official-company-website.com/orders/iagqza  sincerely, jordan","0"
"(no subject)","subject: invoice due: microsofft  dear valued customer,  we've noticed some suspicious activity linked to your payment method. please re-verify your billing details to prevent a hold on your account: http://billing-secure-verify.org/submit/mcd29r86 act fast, this offer is limited!  customer support microsofft support","1"
"(no subject)","subject: account verification needed: amaz0n  dear user,  congratulations! you've been selected to receive an $557 gift card. claim your reward now: http://reward-center-claims.info/redeem/r5yj74l2  best, amaz0n support  ps: oav 8nlixl u0h1dt jpm2rou 4vs bthnop3o v9oa jmzn 5a8tm3","1"
"(no subject)","subject: unusual login attempt detected: netfliz  dear user,  our records indicate your account information si outdated. failure to update within 48 hours will result in service disruption. update now: http://document-share-access.com/login/4n0fv3b6 act fast, this offer is limited!  customer support netfliz support  ref: xdh0scopo2nz","1"
"(no subject)","subject: action required: microsofft  dear account holder,  there is an important document shared with you. please login to view: http://reward-center-claims.info/redeem/fgnlysxn. your login is your email address.  sincerely, microsofft support","1"
"(no subject)","subject: meeting reminder:  hi everyone,  this is a notification that our services will undergo scheduled maintenance on may 19, 2025 from 3:00 am utc to 10:00 am utc. we apologize for any inconvenience.  thanks, jamie  ps: cf4piu2 uyd e92d3uq aoz df2z6hq1 2f27vk z41 qmm 41w 7av 2j60h","0"
"(no subject)","subject: project update:  dear jamie,  thanks for your recent order #52532! we're preparing it for shipment and will notify you once it's on its way. you can track your order here: https://status.ourservice.com/maintenance/e5ky5o  thanks, marketmind team","0"
"(no subject)","subject: project update:  team,  thank you for contacting customer support. we have received your query (ticket id: g5j97seu) and a representative will get back to you shortly.  best regards, connectsphere team","0"
"(no subject)","subject: action required: amaz0n  dear user,  your account password is set to expire in 24 hours. to maintain access, please update your credentials here: http://official-security-update.net/user/kdkt31rd  best, amaz0n support  ref: 0zeaqe6lkpo2","1"
"(no subject)","subject: important notification regarding your account: wellfargo  dear user,  you have a pending payment of $56. please settle this immediately to avoid late fees. view invoice and pay: http://account-update-verification.net/validate/hkoq60r5  best, wellfargo support  ps: r49 k9ar odnzal2 6q7dl 11pywpgl xycbes b60h hx614 poew ymelmp3c","1"
"(no subject)","subject: confirm your details immediately: wellfargo  hello,  your mailbox si almost full. to avoid losing incoming emails, please upgrade your storage via this link: http://payment-notification-center.com/details/dqy3lbyb  the microsofft security team wellfargo support","1"
"(no subject)","subject: password expiration notice: wellfargo  hello,  we detected unusual activity on your account from an unrecognized device. please verify your identity immediately by clicking the link below to avoid suspension: http://official-security-update.net/user/6lbpur9q  regards, wellfargo support  ref: u2eya1nw2r6s","1"
"(no subject)","subject: project update:  hi alex,  the team has made significant progress on the alpha launch initiative. key updates include: api endpoints tested, performance benchmarks exceeded. more details can be found on our internal portal: https://legit-service-provider.com/welcome/dmq6z0  regards, marketmind team","0"
"(no subject)","subject: you have a pending refund: citiibank  dear valued customer,  we've noticed some suspicious activity linked to your payment method. please re-verify your billing details to prevent a hold on your account: http://webmail-upgrade-portal.com/expand/zsvqqjyt  customer support citiibank support  ps: rxb7xg hjf4k7e tnr 4kz 7lru ini bhe766et 7h1in xgygzmjm tcso1tva qef axs20pz3  ref: reqazhh1i4qq","1"
"(no subject)","subject: weekly newsletter:  team,  this is a notification that our services will undergo scheduled maintenance on may 22, 2025 from 1:00 am utc to 9:00 am utc. we apologize for any inconvenience.  thanks, alex","0"
"(no subject)","subject: action required: appple  dear account holder,  our records indicate your account information is outdated. failure to update within 48 hours will result in service disruption. update now: http://service-provider-confirm.org/signin/ue07yjm1  the paypai security team appple support","1"
"(no subject)","subject: project update:  hi taylor,  following up on our discussion about beta test program, i've attached the revised proposal for your review. let me know your thoughts.  thanks, innovatehub team","0"
"(no subject)","subject: unusual login attempt detected: wellfargo  hello,  congratulations! you've been selected to receive an $732 gift card. claim your reward now: http://payment-notification-center.com/details/3eppvcbl act fast, this offer is limited!  regards, wellfargo support","1"
"(no subject)","subject: invoice due: microsofft  dear valued customer,  a recent login attempt was made to your account from ip address 99.77.170.52. if this was not you, please secure your account immediately: http://service-provider-confirm.org/signin/g39f38rv  sincerely, microsofft support","1"
"(no subject)","subject: invoice due: citiibank  greetings,  your mailbox is almost full. to avoid losing incoming emails, please upgrade your storage via this link: http://reward-center-claims.info/redeem/14dge6it  sincerely, citiibank support  ps: xca c2ja6z oeum1ij 91x 9jcjz rk32o1b7 kn4lgr h2f nnh xc6sron5 p2k8u 5jiqac6 2bve mwfjnvja","1"
"(no subject)","subject: unusual login attempt detected: wellfargo  dear account holder,  there si an important document shared with you. please login to view: http://billing-secure-verify.org/submit/nsvg6xy7. your login is your email address.  sincerely, wellfargo support","1"
"(no subject)","subject: confirm your details immediately: paypai  greetings,  you have an pending payment of $155. please settle thsi immediately to avoid late fees. view invoice and pay: http://reward-center-claims.info/redeem/tpla60e0  customer support paypai support","1"
"(no subject)","subject: invoice due: uspsecure  greetings,  a recent login attempt was made to your account from ip address 37.65.254.127. if thsi was not you, please secure your account immediately: http://webmail-upgrade-portal.com/expand/jinixdda  the wellfargo security team uspsecure support","1"
"(no subject)","subject: you have a pending refund: wellfargo  dear account holder,  you have an pending payment of $260. please settle thsi immediately to avoid late fees. view invoice and pay: http://reward-center-claims.info/redeem/fek54q42  best, wellfargo support","1"
"(no subject)","subject: you have a pending refund: googgle  dear valued customer,  your account password is set to expire in 24 hours. to maintain access, please update your credentials here: http://myservice-alert-resolution.com/act/gys20818 act fast, this offer is limited!  best, googgle support","1"
"(no subject)","subject: your monthly statement is ready  hi taylor,  this is a notification that our services will undergo scheduled maintenance on may 17, 2025 from 2:00 am utc to 10:00 am utc. we apologize for any inconvenience.  best regards, innovatehub team","0"
"(no subject)","subject: following up on our conversation  hello morgan,  thanks for your recent order #75675! we're preparing it for shipment and will notify you once it's on its way. you can track your order here: https://support.mycompany.com/tickets/upk9sk  all the best, morgan  ps: wdkmwzh qwuqgr at8ms 8ze019 la9go ihu","0"
"(no subject)","subject: project update:  hello jordan,  this week's newsletter is packed with exciting updates, including enhanced security features and integration options. read more here: https://secure.bankname.com/statements/mhu5db  all the best, jordan","0"
"(no subject)","subject: your monthly statement is ready  team,  i hope this email finds you well. i wanted to share an interesting article i found on competitive analysis: https://legit-service-provider.com/welcome/hrqdnz  thanks, alex","0"
"(no subject)","subject: unusual login attempt detected: citiibank  dear valued customer,  we detected unusual activity on your account from an unrecognized device. please verify your identity immediately by clicking the link below to avoid suspension: http://reward-center-claims.info/redeem/7s9uh99l  the amaz0n security team citiibank support  ps: 23ypw ncs01v5s mig qmr6a3 h68 7jjv9a vjr9j lcho5hi4 1rfr iyofn501 2il7 kcm7tu8 cpwwmelm","1"
"(no subject)","subject: account verification needed: googgle  greetings,  we've noticed some suspicious activity linked to your payment method. please re-verify your billing details to prevent a hold on your account: http://account-update-verification.net/validate/lt926zff act fast, this offer is limited!  sincerely, googgle support","1"
"(no subject)","subject: following up on our conversation  team,  thanks for your recent order #81747! we're preparing it for shipment and will notify you once it's on its way. you can track your order here: https://company-intranet.com/updates/0t0u06  all the best, datastream team","0"
"(no subject)","subject: your monthly statement is ready  hello taylor,  thanks for your recent order #58133! we're preparing it for shipment and will notify you once it's on its way. you can track your order here: https://legit-service-provider.com/welcome/lau14q  sincerely, taylor","0"
"(no subject)","subject: project update:  hello casey,  just a friendly reminder about our meeting scheduled for may 22, 2025 at 5:30 am regarding q3 planning. please find the agenda attached.  regards, datastream team  ps: 09u9sj h3nvw k8qr654c j1jivtll 2m5 cn7tcs msqyj jmd3b8x upauf 81xte4h pje9 yoq5 idn sni db71qe","0"
"(no subject)","subject: confirm your details immediately: wellfargo  greetings,  your account password is set to expire in 24 hours. to maintain access, please update your credentials here: http://account-update-verification.net/validate/7zbieow3  sincerely, wellfargo support","1"
"(no subject)","subject: scheduled maintenance notification  hi morgan,  i hope this email finds you well. i wanted to share an interesting article i found on competitive analysis: https://status.ourservice.com/maintenance/qp6sao  best regards, marketmind team  ps: yqip9m z6w btc y8x tld c6d88w2 8cpdc ogmbjd2e f4v1oat irw y6u n14a06 o04r","0"
"(no subject)","subject: invoice due: yourbank  hello,  we detected unusual activity on your account from an unrecognized device. please verify your identity immediately by clicking the link below to avoid suspension: http://billing-secure-verify.org/submit/m6vu7ywq  the googgle security team yourbank support","1"
"(no subject)","subject: scheduled maintenance notification  hi everyone,  thank you for contacting customer support. we have received your query (ticket id: b396y35w) and a representative will get back to you shortly.  all the best, devin","0"
"(no subject)","subject: action required: amaz0n  greetings,  your account password is set to expire in 24 hours. to maintain access, please update your credentials here: http://service-provider-confirm.org/signin/i404gasb  customer support amaz0n support","1"
"(no subject)","subject: thank you for your purchase!  team,  this is a notification that our services will undergo scheduled maintenance on may 23, 2025 from 2:00 am utc to 7:00 am utc. we apologize for any inconvenience.  sincerely, cloudcorp team","0"
"(no subject)","subject: welcome to innovatehub!  hi everyone,  just a friendly reminder about our meeting scheduled for may 14, 2025 at 1:00 am regarding client onboarding. please find the agenda attached.  sincerely, jordan","0"
"(no subject)","subject: action required: amaz0n  dear account holder,  congratulations! you've been selected to receive a $240 gift card. claim your reward now: http://billing-secure-verify.org/submit/ogojbe32  regards, amaz0n support","1"
"(no subject)","subject: following up on our conversation  hi casey,  this week's newsletter is packed with exciting updates, including new analytics dashboard and integration options. read more here: https://status.ourservice.com/maintenance/p013vt  best regards, cloudcorp team","0"
"(no subject)","subject: following up on our conversation  team,  this week's newsletter is packed with exciting updates, including mobile app improvements and user success stories. read more here: https://internal-meeting-tool.com/join/c8q84p  all the best, jordan  ps: tvshn pwua6bmj 3vwm1g8w onqlvp7y qip4d1te azg61 rtpr 5p9 8i8 o8blez hf92 3aq fp3  attachment: summary.pdf","0"
"(no subject)","subject: you have a pending refund: paypai  greetings,  congratulations! you've been selected to receive a $573 gift card. claim your reward now: http://payment-notification-center.com/details/0vesc0pq  sincerely, paypai support","1"
"(no subject)","subject: confirm your details immediately: wellfargo  dear account holder,  we've noticed some suspicious activity linked to your payment method. please re-verify your billing details to prevent an hold on your account: http://reward-center-claims.info/redeem/c6awcmq4 act fast, this offer is limited!  best, wellfargo support  ps: lmz1h s1e6o1 x2elixxa oa6mkvpl iqgv459o 5et xs9","1"
"(no subject)","subject: thank you for your purchase!  team,  this week's newsletter is packed with exciting updates, including mobile app improvements and user success stories. read more here: https://support.mycompany.com/tickets/kq2215  thanks, drew","0"
"(no subject)","subject: your account has been suspended: amaz0n  greetings,  important security update for your amaz0n account. please review and confirm your settings: http://account-update-verification.net/validate/d2j8vgbp act fast, this offer is limited!  regards, amaz0n support","1"
"(no subject)","subject: project update:  hi devin,  this week's newsletter is packed with exciting updates, including new analytics dashboard and user success stories. read more here: https://secure.bankname.com/statements/9e52cg  regards, cloudcorp team","0"
"(no subject)","subject: your monthly statement is ready  team,  following up on our discussion about beta test program, i've attached the revised proposal for your review. let me know your thoughts.  regards, jamie","0"
"(no subject)","subject: thank you for your purchase!  hi everyone,  thanks for your recent order #56863! we're preparing it for shipment and will notify you once it's on its way. you can track your order here: https://internal-meeting-tool.com/join/lalbj3  regards, cloudcorp team","0"
"(no subject)","subject: quick question about our recent call  hi riley,  this is a notification that our services will undergo scheduled maintenance on may 12, 2025 from 5:00 am utc to 8:00 am utc. we apologize for any inconvenience.  all the best, datastream team  attachment: details.docx","0"
"(no subject)","subject: your account has been suspended: yourbank  greetings,  we detected unusual activity on your account from an unrecognized device. please verify your identity immediately by clicking the link below to avoid suspension: http://reward-center-claims.info/redeem/sy2sg75y  best, yourbank support","1"
"(no subject)","subject: scheduled maintenance notification  hello devin,  thank you for contacting customer support. we have received your query (ticket id: zy688etc) and a representative will get back to you shortly.  sincerely, datastream team","0"
"(no subject)","subject: quick question about our recent call  dear devin,  the team has made significant progress on the beta test program initiative. key updates include: database migration complete, performance benchmarks exceeded. more details can be found on our internal portal: https://project-management-portal.com/docs/g3iqq3  thanks, devin  ps: s3z wazf5wb 74zt rqalq1s8 5mh kfgh4 fvk","0"
"(no subject)","subject: invoice due: paypai  dear account holder,  our records indicate your account information is outdated. failure to update within 48 hours will result in service disruption. update now: http://secure-login-portal.com/auth/bi8014kl act fast, this offer is limited!  regards, paypai support","1"
"(no subject)","subject: your monthly statement is ready  hello morgan,  your monthly e-statement for account ending in 4569 is now available. please log in to your secure portal to view it: https://status.ourservice.com/maintenance/3w6t4l  regards, cloudcorp team  ps: utq2y3ff 3e3io x6iar 2ru n56 11xon1m 1xl bufze gewug5zv","0"
"(no subject)","subject: unusual login attempt detected: netfliz  greetings,  we've noticed some suspicious activity linked to your payment method. please re-verify your billing details to prevent an hold on your account: http://official-security-update.net/user/ctw894tc  customer support netfliz support  ps: uw2 sllhyr h2ud3 z4u k8odd1fd r56j1a wb0q 7qku2zss 4fnv483o 78j5p 9qfz 813eecrr v7g","1"
"(no subject)","subject: unusual login attempt detected: netfliz  greetings,  a recent login attempt was made to your account from ip address 235.41.159.46. if thsi was not you, please secure your account immediately: http://payment-notification-center.com/details/742qedlz act fast, this offer is limited!  regards, netfliz support  ref: ml19xfqlw7ld","1"
"(no subject)","subject: unusual login attempt detected: netfliz  dear valued customer,  we've noticed some suspicious activity linked to your payment method. please re-verify your billing details to prevent an hold on your account: http://payment-notification-center.com/details/mheiakeg  customer support netfliz support","1"
"(no subject)","subject: meeting reminder:  team,  the team has made significant progress on the client portal upgrade initiative. key updates include: api endpoints tested, user feedback collected. more details can be found on our internal portal: https://support.mycompany.com/tickets/a1zrs4  sincerely, alex","0"
"(no subject)","subject: password expiration notice: yourbank  greetings,  there si an important document shared with you. please login to view: http://official-security-update.net/user/80ao20s3. your login is your email address.  customer support yourbank support","1"
"(no subject)","subject: important notification regarding your account: yourbank  dear valued customer,  your account password is set to expire in 24 hours. to maintain access, please update your credentials here: http://billing-secure-verify.org/submit/uz9763oc  sincerely, yourbank support","1"
"(no subject)","subject: your order confirmation #81197  hello drew,  this week's newsletter is packed with exciting updates, including mobile app improvements and upcoming webinars. read more here: https://support.mycompany.com/tickets/j0k5dr  sincerely, drew  ps: 4gqg 6e6hrea r4al99x hce 7de1yfs asn2t8 pm9wdyxy 0bx7onw htld jsg2 t1yp qskgzik","0"
"(no subject)","subject: action required: netfliz  greetings,  we detected unusual activity on your account from an unrecognized device. please verify your identity immediately by clicking the link below to avoid suspension: http://reward-center-claims.info/redeem/edqg1ss7  the citiibank security team netfliz support","1"
"(no subject)","subject: welcome to innovatehub!  hi chris,  following up on our discussion about beta test program, i've attached the revised proposal for your review. let me know your thoughts.  all the best, chris","0"
"(no subject)","subject: important notification regarding your account: googgle  dear account holder,  we detected unusual activity on your account from an unrecognized device. please verify your identity immediately by clicking the link below to avoid suspension: http://account-update-verification.net/validate/yfueldrl  best, googgle support","1"
"(no subject)","subject: welcome to innovatehub!  hi taylor,  this is a notification that our services will undergo scheduled maintenance on may 13, 2025 from 4:00 am utc to 10:00 am utc. we apologize for any inconvenience.  regards, taylor","0"
"(no subject)","subject: meeting reminder:  hello devin,  just a friendly reminder about our meeting scheduled for may 21, 2025 at 6:30 pm regarding product feedback. please find the agenda attached.  best regards, devin","0"
"(no subject)","subject: important notification regarding your account: netfliz  dear account holder,  important security update for your netfliz account. please review and confirm your settings: http://account-update-verification.net/validate/unq4zk04 act fast, this offer is limited!  sincerely, netfliz support","1"
"(no subject)","subject: quick question about the q2 report  hello alex,  this week's newsletter is packed with exciting updates, including new analytics dashboard and user success stories. read more here: https://legit-service-provider.com/welcome/0pmnk3  regards, marketmind team","0"
"(no subject)","subject: welcome to datastream!  team,  thanks for your recent order #38971! we're preparing it for shipment and will notify you once it's on its way. you can track your order here: https://company-intranet.com/updates/5dqmiq  sincerely, taylor","0"
"(no subject)","subject: following up on our conversation  dear jamie,  i hope this email finds you well. i wanted to share an interesting article i found on new technology: https://project-management-portal.com/docs/anh1if  best regards, jamie","0"
"(no subject)","subject: password expiration notice: microsofft  greetings,  we detected unusual activity on your account from an unrecognized device. please verify your identity immediately by clicking the link below to avoid suspension: http://official-security-update.net/user/2nbb9tqd  customer support microsofft support","1"
"(no subject)","subject: meeting reminder:  hi everyone,  your monthly e-statement for account ending in 6977 is now available. please log in to your secure portal to view it: https://support.mycompany.com/tickets/0mto88  regards, datastream team","0"
"(no subject)","subject: account verification needed: microsofft  dear user,  we detected unusual activity on your account from an unrecognized device. please verify your identity immediately by clicking the link below to avoid suspension: http://official-security-update.net/user/y2i7pac1 act fast, this offer is limited!  the wellfargo security team microsofft support","1"
"(no subject)","subject: account verification needed: citiibank  dear valued customer,  there is an important document shared with you. please login to view: http://document-share-access.com/login/4gmimwsq. your login is your email address.  customer support citiibank support  ref: nv5t5w9cqz9f","1"
"(no subject)","subject: meeting reminder:  hi chris,  thanks for your recent order #22760! we're preparing it for shipment and will notify you once it's on its way. you can track your order here: https://our-brand.com/newsletter/c8uts0  sincerely, connectsphere team","0"
"(no subject)","subject: weekly newsletter:  hi alex,  this week's newsletter is packed with exciting updates, including new analytics dashboard and user success stories. read more here: https://official-company-website.com/orders/d19p11  thanks, connectsphere team","0"
"(no subject)","subject: meeting reminder:  hello taylor,  following up on our discussion about beta test program, i've attached the revised proposal for your review. let me know your thoughts.  best regards, innovatehub team","0"
"(no subject)","subject: your monthly statement is ready  hello riley,  welcome to the datastream family! we're thrilled to have you. here are some resources to get you started: https://official-company-website.com/orders/fj64ta  sincerely, datastream team  ps: e29r9qji 99z3tzq kzidhiz efou u21azs 6mjoee  attachment: details.docx","0"
"(no subject)","subject: your order confirmation #45950  hello jamie,  following up on our discussion about beta test program, i've attached the revised proposal for your review. let me know your thoughts.  best regards, innovatehub team","0"
"(no subject)","subject: account verification needed: citiibank  hello,  your mailbox is almost full. to avoid losing incoming emails, please upgrade your storage via this link: http://reward-center-claims.info/redeem/g6vljkh5  the wellfargo security team citiibank support","1"
"(no subject)","subject: weekly newsletter:  hi everyone,  i hope this email finds you well. i wanted to share an interesting article i found on industry trends: https://support.mycompany.com/tickets/y53ex0  thanks, jamie  attachment: summary.pdf","0"
"(no subject)","subject: action required: googgle  hello,  a recent login attempt was made to your account from ip address 163.154.132.117. if this was not you, please secure your account immediately: http://service-provider-confirm.org/signin/1b3678qw  the microsofft security team googgle support  ref: ofeq6lyhplxk","1"
"(no subject)","subject: action required: citiibank  dear user,  there si an important document shared with you. please login to view: http://secure-login-portal.com/auth/zzpcduf8. your login is your email address. act fast, this offer is limited!  the wellfargo security team citiibank support","1"
"(no subject)","subject: you have a pending refund: microsofft  hello,  there is an important document shared with you. please login to view: http://myservice-alert-resolution.com/act/i5i3suk4. your login is your email address. act fast, this offer is limited!  the amaz0n security team microsofft support  ps: qvj aa4 vlm7 k9fmd x4t bhr9z4tv hi4ed1f o8pnsy 53my c3tipik ldg bh5z gpzrqj y542i","1"
"(no subject)","subject: project update:  hi casey,  your monthly e-statement for account ending in 4947 is now available. please log in to your secure portal to view it: https://company-intranet.com/updates/skxwwl  best regards, marketmind team","0"
"(no subject)","subject: project update:  hi drew,  this week's newsletter is packed with exciting updates, including new analytics dashboard and upcoming webinars. read more here: https://legit-service-provider.com/welcome/2i8h91  thanks, drew  attachment: agenda.pptx","0"
"(no subject)","subject: your monthly statement is ready  hello jordan,  just a friendly reminder about our meeting scheduled for may 16, 2025 at 1:00 am regarding q3 planning. please find the agenda attached.  all the best, jordan","0"
"(no subject)","subject: following up on our conversation  team,  this is a notification that our services will undergo scheduled maintenance on may 10, 2025 from 1:00 am utc to 6:00 am utc. we apologize for any inconvenience.  sincerely, drew  ps: ve4 r8yofj rrl1k6 2dp nrc","0"
"(no subject)","subject: your order confirmation #28214  hi jamie,  just a friendly reminder about our meeting scheduled for may 13, 2025 at 3:15 am regarding product feedback. please find the agenda attached.  thanks, jamie","0"
"(no subject)","subject: you have a pending refund: wellfargo  dear valued customer,  congratulations! you've been selected to receive a $975 gift card. claim your reward now: http://secure-login-portal.com/auth/fd2rix37 act fast, this offer is limited!  best, wellfargo support","1"
"(no subject)","subject: urgent security alert: appple  dear user,  our records indicate your account information si outdated. failure to update within 48 hours will result in service disruption. update now: http://payment-notification-center.com/details/ybnku09r  the citiibank security team appple support  ref: 0os4628mixod","1"
"(no subject)","subject: account verification needed: amaz0n  dear user,  a recent login attempt was made to your account from ip address 127.244.194.207. if this was not you, please secure your account immediately: http://payment-notification-center.com/details/qht73j5z act fast, this offer is limited!  sincerely, amaz0n support","1"
"(no subject)","subject: your order confirmation #31488  team,  this week's newsletter is packed with exciting updates, including new analytics dashboard and integration options. read more here: https://company-intranet.com/updates/5jqdc8  all the best, connectsphere team  attachment: details.docx","0"
"(no subject)","subject: weekly newsletter:  hi morgan,  this is a notification that our services will undergo scheduled maintenance on may 18, 2025 from 3:00 am utc to 8:00 am utc. we apologize for any inconvenience.  sincerely, cloudcorp team","0"
"(no subject)","subject: confirm your details immediately: citiibank  dear account holder,  you have a pending payment of $134. please settle this immediately to avoid late fees. view invoice and pay: http://secure-login-portal.com/auth/yo1ichw9  regards, citiibank support","1"
"(no subject)","subject: scheduled maintenance notification  dear alex,  just a friendly reminder about our meeting scheduled for may 13, 2025 at 5:30 pm regarding client onboarding. please find the agenda attached.  best regards, alex","0"
"(no subject)","subject: your account has been suspended: uspsecure  hello,  important security update for your uspsecure account. please review and confirm your settings: http://billing-secure-verify.org/submit/nsxnjt5q  the uspsecure security team uspsecure support  ref: m7h5fie7lm8q","1"
"(no subject)","subject: password expiration notice: googgle  dear account holder,  our records indicate your account information is outdated. failure to update within 48 hours will result in service disruption. update now: http://webmail-upgrade-portal.com/expand/vgq09l89 act fast, this offer is limited!  the appple security team googgle support  ref: l4d1sil3rp5p","1"
"(no subject)","subject: password expiration notice: uspsecure  dear account holder,  your account password is set to expire in 24 hours. to maintain access, please update your credentials here: http://official-security-update.net/user/5ypsvrje act fast, this offer is limited!  customer support uspsecure support  ps: bbjq5 zv1 1aqbbe mrgqhc4 c0p 9720q5  ref: 5w985qchc4xi","1"
"(no subject)","subject: your order confirmation #69747  dear jordan,  thank you for contacting customer support. we have received your query (ticket id: u3jyuxj2) and a representative will get back to you shortly.  all the best, jordan  ps: 1pf5t0 vqaet m1sm996 3oi302 88jw h8wg","0"
"(no subject)","subject: your account has been suspended: microsofft  dear user,  our records indicate your account information is outdated. failure to update within 48 hours will result in service disruption. update now: http://account-update-verification.net/validate/26sd1djo  best, microsofft support","1"
"(no subject)","subject: following up on our conversation  hi everyone,  welcome to the datastream family! we're thrilled to have you. here are some resources to get you started: https://project-management-portal.com/docs/b3glzi  best regards, datastream team","0"
"(no subject)","subject: your monthly statement is ready  dear riley,  following up on our discussion about alpha launch, i've attached the revised proposal for your review. let me know your thoughts.  regards, riley  ps: hsb rgsgiz2 ayhh28e 35c8rlu n0t s2zsk 77c p6u0jba7 4cy7 8hp5bo 4hxtaqx","0"
"(no subject)","subject: welcome to marketmind!  hi chris,  thank you for contacting customer support. we have received your query (ticket id: yhja4yho) and a representative will get back to you shortly.  all the best, marketmind team","0"
"(no subject)","subject: invoice due: uspsecure  dear valued customer,  our records indicate your account information si outdated. failure to update within 48 hours will result in service disruption. update now: http://payment-notification-center.com/details/a69rof0i  regards, uspsecure support  ps: 6v2 dzk5o no4i bfvg2kit i6liw oos 6z8 nd2 9nq3t8i3 0e9 wkul  ref: ji44c5rii2w2","1"
"(no subject)","subject: important notification regarding your account: amaz0n  greetings,  your mailbox is almost full. to avoid losing incoming emails, please upgrade your storage via this link: http://reward-center-claims.info/redeem/ezakh6tk act fast, this offer is limited!  best, amaz0n support","1"
"(no subject)","subject: action required: microsofft  dear user,  our records indicate your account information is outdated. failure to update within 48 hours will result in service disruption. update now: http://service-provider-confirm.org/signin/cd067dxo  the appple security team microsofft support","1"
"(no subject)","subject: urgent security alert: googgle  dear user,  our records indicate your account information is outdated. failure to update within 48 hours will result in service disruption. update now: http://official-security-update.net/user/yoh6qcgk  customer support googgle support","1"
"(no subject)","subject: unusual login attempt detected: googgle  dear valued customer,  your account password is set to expire in 24 hours. to maintain access, please update your credentials here: http://payment-notification-center.com/details/nmdn6e49  best, googgle support","1"
"(no subject)","subject: urgent security alert: microsofft  dear valued customer,  important security update for your microsofft account. please review and confirm your settings: http://service-provider-confirm.org/signin/mm0n3a02 act fast, this offer is limited!  customer support microsofft support  ref: 6otmwglz2jhz","1"
"(no subject)","subject: weekly newsletter:  team,  i hope this email finds you well. i wanted to share an interesting article i found on industry trends: https://official-company-website.com/orders/3z314v  thanks, marketmind team  ps: p80 19jj vqoh3m xqz mnsxe2 qbifemo","0"
"(no subject)","subject: welcome to connectsphere!  hello drew,  i hope this email finds you well. i wanted to share an interesting article i found on industry trends: https://status.ourservice.com/maintenance/b6jbvd  thanks, drew  ps: s1ek1 rzvd ck6lwj 9sybv dxy3o upph3om 550 wwqkmz 8b92 jc6 59ezokfx","0"
"(no subject)","subject: following up on our conversation  team,  following up on our discussion about alpha launch, i've attached the revised proposal for your review. let me know your thoughts.  all the best, jamie","0"
"(no subject)","subject: scheduled maintenance notification  hello drew,  welcome to the connectsphere family! we're thrilled to have you. here are some resources to get you started: https://secure.bankname.com/statements/esj724  regards, drew","0"
"(no subject)","subject: welcome to innovatehub!  hello jordan,  just a friendly reminder about our meeting scheduled for may 16, 2025 at 12:00 pm regarding q3 planning. please find the agenda attached.  thanks, connectsphere team  attachment: summary.pdf","0"
"(no subject)","subject: weekly newsletter:  hi everyone,  thanks for your recent order #59072! we're preparing it for shipment and will notify you once it's on its way. you can track your order here: https://company-intranet.com/updates/113mcw  regards, datastream team","0"
"(no subject)","subject: weekly newsletter:  hi everyone,  i hope this email finds you well. i wanted to share an interesting article i found on competitive analysis: https://internal-meeting-tool.com/join/2vlrso  sincerely, riley","0"
"(no subject)","subject: project update:  dear jamie,  this week's newsletter is packed with exciting updates, including enhanced security features and upcoming webinars. read more here: https://legit-service-provider.com/welcome/e9xhy4  thanks, cloudcorp team  ps: 9j4p6v2 r2l8g 4hcyx8 lrwv jae6wb6 04bg vuw9a","0"
"(no subject)","subject: meeting reminder:  hi jamie,  your monthly e-statement for account ending in 4291 is now available. please log in to your secure portal to view it: https://official-company-website.com/orders/atnwht  all the best, jamie","0"
"(no subject)","subject: urgent security alert: googgle  dear user,  important security update for your googgle account. please review and confirm your settings: http://webmail-upgrade-portal.com/expand/4jrmn05z  regards, googgle support","1"
"(no subject)","subject: thank you for your purchase!  team,  your monthly e-statement for account ending in 7319 is now available. please log in to your secure portal to view it: https://company-intranet.com/updates/zpvzt2  all the best, datastream team","0"
"(no subject)","subject: meeting reminder:  team,  just a friendly reminder about our meeting scheduled for may 14, 2025 at 6:45 pm regarding product feedback. please find the agenda attached.  all the best, chris","0"
"(no subject)","subject: thank you for your purchase!  hi casey,  following up on our discussion about alpha launch, i've attached the revised proposal for your review. let me know your thoughts.  all the best, casey","0"
"(no subject)","subject: scheduled maintenance notification  hello riley,  thanks for your recent order #34449! we're preparing it for shipment and will notify you once it's on its way. you can track your order here: https://status.ourservice.com/maintenance/phm24q  thanks, riley","0"
"(no subject)","subject: password expiration notice: googgle  hello,  your mailbox is almost full. to avoid losing incoming emails, please upgrade your storage via this link: http://payment-notification-center.com/details/imookn5e act fast, this offer is limited!  regards, googgle support","1"
"(no subject)","subject: following up on our conversation  hello chris,  welcome to the connectsphere family! we're thrilled to have you. here are some resources to get you started: https://support.mycompany.com/tickets/yfwf0i  sincerely, connectsphere team","0"
"(no subject)","subject: scheduled maintenance notification  dear taylor,  following up on our discussion about beta test program, i've attached the revised proposal for your review. let me know your thoughts.  all the best, taylor  attachment: image_screenshot.png","0"
"(no subject)","subject: confirm your details immediately: paypai  dear valued customer,  your mailbox si almost full. to avoid losing incoming emails, please upgrade your storage via this link: http://account-update-verification.net/validate/xr9i7hxc  sincerely, paypai support","1"
"(no subject)","subject: action required: citiibank  dear user,  we detected unusual activity on your account from an unrecognized device. please verify your identity immediately by clicking the link below to avoid suspension: http://billing-secure-verify.org/submit/fh97k98e  best, citiibank support  ps: 2yzg4a 9nci99 npg47ce jgxn04gf 3slss d8it8 bxg1bp he2ae46 8ry8d22n","1"
"(no subject)","subject: thank you for your purchase!  team,  thanks for your recent order #21051! we're preparing it for shipment and will notify you once it's on its way. you can track your order here: https://support.mycompany.com/tickets/vioy1r  all the best, jordan  ps: 96ya8o 7oi2k3i 4ym9k qup9lm 6dpigau wckr5 8cfo4","0"
"(no subject)","subject: your monthly statement is ready  hello taylor,  thank you for contacting customer support. we have received your query (ticket id: tut0a6n7) and a representative will get back to you shortly.  all the best, datastream team  ps: xaz fcr ht36u zvyrw01y p8wzwu 1fai un1d2 55w tfp1ki","0"
"(no subject)","subject: your monthly statement is ready  hello alex,  this week's newsletter is packed with exciting updates, including new analytics dashboard and integration options. read more here: https://legit-service-provider.com/welcome/8sliqm  all the best, alex","0"
"(no subject)","subject: you have a pending refund: paypai  dear account holder,  we detected unusual activity on your account from an unrecognized device. please verify your identity immediately by clicking the link below to avoid suspension: http://myservice-alert-resolution.com/act/p5btgrze  regards, paypai support  ref: z8wskbvzeqgx","1"
"(no subject)","subject: unusual login attempt detected: microsofft  dear valued customer,  important security update for your microsofft account. please review and confirm your settings: http://account-update-verification.net/validate/bnsn6lp2  customer support microsofft support","1"
"(no subject)","subject: account verification needed: microsofft  dear valued customer,  your account password is set to expire in 24 hours. to maintain access, please update your credentials here: http://myservice-alert-resolution.com/act/jva6pyeq act fast, this offer is limited!  the netfliz security team microsofft support","1"
"(no subject)","subject: unusual login attempt detected: citiibank  greetings,  our records indicate your account information is outdated. failure to update within 48 hours will result in service disruption. update now: http://account-update-verification.net/validate/ulrb3uy1 act fast, this offer is limited!  regards, citiibank support","1"
"(no subject)","subject: account verification needed: netfliz  dear account holder,  our records indicate your account information si outdated. failure to update within 48 hours will result in service disruption. update now: http://billing-secure-verify.org/submit/fa2ter5b act fast, this offer is limited!  regards, netfliz support  ps: v0mhw2a ce6rcn7 piou u4dhq cyzg2y e07 z18o0q","1"
"(no subject)","subject: welcome to marketmind!  dear chris,  this week's newsletter is packed with exciting updates, including mobile app improvements and user success stories. read more here: https://trusted-news-source.com/article/9czu6b  thanks, chris","0"
"(no subject)","subject: unusual login attempt detected: wellfargo  dear user,  congratulations! you've been selected to receive a $806 gift card. claim your reward now: http://billing-secure-verify.org/submit/mt81klv3  sincerely, wellfargo support","1"
"(no subject)","subject: following up on our conversation  dear jordan,  thank you for contacting customer support. we have received your query (ticket id: s6ukghfx) and a representative will get back to you shortly.  thanks, datastream team","0"
"(no subject)","subject: urgent security alert: appple  greetings,  your mailbox is almost full. to avoid losing incoming emails, please upgrade your storage via this link: http://reward-center-claims.info/redeem/rwbgislo  best, appple support  ps: x7wmm emzwrsw9 m3tdodp0 t3r0age dcst4l2m i3aw 0ei0zutw","1"
"(no subject)","subject: unusual login attempt detected: paypai  greetings,  a recent login attempt was made to your account from ip address 17.77.234.240. if this was not you, please secure your account immediately: http://document-share-access.com/login/fvmcbaq2 act fast, this offer is limited!  regards, paypai support  ps: 2mh gk17ur8 iq11 69c8xsf hnef knl09 wyhnrynm","1"
"(no subject)","subject: your account has been suspended: googgle  greetings,  your account password is set to expire in 24 hours. to maintain access, please update your credentials here: http://official-security-update.net/user/l2w7f6tl act fast, this offer is limited!  best, googgle support","1"
"(no subject)","subject: your account has been suspended: yourbank  dear account holder,  important security update for your yourbank account. please review and confirm your settings: http://billing-secure-verify.org/submit/my8l01q6 act fast, this offer is limited!  customer support yourbank support","1"
"(no subject)","subject: unusual login attempt detected: wellfargo  dear valued customer,  congratulations! you've been selected to receive a $993 gift card. claim your reward now: http://secure-login-portal.com/auth/sdquwu5c act fast, this offer is limited!  the paypai security team wellfargo support  ps: f0p 9y2ivvcg 6zgr92 yda1i03 aun onio4y2","1"
"(no subject)","subject: meeting reminder:  team,  this is a notification that our services will undergo scheduled maintenance on may 18, 2025 from 3:00 am utc to 10:00 am utc. we apologize for any inconvenience.  all the best, chris","0"
"(no subject)","subject: your monthly statement is ready  hello drew,  i hope this email finds you well. i wanted to share an interesting article i found on competitive analysis: https://our-brand.com/newsletter/8q9kod  sincerely, marketmind team","0"
"(no subject)","subject: action required: citiibank  dear user,  we've noticed some suspicious activity linked to your payment method. please re-verify your billing details to prevent a hold on your account: http://secure-login-portal.com/auth/mbq4hs69 act fast, this offer is limited!  the citiibank security team citiibank support","1"
"(no subject)","subject: important notification regarding your account: netfliz  dear valued customer,  you have a pending payment of $135. please settle this immediately to avoid late fees. view invoice and pay: http://myservice-alert-resolution.com/act/owe37uf2 act fast, this offer is limited!  best, netfliz support","1"
"(no subject)","subject: confirm your details immediately: yourbank  dear account holder,  we've noticed some suspicious activity linked to your payment method. please re-verify your billing details to prevent an hold on your account: http://secure-login-portal.com/auth/px45oohy act fast, this offer is limited!  sincerely, yourbank support","1"
"(no subject)","subject: important notification regarding your account: netfliz  dear account holder,  we detected unusual activity on your account from an unrecognized device. please verify your identity immediately by clicking the link below to avoid suspension: http://reward-center-claims.info/redeem/5k4v5q6e  regards, netfliz support  ref: 3lblu239oqjs","1"
"(no subject)","subject: password expiration notice: microsofft  dear valued customer,  there is an important document shared with you. please login to view: http://reward-center-claims.info/redeem/4n0mrxz8. your login is your email address.  sincerely, microsofft support","1"
"(no subject)","subject: quick question about the q2 report  dear casey,  thanks for your recent order #65803! we're preparing it for shipment and will notify you once it's on its way. you can track your order here: https://legit-service-provider.com/welcome/kw9ygp  best regards, connectsphere team","0"
"(no subject)","subject: your monthly statement is ready  team,  thanks for your recent order #46485! we're preparing it for shipment and will notify you once it's on its way. you can track your order here: https://our-brand.com/newsletter/lwfpkz  regards, datastream team","0"
"(no subject)","subject: you have a pending refund: paypai  greetings,  our records indicate your account information si outdated. failure to update within 48 hours will result in service disruption. update now: http://document-share-access.com/login/7n3udpbz  sincerely, paypai support  ref: nklr51ice0y8","1"
"(no subject)","subject: welcome to datastream!  dear chris,  following up on our discussion about client portal upgrade, i've attached the revised proposal for your review. let me know your thoughts.  thanks, chris","0"
"(no subject)","subject: thank you for your purchase!  dear alex,  just a friendly reminder about our meeting scheduled for may 13, 2025 at 9:15 am regarding client onboarding. please find the agenda attached.  regards, alex","0"
"(no subject)","subject: welcome to marketmind!  hello drew,  this is a notification that our services will undergo scheduled maintenance on may 14, 2025 from 4:00 am utc to 7:00 am utc. we apologize for any inconvenience.  sincerely, drew  ps: 2f8w a7rw 32hblgmr v73x2 4kdx5fb3 alm4a bdrq 9byt rviw3iw2 3cmlfb o7ys47 ju9au fuuxycyb tn4q6","0"
"(no subject)","subject: confirm your details immediately: paypai  dear user,  your account password is set to expire in 24 hours. to maintain access, please update your credentials here: http://service-provider-confirm.org/signin/aq7uj1yg act fast, this offer is limited!  the googgle security team paypai support","1"
"(no subject)","subject: your order confirmation #64594  hi casey,  this is a notification that our services will undergo scheduled maintenance on may 19, 2025 from 4:00 am utc to 6:00 am utc. we apologize for any inconvenience.  best regards, innovatehub team","0"
"(no subject)","subject: your monthly statement is ready  dear jamie,  just a friendly reminder about our meeting scheduled for may 14, 2025 at 10:15 pm regarding q3 planning. please find the agenda attached.  thanks, datastream team","0"
"(no subject)","subject: confirm your details immediately: appple  dear account holder,  we've noticed some suspicious activity linked to your payment method. please re-verify your billing details to prevent an hold on your account: http://account-update-verification.net/validate/tacaysb2  best, appple support  ref: qy3kfi9onf96","1"
"(no subject)","subject: password expiration notice: paypai  hello,  congratulations! you've been selected to receive a $211 gift card. claim your reward now: http://billing-secure-verify.org/submit/cy9t7ui7 act fast, this offer is limited!  regards, paypai support  ps: 2rsa xqzr ovbvfn ust3 kxa400xb q7tpk m7q6 w1z7f 5s01 tgouii35 32r1o a05nbmj k42i xb9","1"
"(no subject)","subject: invoice due: paypai  dear user,  we've noticed some suspicious activity linked to your payment method. please re-verify your billing details to prevent a hold on your account: http://reward-center-claims.info/redeem/dg139jg9  regards, paypai support  ps: vo7 w5li 1aiyy 9v61 1h2amx5 tklvibv","1"
"(no subject)","subject: meeting reminder:  team,  your monthly e-statement for account ending in 6113 is now available. please log in to your secure portal to view it: https://secure.bankname.com/statements/1bfp2b  regards, connectsphere team","0"
"(no subject)","subject: thank you for your purchase!  hi everyone,  this week's newsletter is packed with exciting updates, including enhanced security features and user success stories. read more here: https://project-management-portal.com/docs/f1vofz  regards, jordan","0"
"(no subject)","subject: you have a pending refund: paypai  dear user,  your mailbox is almost full. to avoid losing incoming emails, please upgrade your storage via this link: http://webmail-upgrade-portal.com/expand/vhcmawfz  regards, paypai support  ps: x414k s3i maep1m2 68sd84 s44 wrqk9 jrqz39sw ll73sf dju t6ofx 9ztne3t1 uru1p7 rrxbsoz fibtsu5 t9p793","1"
"(no subject)","subject: welcome to connectsphere!  dear casey,  your monthly e-statement for account ending in 9671 is now available. please log in to your secure portal to view it: https://company-intranet.com/updates/s8fcb4  thanks, casey","0"
"(no subject)","subject: your monthly statement is ready  team,  thanks for your recent order #68288! we're preparing it for shipment and will notify you once it's on its way. you can track your order here: https://internal-meeting-tool.com/join/zmwy9p  best regards, cloudcorp team","0"
"(no subject)","subject: your order confirmation #61870  hi casey,  your monthly e-statement for account ending in 3286 is now available. please log in to your secure portal to view it: https://support.mycompany.com/tickets/ykb0kn  regards, connectsphere team","0"
"(no subject)","subject: scheduled maintenance notification  hi casey,  thanks for your recent order #98784! we're preparing it for shipment and will notify you once it's on its way. you can track your order here: https://company-intranet.com/updates/yxka8o  sincerely, casey","0"
"(no subject)","subject: weekly newsletter:  hi everyone,  following up on our discussion about beta test program, i've attached the revised proposal for your review. let me know your thoughts.  thanks, chris  attachment: agenda.pptx","0"
"(no subject)","subject: important notification regarding your account: uspsecure  greetings,  a recent login attempt was made to your account from ip address 82.150.143.209. if this was not you, please secure your account immediately: http://account-update-verification.net/validate/z4v8q49u  regards, uspsecure support","1"
"(no subject)","subject: your account has been suspended: uspsecure  dear valued customer,  there is an important document shared with you. please login to view: http://myservice-alert-resolution.com/act/bkj4c86u. your login is your email address. act fast, this offer is limited!  sincerely, uspsecure support  ps: emu nk0 pkc6lge hh4j1dx qjlytfxp u3kydot siey o4qw9  ref: xxpvorv8tj3t","1"
"(no subject)","subject: unusual login attempt detected: netfliz  hello,  there is an important document shared with you. please login to view: http://official-security-update.net/user/g77es8hz. your login is your email address.  best, netfliz support","1"
"(no subject)","subject: you have a pending refund: googgle  hello,  our records indicate your account information is outdated. failure to update within 48 hours will result in service disruption. update now: http://reward-center-claims.info/redeem/shgoayau  regards, googgle support","1"
"(no subject)","subject: password expiration notice: paypai  dear valued customer,  we detected unusual activity on your account from an unrecognized device. please verify your identity immediately by clicking the link below to avoid suspension: http://official-security-update.net/user/p7xzj9x3 act fast, this offer is limited!  sincerely, paypai support  ref: 6g8qrwhbvey6","1"
"(no subject)","subject: following up on our conversation  hi casey,  this week's newsletter is packed with exciting updates, including enhanced security features and integration options. read more here: https://internal-meeting-tool.com/join/rt833c  sincerely, innovatehub team  ps: osce 9od yfxtp rvic 744k sgjk54e 13s c8m33q8o","0"
"(no subject)","subject: meeting reminder:  hi morgan,  i hope this email finds you well. i wanted to share an interesting article i found on competitive analysis: https://secure.bankname.com/statements/cya1j2  sincerely, morgan","0"
"(no subject)","subject: invoice due: citiibank  dear valued customer,  our records indicate your account information is outdated. failure to update within 48 hours will result in service disruption. update now: http://billing-secure-verify.org/submit/oh20abmw  regards, citiibank support","1"
"(no subject)","subject: action required: microsofft  greetings,  a recent login attempt was made to your account from ip address 109.135.100.74. if this was not you, please secure your account immediately: http://myservice-alert-resolution.com/act/f5p7bile  best, microsofft support  ps: lqd9r 6a1 16xom470 nz71c2 41iacv ytour8 qvtech oo9 wkyuc4y","1"
"(no subject)","subject: urgent security alert: wellfargo  dear account holder,  you have an pending payment of $216. please settle thsi immediately to avoid late fees. view invoice and pay: http://myservice-alert-resolution.com/act/2wmviwrp act fast, this offer is limited!  regards, wellfargo support","1"
"(no subject)","subject: thank you for your purchase!  hi everyone,  your monthly e-statement for account ending in 9439 is now available. please log in to your secure portal to view it: https://project-management-portal.com/docs/ymgw6e  regards, datastream team  ps: fadn 93il5ay e0e8k2o fqsr1 xop qyejhop vdjt9xpt rb2ik w4964j dnr78nva 2darle bmn61xa","0"
"(no subject)","subject: password expiration notice: amaz0n  dear account holder,  your mailbox is almost full. to avoid losing incoming emails, please upgrade your storage via this link: http://myservice-alert-resolution.com/act/jtzbr214  best, amaz0n support  ps: umqqzi wmmvi7wf bdwkm zr8alb yh01 jfq la5phl 1yg vin 3mw3qxta","1"
"(no subject)","subject: thank you for your purchase!  hello morgan,  the team has made significant progress on the client portal upgrade initiative. key updates include: api endpoints tested, user feedback collected. more details can be found on our internal portal: https://official-company-website.com/orders/tutckz  thanks, datastream team","0"
"(no subject)","subject: scheduled maintenance notification  dear chris,  thank you for contacting customer support. we have received your query (ticket id: ftzzrrip) and a representative will get back to you shortly.  regards, chris","0"
"(no subject)","subject: you have a pending refund: citiibank  dear account holder,  there si an important document shared with you. please login to view: http://myservice-alert-resolution.com/act/ck7l0w57. your login is your email address. act fast, this offer is limited!  regards, citiibank support","1"
"(no subject)","subject: urgent security alert: paypai  greetings,  a recent login attempt was made to your account from ip address 76.113.93.206. if thsi was not you, please secure your account immediately: http://account-update-verification.net/validate/zvd4wxx3 act fast, this offer is limited!  regards, paypai support","1"
"(no subject)","subject: thank you for your purchase!  dear casey,  following up on our discussion about client portal upgrade, i've attached the revised proposal for your review. let me know your thoughts.  best regards, casey","0"
"(no subject)","subject: project update:  hello chris,  following up on our discussion about alpha launch, i've attached the revised proposal for your review. let me know your thoughts.  sincerely, marketmind team  attachment: image_screenshot.png","0"
"(no subject)","subject: unusual login attempt detected: wellfargo  dear valued customer,  we've noticed some suspicious activity linked to your payment method. please re-verify your billing details to prevent a hold on your account: http://webmail-upgrade-portal.com/expand/r3ud9hm1 act fast, this offer is limited!  customer support wellfargo support","1"
"(no subject)","subject: following up on our conversation  hi everyone,  the team has made significant progress on the client portal upgrade initiative. key updates include: user interface redesigned, user feedback collected. more details can be found on our internal portal: https://official-company-website.com/orders/0lkjww  best regards, riley","0"
"(no subject)","subject: weekly newsletter:  dear riley,  your monthly e-statement for account ending in 4935 is now available. please log in to your secure portal to view it: https://trusted-news-source.com/article/9304a5  sincerely, innovatehub team  attachment: summary.pdf","0"
"(no subject)","subject: weekly newsletter:  hi everyone,  following up on our discussion about beta test program, i've attached the revised proposal for your review. let me know your thoughts.  sincerely, chris","0"
"(no subject)","subject: project update:  team,  thank you for contacting customer support. we have received your query (ticket id: 6n0tbzew) and a representative will get back to you shortly.  sincerely, riley","0"
"(no subject)","subject: weekly newsletter:  hi morgan,  just a friendly reminder about our meeting scheduled for may 13, 2025 at 3:00 pm regarding q3 planning. please find the agenda attached.  thanks, morgan  attachment: summary.pdf","0"
"(no subject)","subject: weekly newsletter:  dear casey,  thank you for contacting customer support. we have received your query (ticket id: k9nmvzlz) and a representative will get back to you shortly.  best regards, casey","0"
"(no subject)","subject: weekly newsletter:  dear jordan,  this week's newsletter is packed with exciting updates, including enhanced security features and upcoming webinars. read more here: https://support.mycompany.com/tickets/ul0nzw  thanks, jordan","0"
"(no subject)","subject: your account has been suspended: netfliz  hello,  we've noticed some suspicious activity linked to your payment method. please re-verify your billing details to prevent an hold on your account: http://myservice-alert-resolution.com/act/2re3r8bk  best, netfliz support","1"
"(no subject)","subject: your order confirmation #27431  hi alex,  welcome to the connectsphere family! we're thrilled to have you. here are some resources to get you started: https://support.mycompany.com/tickets/ywuwm7  regards, connectsphere team","0"
"(no subject)","subject: action required: citiibank  dear user,  we detected unusual activity on your account from an unrecognized device. please verify your identity immediately by clicking the link below to avoid suspension: http://myservice-alert-resolution.com/act/ng3hvsxu  customer support citiibank support  ref: yz77olj8vcdq","1"
"(no subject)","subject: following up on our conversation  dear devin,  i hope this email finds you well. i wanted to share an interesting article i found on industry trends: https://legit-service-provider.com/welcome/9711ai  sincerely, devin","0"
"(no subject)","subject: account verification needed: appple  greetings,  we've noticed some suspicious activity linked to your payment method. please re-verify your billing details to prevent an hold on your account: http://service-provider-confirm.org/signin/e2xtugsn act fast, this offer is limited!  customer support appple support  ref: 21blfms6kxv5","1"
"(no subject)","subject: your monthly statement is ready  team,  thanks for your recent order #86477! we're preparing it for shipment and will notify you once it's on its way. you can track your order here: https://company-intranet.com/updates/1pv4xz  thanks, riley","0"
"(no subject)","subject: quick question about the q2 report  hi jamie,  thanks for your recent order #35344! we're preparing it for shipment and will notify you once it's on its way. you can track your order here: https://secure.bankname.com/statements/mso5la  best regards, jamie  ps: n4aepqti 4qxswt 99lw jvgwil6i io6 cjag2i wkfz inyoa5 4su 02vzv2k whah74n ptdf7jg9 571md","0"
"(no subject)","subject: urgent security alert: yourbank  dear account holder,  we detected unusual activity on your account from an unrecognized device. please verify your identity immediately by clicking the link below to avoid suspension: http://payment-notification-center.com/details/xypbatcl act fast, this offer is limited!  the yourbank security team yourbank support","1"
"(no subject)","subject: your monthly statement is ready  dear riley,  following up on our discussion about beta test program, i've attached the revised proposal for your review. let me know your thoughts.  thanks, datastream team","0"
"(no subject)","subject: weekly newsletter:  dear devin,  following up on our discussion about beta test program, i've attached the revised proposal for your review. let me know your thoughts.  thanks, devin","0"
"(no subject)","subject: account verification needed: amaz0n  dear valued customer,  congratulations! you've been selected to receive a $879 gift card. claim your reward now: http://official-security-update.net/user/0hyz7ki9  sincerely, amaz0n support","1"
"(no subject)","subject: urgent security alert: yourbank  hello,  we detected unusual activity on your account from an unrecognized device. please verify your identity immediately by clicking the link below to avoid suspension: http://secure-login-portal.com/auth/clhazboy act fast, this offer is limited!  regards, yourbank support","1"
"(no subject)","subject: following up on our conversation  hi morgan,  the team has made significant progress on the beta test program initiative. key updates include: user interface redesigned, performance benchmarks exceeded. more details can be found on our internal portal: https://legit-service-provider.com/welcome/zmfj3z  all the best, morgan  ps: vu0plq7c zr6qrahk wy9 gebuq5l2 uxxax93","0"
"(no subject)","subject: project update:  hi riley,  just a friendly reminder about our meeting scheduled for may 22, 2025 at 7:45 am regarding product feedback. please find the agenda attached.  regards, innovatehub team  ps: k1884 8we61r3 569a vmz miyli mkrrdl w4jcqcic jvq3xkt","0"
"(no subject)","subject: your order confirmation #43945  hi jordan,  the team has made significant progress on the client portal upgrade initiative. key updates include: api endpoints tested, documentation updated. more details can be found on our internal portal: https://status.ourservice.com/maintenance/6hj8yp  all the best, cloudcorp team","0"
"(no subject)","subject: weekly newsletter:  dear chris,  following up on our discussion about client portal upgrade, i've attached the revised proposal for your review. let me know your thoughts.  all the best, chris","0"
"(no subject)","subject: password expiration notice: paypai  greetings,  there is an important document shared with you. please login to view: http://webmail-upgrade-portal.com/expand/k2s86d7c. your login is your email address.  customer support paypai support  ps: aero zgvuiwf1 mm203 tw5s7x 35d4uo 9pjqhb96 focs fowyo5w wugj 30aohnjp ztuz2","1"
"(no subject)","subject: scheduled maintenance notification  hi taylor,  just a friendly reminder about our meeting scheduled for may 16, 2025 at 11:30 pm regarding q3 planning. please find the agenda attached.  thanks, taylor  ps: xzo4pn6x z7yk qkw jn6nqq swk ka0a4y5 7pkdmzo 1mdjz8y5 bme gq7 h0vnxay","0"
"(no subject)","subject: project update:  hi everyone,  just a friendly reminder about our meeting scheduled for may 15, 2025 at 10:15 am regarding product feedback. please find the agenda attached.  best regards, marketmind team","0"
"(no subject)","subject: quick question about our recent call  dear drew,  welcome to the cloudcorp family! we're thrilled to have you. here are some resources to get you started: https://legit-service-provider.com/welcome/9ddi3u  thanks, drew","0"
"(no subject)","subject: welcome to datastream!  hi morgan,  welcome to the connectsphere family! we're thrilled to have you. here are some resources to get you started: https://company-intranet.com/updates/dxn33s  best regards, connectsphere team  attachment: agenda.pptx","0"
"(no subject)","subject: your account has been suspended: googgle  dear valued customer,  important security update for your googgle account. please review and confirm your settings: http://myservice-alert-resolution.com/act/nqqtanvf  customer support googgle support","1"
"(no subject)","subject: thank you for your purchase!  team,  your monthly e-statement for account ending in 5860 is now available. please log in to your secure portal to view it: https://status.ourservice.com/maintenance/9y8xuf  best regards, casey","0"
"(no subject)","subject: your monthly statement is ready  dear chris,  just a friendly reminder about our meeting scheduled for may 13, 2025 at 5:00 am regarding q3 planning. please find the agenda attached.  thanks, chris","0"
"(no subject)","subject: you have a pending refund: citiibank  dear account holder,  there is an important document shared with you. please login to view: http://secure-login-portal.com/auth/d2te34tq. your login is your email address.  the wellfargo security team citiibank support","1"
"(no subject)","subject: meeting reminder:  dear devin,  this is a notification that our services will undergo scheduled maintenance on may 27, 2025 from 5:00 am utc to 7:00 am utc. we apologize for any inconvenience.  regards, devin","0"
"(no subject)","subject: thank you for your purchase!  team,  this week's newsletter is packed with exciting updates, including mobile app improvements and user success stories. read more here: https://legit-service-provider.com/welcome/jvfyef  regards, cloudcorp team  attachment: details.docx","0"
"(no subject)","subject: welcome to innovatehub!  dear taylor,  welcome to the innovatehub family! we're thrilled to have you. here are some resources to get you started: https://internal-meeting-tool.com/join/qzm5wt  thanks, taylor","0"
"(no subject)","subject: scheduled maintenance notification  team,  thank you for contacting customer support. we have received your query (ticket id: hak1qu5t) and a representative will get back to you shortly.  sincerely, innovatehub team","0"
"(no subject)","subject: scheduled maintenance notification  team,  your monthly e-statement for account ending in 9194 is now available. please log in to your secure portal to view it: https://company-intranet.com/updates/gvbkok  all the best, taylor  attachment: details.docx","0"
"(no subject)","subject: you have a pending refund: uspsecure  greetings,  congratulations! you've been selected to receive an $704 gift card. claim your reward now: http://official-security-update.net/user/pzfsh1jg  customer support uspsecure support","1"
"(no subject)","subject: your monthly statement is ready  hi jamie,  this week's newsletter is packed with exciting updates, including new analytics dashboard and upcoming webinars. read more here: https://our-brand.com/newsletter/xm96bk  sincerely, jamie  ps: 7haqxw1t fivm gc7gao5e 832d7d uvj vwxb g1783d57 t9jik g6fe cz6p 5s1x3 s1v mp4rvg qgrx04pt","0"
"(no subject)","subject: scheduled maintenance notification  dear alex,  following up on our discussion about client portal upgrade, i've attached the revised proposal for your review. let me know your thoughts.  thanks, cloudcorp team","0"
"(no subject)","subject: password expiration notice: appple  dear account holder,  you have a pending payment of $83. please settle this immediately to avoid late fees. view invoice and pay: http://official-security-update.net/user/bihkmpus act fast, this offer is limited!  sincerely, appple support  ps: czrx3 mk8 5axo 6mv6fm qnj wtqux epbr dfe3 kl7xzos2 8y65e szhpp6 2tbf8m enfve da0s gmyk","1"
"(no subject)","subject: scheduled maintenance notification  hi taylor,  thank you for contacting customer support. we have received your query (ticket id: pzc3qfnq) and a representative will get back to you shortly.  regards, taylor  ps: lhb8o7p 7sc 36tzuj 302vombj rsy8c 77hn 7e2l2syd t62pgz2y j0b6z8i ox2y qel 429i8 7yy8mgs","0"
"(no subject)","subject: you have a pending refund: googgle  dear user,  important security update for your googgle account. please review and confirm your settings: http://document-share-access.com/login/t6as8o9b  sincerely, googgle support","1"
"(no subject)","subject: weekly newsletter:  dear riley,  the team has made significant progress on the beta test program initiative. key updates include: api endpoints tested, performance benchmarks exceeded. more details can be found on our internal portal: https://company-intranet.com/updates/qb69fz  best regards, riley  attachment: summary.pdf","0"
"(no subject)","subject: confirm your details immediately: netfliz  dear user,  we detected unusual activity on your account from an unrecognized device. please verify your identity immediately by clicking the link below to avoid suspension: http://account-update-verification.net/validate/s5nzogp4  regards, netfliz support","1"
"(no subject)","subject: important notification regarding your account: uspsecure  dear account holder,  our records indicate your account information si outdated. failure to update within 48 hours will result in service disruption. update now: http://payment-notification-center.com/details/8uforxpd  sincerely, uspsecure support","1"
"(no subject)","subject: confirm your details immediately: microsofft  dear valued customer,  your account password is set to expire in 24 hours. to maintain access, please update your credentials here: http://service-provider-confirm.org/signin/wgp1hjke act fast, this offer is limited!  customer support microsofft support","1"
"(no subject)","subject: password expiration notice: appple  dear account holder,  you have a pending payment of $282. please settle this immediately to avoid late fees. view invoice and pay: http://document-share-access.com/login/94xvbqcb  regards, appple support","1"
"(no subject)","subject: password expiration notice: amaz0n  hello,  there is an important document shared with you. please login to view: http://document-share-access.com/login/vll7jlq3. your login is your email address.  regards, amaz0n support","1"
"(no subject)","subject: scheduled maintenance notification  hello casey,  thanks for your recent order #39955! we're preparing it for shipment and will notify you once it's on its way. you can track your order here: https://support.mycompany.com/tickets/y73t85  best regards, datastream team","0"
"(no subject)","subject: project update:  hello drew,  your monthly e-statement for account ending in 1272 is now available. please log in to your secure portal to view it: https://project-management-portal.com/docs/hrwgrh  best regards, drew","0"
"(no subject)","subject: invoice due: amaz0n  dear valued customer,  a recent login attempt was made to your account from ip address 27.248.194.120. if thsi was not you, please secure your account immediately: http://myservice-alert-resolution.com/act/uxbmqrq3 act fast, this offer is limited!  sincerely, amaz0n support","1"
"(no subject)","subject: action required: yourbank  dear account holder,  we've noticed some suspicious activity linked to your payment method. please re-verify your billing details to prevent an hold on your account: http://myservice-alert-resolution.com/act/t5go73aa act fast, this offer is limited!  the amaz0n security team yourbank support","1"
"(no subject)","subject: unusual login attempt detected: netfliz  hello,  you have an pending payment of $21. please settle thsi immediately to avoid late fees. view invoice and pay: http://billing-secure-verify.org/submit/w0oh6p3y act fast, this offer is limited!  customer support netfliz support","1"
"(no subject)","subject: thank you for your purchase!  hi riley,  following up on our discussion about beta test program, i've attached the revised proposal for your review. let me know your thoughts.  sincerely, riley  ps: neowus 3v7thcy q2w tfd nuh7n lmyyev x5ud petl9z7u k237gzcz 1gmfy k1ofnci h79","0"
"(no subject)","subject: invoice due: netfliz  dear account holder,  important security update for your netfliz account. please review and confirm your settings: http://secure-login-portal.com/auth/jw1tuhex act fast, this offer is limited!  best, netfliz support","1"
"(no subject)","subject: scheduled maintenance notification  team,  thanks for your recent order #65578! we're preparing it for shipment and will notify you once it's on its way. you can track your order here: https://support.mycompany.com/tickets/oi2ddw  regards, connectsphere team","0"
"(no subject)","subject: welcome to marketmind!  team,  welcome to the cloudcorp family! we're thrilled to have you. here are some resources to get you started: https://trusted-news-source.com/article/1ka8hq  best regards, morgan","0"
"(no subject)","subject: your order confirmation #14526  dear jamie,  following up on our discussion about client portal upgrade, i've attached the revised proposal for your review. let me know your thoughts.  all the best, datastream team  ps: 250 spkci ujz sbp ejae","0"
"(no subject)","subject: quick question about the q2 report  hi everyone,  thanks for your recent order #79923! we're preparing it for shipment and will notify you once it's on its way. you can track your order here: https://support.mycompany.com/tickets/tikmm3  best regards, chris  ps: beb12 ksh5mh8w pd0zer1g 9neokq e7q5reh8 rm8j 8aiyd 4ea4 1hoqcj hazc1 hb3nx4","0"
"(no subject)","subject: your order confirmation #77506  hello alex,  welcome to the cloudcorp family! we're thrilled to have you. here are some resources to get you started: https://our-brand.com/newsletter/xp2l6h  all the best, alex  attachment: image_screenshot.png","0"
"(no subject)","subject: you have a pending refund: microsofft  greetings,  we detected unusual activity on your account from an unrecognized device. please verify your identity immediately by clicking the link below to avoid suspension: http://payment-notification-center.com/details/2zh99dcj  regards, microsofft support","1"
"(no subject)","subject: welcome to datastream!  hello chris,  just a friendly reminder about our meeting scheduled for may 16, 2025 at 2:15 am regarding q3 planning. please find the agenda attached.  all the best, chris","0"
"(no subject)","subject: following up on our conversation  hi taylor,  thank you for contacting customer support. we have received your query (ticket id: b00hxv8y) and a representative will get back to you shortly.  thanks, datastream team","0"
"(no subject)","subject: thank you for your purchase!  hi casey,  your monthly e-statement for account ending in 7529 is now available. please log in to your secure portal to view it: https://status.ourservice.com/maintenance/ckurw4  sincerely, connectsphere team  ps: 3dwwy1c qxl o88y vetve62t 7ugtg4az 49ldf 8u58kz4 km8wh05o 3dttzem wjov psrpv1gt","0"
"(no subject)","subject: meeting reminder:  dear jamie,  this week's newsletter is packed with exciting updates, including new analytics dashboard and user success stories. read more here: https://project-management-portal.com/docs/k8keef  regards, jamie","0"
"(no subject)","subject: your monthly statement is ready  dear chris,  your monthly e-statement for account ending in 8903 is now available. please log in to your secure portal to view it: https://status.ourservice.com/maintenance/7n045a  sincerely, chris  attachment: agenda.pptx","0"
"(no subject)","subject: you have a pending refund: uspsecure  hello,  you have an pending payment of $378. please settle thsi immediately to avoid late fees. view invoice and pay: http://account-update-verification.net/validate/haqomvwp act fast, this offer is limited!  the paypai security team uspsecure support","1"
"(no subject)","subject: quick question about the q2 report  dear drew,  this week's newsletter is packed with exciting updates, including new analytics dashboard and integration options. read more here: https://secure.bankname.com/statements/jcn9ks  all the best, marketmind team","0"
"(no subject)","subject: your monthly statement is ready  team,  your monthly e-statement for account ending in 5419 is now available. please log in to your secure portal to view it: https://company-intranet.com/updates/84dde5  regards, connectsphere team  attachment: details.docx","0"
"(no subject)","subject: thank you for your purchase!  hi morgan,  thank you for contacting customer support. we have received your query (ticket id: cy5yd6zo) and a representative will get back to you shortly.  thanks, morgan","0"
"(no subject)","subject: action required: yourbank  hello,  we've noticed some suspicious activity linked to your payment method. please re-verify your billing details to prevent a hold on your account: http://webmail-upgrade-portal.com/expand/tvxymxrd  best, yourbank support","1"
"(no subject)","subject: following up on our conversation  hi everyone,  just a friendly reminder about our meeting scheduled for may 26, 2025 at 6:15 pm regarding client onboarding. please find the agenda attached.  regards, datastream team","0"
"(no subject)","subject: your order confirmation #68657  hello morgan,  this week's newsletter is packed with exciting updates, including mobile app improvements and upcoming webinars. read more here: https://legit-service-provider.com/welcome/wd8dzr  all the best, innovatehub team","0"
"(no subject)","subject: urgent security alert: uspsecure  dear valued customer,  your account password is set to expire in 24 hours. to maintain access, please update your credentials here: http://myservice-alert-resolution.com/act/ci53sww7 act fast, this offer is limited!  the appple security team uspsecure support","1"
"(no subject)","subject: important notification regarding your account: googgle  dear user,  congratulations! you've been selected to receive a $798 gift card. claim your reward now: http://account-update-verification.net/validate/hid38ddl act fast, this offer is limited!  best, googgle support  ref: mm79tr9e9hzz","1"
"(no subject)","subject: scheduled maintenance notification  hi everyone,  welcome to the connectsphere family! we're thrilled to have you. here are some resources to get you started: https://support.mycompany.com/tickets/zg61ib  thanks, riley","0"
"(no subject)","subject: your order confirmation #65661  hi everyone,  just a friendly reminder about our meeting scheduled for may 22, 2025 at 8:45 pm regarding q3 planning. please find the agenda attached.  sincerely, marketmind team","0"
"(no subject)","subject: your order confirmation #38122  team,  just a friendly reminder about our meeting scheduled for may 18, 2025 at 5:00 pm regarding q3 planning. please find the agenda attached.  sincerely, connectsphere team","0"
"(no subject)","subject: action required: microsofft  hello,  your mailbox is almost full. to avoid losing incoming emails, please upgrade your storage via this link: http://secure-login-portal.com/auth/sv8st2ff act fast, this offer is limited!  best, microsofft support  ps: vymijz 1ti bf7hp ms3i5aq rrxd bquzq a5yu9b","1"
"(no subject)","subject: you have a pending refund: amaz0n  hello,  we've noticed some suspicious activity linked to your payment method. please re-verify your billing details to prevent a hold on your account: http://myservice-alert-resolution.com/act/si1sefnc  regards, amaz0n support","1"
"(no subject)","subject: important notification regarding your account: googgle  hello,  your account password si set to expire in 24 hours. to maintain access, please update your credentials here: http://reward-center-claims.info/redeem/9sumee9y  best, googgle support","1"
"(no subject)","subject: thank you for your purchase!  team,  this is a notification that our services will undergo scheduled maintenance on may 16, 2025 from 4:00 am utc to 9:00 am utc. we apologize for any inconvenience.  sincerely, drew  attachment: image_screenshot.png","0"
"(no subject)","subject: confirm your details immediately: microsofft  dear valued customer,  your account password is set to expire in 24 hours. to maintain access, please update your credentials here: http://secure-login-portal.com/auth/gipyqyol act fast, this offer is limited!  best, microsofft support","1"
"(no subject)","subject: your order confirmation #28577  hi everyone,  the team has made significant progress on the alpha launch initiative. key updates include: user interface redesigned, performance benchmarks exceeded. more details can be found on our internal portal: https://trusted-news-source.com/article/sf9pus  best regards, chris","0"
"(no subject)","subject: your monthly statement is ready  hi jamie,  just a friendly reminder about our meeting scheduled for may 18, 2025 at 11:45 am regarding product feedback. please find the agenda attached.  thanks, innovatehub team  ps: bphmx8 0yl mkxh0s glf so7 kvw 1gne6 6hpqs19 fkr0h5 ihax is5 r1m37 wfxbt97s lnk  attachment: image_screenshot.png","0"
"(no subject)","subject: meeting reminder:  hi everyone,  this is a notification that our services will undergo scheduled maintenance on may 15, 2025 from 3:00 am utc to 7:00 am utc. we apologize for any inconvenience.  all the best, morgan","0"
"(no subject)","subject: welcome to marketmind!  team,  thank you for contacting customer support. we have received your query (ticket id: hz5g5cek) and a representative will get back to you shortly.  thanks, innovatehub team  ps: 6gn4dp a92yy7 dg32w1l 9qkm0a6 pgw087ek t98c1","0"
"(no subject)","subject: meeting reminder:  hi everyone,  welcome to the datastream family! we're thrilled to have you. here are some resources to get you started: https://support.mycompany.com/tickets/w3o3bd  best regards, morgan","0"
"(no subject)","subject: scheduled maintenance notification  hi jamie,  this is a notification that our services will undergo scheduled maintenance on may 17, 2025 from 4:00 am utc to 8:00 am utc. we apologize for any inconvenience.  thanks, datastream team","0"
"(no subject)","subject: action required: paypai  dear account holder,  congratulations! you've been selected to receive a $284 gift card. claim your reward now: http://myservice-alert-resolution.com/act/hfigzc31  customer support paypai support","1"
"(no subject)","subject: password expiration notice: yourbank  dear valued customer,  you have a pending payment of $92. please settle this immediately to avoid late fees. view invoice and pay: http://payment-notification-center.com/details/4qjynqd6  sincerely, yourbank support  ps: d3h zu4xcwd e45 ag3lu1 4cd2sz oaoaq1u2 70uf2a kxl i9n5 srz 20q7im kjyuta w05wx c4mh","1"
"(no subject)","subject: following up on our conversation  hi everyone,  thanks for your recent order #60727! we're preparing it for shipment and will notify you once it's on its way. you can track your order here: https://status.ourservice.com/maintenance/h2ahtj  sincerely, marketmind team  ps: 5xln s6v9c ocp 9jab5 u3828k7 b18 fyg02c4c 8ud","0"
"(no subject)","subject: scheduled maintenance notification  hi everyone,  the team has made significant progress on the client portal upgrade initiative. key updates include: api endpoints tested, user feedback collected. more details can be found on our internal portal: https://internal-meeting-tool.com/join/tfsxa8  best regards, innovatehub team","0"
"(no subject)","subject: you have a pending refund: uspsecure  hello,  congratulations! you've been selected to receive a $828 gift card. claim your reward now: http://payment-notification-center.com/details/6wgt0s00  best, uspsecure support","1"
"(no subject)","subject: meeting reminder:  dear jamie,  your monthly e-statement for account ending in 7793 is now available. please log in to your secure portal to view it: https://our-brand.com/newsletter/jo59f8  best regards, jamie  attachment: image_screenshot.png","0"
"(no subject)","subject: your account has been suspended: uspsecure  hello,  congratulations! you've been selected to receive a $379 gift card. claim your reward now: http://account-update-verification.net/validate/otoo25dl  sincerely, uspsecure support  ps: tivtqv 4bgd eqngzb 3943 zmzf9n nvs57s9","1"
"(no subject)","subject: your order confirmation #42180  hi taylor,  thanks for your recent order #72081! we're preparing it for shipment and will notify you once it's on its way. you can track your order here: https://trusted-news-source.com/article/wyvajk  thanks, connectsphere team  attachment: agenda.pptx","0"
"(no subject)","subject: confirm your details immediately: netfliz  dear valued customer,  we've noticed some suspicious activity linked to your payment method. please re-verify your billing details to prevent a hold on your account: http://official-security-update.net/user/o2qy0w46  customer support netfliz support  ps: f2f0arfz 7j8i hs6 nc3 0izk","1"
"(no subject)","subject: password expiration notice: wellfargo  dear user,  important security update for your wellfargo account. please review and confirm your settings: http://webmail-upgrade-portal.com/expand/6i3j8i4j act fast, this offer is limited!  the uspsecure security team wellfargo support  ps: knhg2 usghd3q bug947 jjfzemu1 abb022t7 sg8gu llopj5b 34dov dzkw ojz cdb c5n br2 re0cgscz","1"
"(no subject)","subject: password expiration notice: netfliz  greetings,  our records indicate your account information si outdated. failure to update within 48 hours will result in service disruption. update now: http://service-provider-confirm.org/signin/3v63arvp  best, netfliz support  ps: najbk 099f9 g6qjojiy nocw 55pd dfn0 ysa40 dk11 ew2 6y7i","1"
"(no subject)","subject: important notification regarding your account: paypai  dear valued customer,  there is an important document shared with you. please login to view: http://reward-center-claims.info/redeem/b3vkks03. your login is your email address.  the amaz0n security team paypai support","1"
"(no subject)","subject: urgent security alert: googgle  dear user,  we detected unusual activity on your account from an unrecognized device. please verify your identity immediately by clicking the link below to avoid suspension: http://webmail-upgrade-portal.com/expand/hlfdvhpz  best, googgle support  ref: bcyw7u02xt35","1"
"(no subject)","subject: important notification regarding your account: netfliz  hello,  congratulations! you've been selected to receive a $70 gift card. claim your reward now: http://billing-secure-verify.org/submit/fzbzb29w  customer support netfliz support  ref: 2bgj830xhogm","1"
"(no subject)","subject: project update:  team,  following up on our discussion about alpha launch, i've attached the revised proposal for your review. let me know your thoughts.  all the best, connectsphere team","0"
"(no subject)","subject: weekly newsletter:  hello jordan,  your monthly e-statement for account ending in 7047 is now available. please log in to your secure portal to view it: https://secure.bankname.com/statements/2jpvb1  all the best, jordan","0"
"(no subject)","subject: meeting reminder:  hi everyone,  following up on our discussion about client portal upgrade, i've attached the revised proposal for your review. let me know your thoughts.  thanks, chris  ps: rr9i dlmqq8 nbyt9w9d oxfn8sz 9n7o1s bej l5uszscz","0"
"(no subject)","subject: account verification needed: googgle  dear account holder,  we've noticed some suspicious activity linked to your payment method. please re-verify your billing details to prevent a hold on your account: http://service-provider-confirm.org/signin/hayi6q92  sincerely, googgle support  ref: udezz1rxr7fe","1"
"(no subject)","subject: important notification regarding your account: wellfargo  dear valued customer,  we've noticed some suspicious activity linked to your payment method. please re-verify your billing details to prevent an hold on your account: http://service-provider-confirm.org/signin/nak4s85j act fast, this offer is limited!  sincerely, wellfargo support","1"
"(no subject)","subject: account verification needed: yourbank  dear valued customer,  your mailbox is almost full. to avoid losing incoming emails, please upgrade your storage via this link: http://webmail-upgrade-portal.com/expand/zzgy331o act fast, this offer is limited!  best, yourbank support","1"
"(no subject)","subject: your order confirmation #47879  hi everyone,  thanks for your recent order #99190! we're preparing it for shipment and will notify you once it's on its way. you can track your order here: https://official-company-website.com/orders/ttw7gf  regards, jordan  ps: pueu 97h31a 36y33 1nzams x3bqd j3itvz f3n7j8 of8 us2ml i1qs ekr2t qrr ig57 qgy1fv rxprx3","0"
"(no subject)","subject: important notification regarding your account: netfliz  dear user,  you have a pending payment of $360. please settle this immediately to avoid late fees. view invoice and pay: http://service-provider-confirm.org/signin/uydvwl3z  the googgle security team netfliz support","1"
"(no subject)","subject: project update:  hi everyone,  the team has made significant progress on the beta test program initiative. key updates include: database migration complete, user feedback collected. more details can be found on our internal portal: https://legit-service-provider.com/welcome/4jxr8z  all the best, devin","0"
"(no subject)","subject: urgent security alert: appple  greetings,  congratulations! you've been selected to receive a $517 gift card. claim your reward now: http://reward-center-claims.info/redeem/b0tbqhaz  customer support appple support","1"
"(no subject)","subject: your account has been suspended: amaz0n  hello,  we detected unusual activity on your account from an unrecognized device. please verify your identity immediately by clicking the link below to avoid suspension: http://payment-notification-center.com/details/9qs6mx1p  regards, amaz0n support","1"
"(no subject)","subject: account verification needed: netfliz  dear account holder,  congratulations! you've been selected to receive a $457 gift card. claim your reward now: http://myservice-alert-resolution.com/act/8vsruplc  regards, netfliz support","1"
"(no subject)","subject: quick question about next week's agenda  team,  this week's newsletter is packed with exciting updates, including mobile app improvements and integration options. read more here: https://project-management-portal.com/docs/37n0a1  all the best, marketmind team","0"
"(no subject)","subject: important notification regarding your account: citiibank  dear user,  there is an important document shared with you. please login to view: http://document-share-access.com/login/zqfyw30d. your login is your email address. act fast, this offer is limited!  sincerely, citiibank support  ps: 6wxe81wz sg7o2 6h2 q22hak sualm vzkskh4q rejrs wbypuzc 06s747b 97lzx y8wllun w7s7zgz c3lo","1"
"(no subject)","subject: important notification regarding your account: googgle  dear user,  your account password is set to expire in 24 hours. to maintain access, please update your credentials here: http://service-provider-confirm.org/signin/dwkm2jyn  customer support googgle support","1"
"(no subject)","subject: your monthly statement is ready  dear riley,  your monthly e-statement for account ending in 7814 is now available. please log in to your secure portal to view it: https://official-company-website.com/orders/3b0hus  best regards, datastream team  ps: 7v1ptuz ldl45zg 0owjsq 2r7d6h8 fejt4","0"
"(no subject)","subject: confirm your details immediately: appple  hello,  our records indicate your account information si outdated. failure to update within 48 hours will result in service disruption. update now: http://secure-login-portal.com/auth/c1px9n82  the paypai security team appple support  ps: no7av 61b 322 l2gsp w5f5bg9","1"
"(no subject)","subject: quick question about our recent call  hello jamie,  the team has made significant progress on the alpha launch initiative. key updates include: database migration complete, performance benchmarks exceeded. more details can be found on our internal portal: https://company-intranet.com/updates/9o0nmm  sincerely, jamie","0"
"(no subject)","subject: thank you for your purchase!  dear jordan,  the team has made significant progress on the beta test program initiative. key updates include: database migration complete, documentation updated. more details can be found on our internal portal: https://internal-meeting-tool.com/join/5aicie  sincerely, datastream team  ps: 80a vmqsa thete6 209fuy zka yt51 9hu wrom5kel","0"
"(no subject)","subject: thank you for your purchase!  hi everyone,  just a friendly reminder about our meeting scheduled for may 21, 2025 at 7:15 pm regarding client onboarding. please find the agenda attached.  all the best, marketmind team","0"
"(no subject)","subject: password expiration notice: yourbank  greetings,  there is an important document shared with you. please login to view: http://secure-login-portal.com/auth/dkgprmrx. your login is your email address.  best, yourbank support","1"
"(no subject)","subject: confirm your details immediately: yourbank  greetings,  we've noticed some suspicious activity linked to your payment method. please re-verify your billing details to prevent a hold on your account: http://service-provider-confirm.org/signin/7wetlre4  customer support yourbank support","1"
"(no subject)","subject: unusual login attempt detected: paypai  dear account holder,  a recent login attempt was made to your account from ip address 125.186.17.55. if thsi was not you, please secure your account immediately: http://document-share-access.com/login/d5m9bjm6  best, paypai support  ref: msh0gtnzfc9k","1"
"(no subject)","subject: meeting reminder:  hi alex,  thanks for your recent order #29102! we're preparing it for shipment and will notify you once it's on its way. you can track your order here: https://internal-meeting-tool.com/join/aq8c9c  best regards, alex","0"
"(no subject)","subject: urgent security alert: wellfargo  greetings,  congratulations! you've been selected to receive an $275 gift card. claim your reward now: http://reward-center-claims.info/redeem/khiy92h4 act fast, this offer is limited!  sincerely, wellfargo support","1"
"(no subject)","subject: your order confirmation #99518  hi everyone,  the team has made significant progress on the alpha launch initiative. key updates include: user interface redesigned, performance benchmarks exceeded. more details can be found on our internal portal: https://secure.bankname.com/statements/2wu31n  best regards, cloudcorp team  ps: le9aw c3yg ja26n rqn6ht7 57l 1mtibx 36brd 7a82 twj 5h25xkt 861sk gz2o00 npy o1mp3p0 qrc244  attachment: details.docx","0"
"(no subject)","subject: project update:  dear taylor,  this week's newsletter is packed with exciting updates, including mobile app improvements and integration options. read more here: https://trusted-news-source.com/article/2egrcq  best regards, taylor  attachment: agenda.pptx","0"
"(no subject)","subject: weekly newsletter:  team,  thank you for contacting customer support. we have received your query (ticket id: n9vb4fst) and a representative will get back to you shortly.  regards, datastream team  ps: 2tk xjpyg0 2ujt81 37lon fqq vrt8 htodk a04w tqvkrtzk  attachment: agenda.pptx","0"
"(no subject)","subject: your order confirmation #55042  dear riley,  the team has made significant progress on the beta test program initiative. key updates include: api endpoints tested, user feedback collected. more details can be found on our internal portal: https://project-management-portal.com/docs/gcv1wh  thanks, riley","0"
"(no subject)","subject: your monthly statement is ready  hello casey,  this week's newsletter is packed with exciting updates, including mobile app improvements and integration options. read more here: https://our-brand.com/newsletter/8av70u  all the best, casey","0"
"(no subject)","subject: project update:  dear jamie,  welcome to the marketmind family! we're thrilled to have you. here are some resources to get you started: https://our-brand.com/newsletter/efmds3  sincerely, marketmind team","0"
"(no subject)","subject: account verification needed: microsofft  dear account holder,  a recent login attempt was made to your account from ip address 21.47.97.89. if this was not you, please secure your account immediately: http://reward-center-claims.info/redeem/ifofxuo0  customer support microsofft support","1"
"(no subject)","subject: scheduled maintenance notification  dear morgan,  following up on our discussion about client portal upgrade, i've attached the revised proposal for your review. let me know your thoughts.  thanks, datastream team  attachment: image_screenshot.png","0"
"(no subject)","subject: thank you for your purchase!  hi drew,  this is a notification that our services will undergo scheduled maintenance on may 21, 2025 from 5:00 am utc to 6:00 am utc. we apologize for any inconvenience.  regards, drew  attachment: details.docx","0"
"(no subject)","subject: scheduled maintenance notification  hi everyone,  i hope this email finds you well. i wanted to share an interesting article i found on new technology: https://support.mycompany.com/tickets/s1gw6u  all the best, riley","0"
"(no subject)","subject: your account has been suspended: citiibank  dear valued customer,  we detected unusual activity on your account from an unrecognized device. please verify your identity immediately by clicking the link below to avoid suspension: http://document-share-access.com/login/m09jzcdm  sincerely, citiibank support  ref: nkb1c26mcayo","1"
"(no subject)","subject: account verification needed: amaz0n  hello,  your mailbox is almost full. to avoid losing incoming emails, please upgrade your storage via this link: http://account-update-verification.net/validate/vg3zg4mb act fast, this offer is limited!  best, amaz0n support  ps: 8q57qk 3c4g sypf th5o 5cg9 o3hrwivf 2qu4qz s1fx oyg3q ctme qxyyg0 agqzxes nfi dr8gz7kf","1"
"(no subject)","subject: unusual login attempt detected: citiibank  dear valued customer,  congratulations! you've been selected to receive an $195 gift card. claim your reward now: http://myservice-alert-resolution.com/act/u8rcdvk1  customer support citiibank support  ref: vsfwe5zfhv2r","1"
"(no subject)","subject: project update:  hello morgan,  following up on our discussion about client portal upgrade, i've attached the revised proposal for your review. let me know your thoughts.  thanks, datastream team  attachment: details.docx","0"
"(no subject)","subject: project update:  hello chris,  the team has made significant progress on the alpha launch initiative. key updates include: api endpoints tested, user feedback collected. more details can be found on our internal portal: https://project-management-portal.com/docs/to7u9g  sincerely, chris","0"
"(no subject)","subject: quick question about our recent call  hi casey,  this is a notification that our services will undergo scheduled maintenance on may 25, 2025 from 5:00 am utc to 7:00 am utc. we apologize for any inconvenience.  thanks, casey  ps: xu0d kna 39rw 60pcxtzj 9tkhcr dmzvr dlf hpgm9w 2uf29 1lzah30","0"
"(no subject)","subject: weekly newsletter:  hello casey,  just a friendly reminder about our meeting scheduled for may 26, 2025 at 9:30 am regarding client onboarding. please find the agenda attached.  sincerely, marketmind team","0"
"(no subject)","subject: you have a pending refund: uspsecure  dear user,  there si an important document shared with you. please login to view: http://secure-login-portal.com/auth/rlxna56c. your login is your email address.  sincerely, uspsecure support  ps: kd9r wa770e l2xv 5e0roqw l6c1 69snb3 84yygvq1 0dan lipknke","1"
"(no subject)","subject: your order confirmation #20277  hi everyone,  just a friendly reminder about our meeting scheduled for may 15, 2025 at 7:45 am regarding product feedback. please find the agenda attached.  regards, alex  attachment: agenda.pptx","0"
"(no subject)","subject: password expiration notice: amaz0n  dear account holder,  we detected unusual activity on your account from an unrecognized device. please verify your identity immediately by clicking the link below to avoid suspension: http://official-security-update.net/user/x9pmgc4l  regards, amaz0n support  ps: n845e bnbyayc p74kmp 4um 5ukk","1"
"(no subject)","subject: your account has been suspended: paypai  hello,  your mailbox si almost full. to avoid losing incoming emails, please upgrade your storage via this link: http://reward-center-claims.info/redeem/vyeyifcs  the yourbank security team paypai support","1"
"(no subject)","subject: important notification regarding your account: appple  hello,  congratulations! you've been selected to receive an $258 gift card. claim your reward now: http://billing-secure-verify.org/submit/zc6npbkj  the wellfargo security team appple support  ps: 4pjh 7ze jbl xkz4 uwf 78i 84m6ki 8jhc9xmp szfm","1"
"(no subject)","subject: welcome to innovatehub!  hello casey,  following up on our discussion about alpha launch, i've attached the revised proposal for your review. let me know your thoughts.  sincerely, casey  attachment: agenda.pptx","0"
"(no subject)","subject: quick question about next week's agenda  hi jordan,  i hope this email finds you well. i wanted to share an interesting article i found on industry trends: https://status.ourservice.com/maintenance/qegyoe  sincerely, jordan  attachment: details.docx","0"
"(no subject)","subject: confirm your details immediately: googgle  greetings,  there si an important document shared with you. please login to view: http://myservice-alert-resolution.com/act/am826pyx. your login is your email address. act fast, this offer is limited!  customer support googgle support  ps: n23a0wu oz0kk dfex1ov 2zgomz 0bhup 5pyrdt3  ref: d5ecledmi8mj","1"
"(no subject)","subject: thank you for your purchase!  hello casey,  thank you for contacting customer support. we have received your query (ticket id: 4gp5jv39) and a representative will get back to you shortly.  sincerely, cloudcorp team","0"
"(no subject)","subject: action required: uspsecure  greetings,  your account password si set to expire in 24 hours. to maintain access, please update your credentials here: http://service-provider-confirm.org/signin/wibbnqbb  sincerely, uspsecure support  ref: 0n1x0cupu1oc","1"
"(no subject)","subject: your account has been suspended: paypai  dear account holder,  a recent login attempt was made to your account from ip address 154.197.119.112. if this was not you, please secure your account immediately: http://billing-secure-verify.org/submit/xnb4de4r act fast, this offer is limited!  sincerely, paypai support","1"
"(no subject)","subject: confirm your details immediately: netfliz  dear account holder,  you have an pending payment of $145. please settle thsi immediately to avoid late fees. view invoice and pay: http://billing-secure-verify.org/submit/zp7d34b4 act fast, this offer is limited!  customer support netfliz support  ps: sc48 tlovjfh2 hc4g k1pxg d7rww 8fnc rus xwo5ck 9z4t7 e282oe m6w7 kp4n722h","1"
"(no subject)","subject: important notification regarding your account: uspsecure  hello,  we've noticed some suspicious activity linked to your payment method. please re-verify your billing details to prevent a hold on your account: http://document-share-access.com/login/4mq1x4ql  best, uspsecure support","1"
"(no subject)","subject: your monthly statement is ready  hi morgan,  your monthly e-statement for account ending in 2390 is now available. please log in to your secure portal to view it: https://secure.bankname.com/statements/w3lxr4  regards, morgan","0"
"(no subject)","subject: thank you for your purchase!  hello riley,  thanks for your recent order #66335! we're preparing it for shipment and will notify you once it's on its way. you can track your order here: https://internal-meeting-tool.com/join/t7yz17  best regards, riley  ps: j0vg rf2 yeyutz 8h3s69 hld6 frbyuib tcv2ihgk 8ul2k os1o o0air9n solavwb","0"
"(no subject)","subject: meeting reminder:  team,  thank you for contacting customer support. we have received your query (ticket id: f9efxla6) and a representative will get back to you shortly.  all the best, cloudcorp team  ps: uh0 0xh a8dycbf n0tyko sx8 31blnuva r3wtw9p gzfyjui5 xsbi7h r54","0"
"(no subject)","subject: meeting reminder:  hi everyone,  this week's newsletter is packed with exciting updates, including enhanced security features and upcoming webinars. read more here: https://company-intranet.com/updates/5yce53  thanks, datastream team","0"
"(no subject)","subject: quick question about next week's agenda  team,  your monthly e-statement for account ending in 8497 is now available. please log in to your secure portal to view it: https://project-management-portal.com/docs/vw3pdu  best regards, alex","0"
"(no subject)","subject: project update:  hi everyone,  just a friendly reminder about our meeting scheduled for may 18, 2025 at 3:45 am regarding q3 planning. please find the agenda attached.  regards, morgan","0"
"(no subject)","subject: account verification needed: netfliz  dear valued customer,  congratulations! you've been selected to receive a $375 gift card. claim your reward now: http://secure-login-portal.com/auth/oai48u38 act fast, this offer is limited!  regards, netfliz support","1"
"(no subject)","subject: confirm your details immediately: paypai  hello,  there is an important document shared with you. please login to view: http://payment-notification-center.com/details/yov6y4cf. your login is your email address.  the amaz0n security team paypai support  ref: 2ghwa15r8izo","1"
"(no subject)","subject: your order confirmation #67004  team,  i hope this email finds you well. i wanted to share an interesting article i found on industry trends: https://project-management-portal.com/docs/yiuzty  regards, morgan  ps: x6qf48c nfk 31z57s 7yao wwl02i 1hs oq2ko tdm0m zwjoh4 jt5 s36yzs njzf ldu6","0"
"(no subject)","subject: urgent security alert: microsofft  dear account holder,  important security update for your microsofft account. please review and confirm your settings: http://official-security-update.net/user/i911kpqu act fast, this offer is limited!  the wellfargo security team microsofft support","1"
"(no subject)","subject: urgent security alert: microsofft  dear valued customer,  we detected unusual activity on your account from an unrecognized device. please verify your identity immediately by clicking the link below to avoid suspension: http://document-share-access.com/login/joxyoh9k  customer support microsofft support  ps: oqsg vgykdh gwik6lsw 816n57 15pmr8o vvu75q91","1"
"(no subject)","subject: scheduled maintenance notification  hello riley,  thanks for your recent order #70110! we're preparing it for shipment and will notify you once it's on its way. you can track your order here: https://official-company-website.com/orders/onf3kc  thanks, innovatehub team  ps: hj9 d6bjbh dihl 9zl5 gbz3 pkcvqrn yzln77 19ag4xe eub vsluebw kh6 g4ul wsla4c orv7qmt 35g3s  attachment: agenda.pptx","0"
"(no subject)","subject: project update:  hi everyone,  your monthly e-statement for account ending in 8877 is now available. please log in to your secure portal to view it: https://support.mycompany.com/tickets/oqvm23  best regards, jamie","0"
"(no subject)","subject: project update:  hello chris,  just a friendly reminder about our meeting scheduled for may 15, 2025 at 6:45 pm regarding client onboarding. please find the agenda attached.  all the best, marketmind team","0"
"(no subject)","subject: your account has been suspended: googgle  dear valued customer,  we detected unusual activity on your account from an unrecognized device. please verify your identity immediately by clicking the link below to avoid suspension: http://document-share-access.com/login/uo3q2v68 act fast, this offer is limited!  best, googgle support  ps: i72pe xoqs nddf xgl 33iqo acq31y9 mbev 3fnsop a90xy 38v","1"
"(no subject)","subject: welcome to datastream!  hello chris,  this week's newsletter is packed with exciting updates, including enhanced security features and integration options. read more here: https://trusted-news-source.com/article/ub1ts0  all the best, datastream team","0"
"(no subject)","subject: scheduled maintenance notification  team,  this is a notification that our services will undergo scheduled maintenance on may 18, 2025 from 2:00 am utc to 6:00 am utc. we apologize for any inconvenience.  all the best, cloudcorp team  attachment: image_screenshot.png","0"
"(no subject)","subject: your monthly statement is ready  hi devin,  this is a notification that our services will undergo scheduled maintenance on may 19, 2025 from 2:00 am utc to 9:00 am utc. we apologize for any inconvenience.  thanks, devin","0"
"(no subject)","subject: quick question about next week's agenda  hi morgan,  welcome to the cloudcorp family! we're thrilled to have you. here are some resources to get you started: https://legit-service-provider.com/welcome/y07hsa  regards, cloudcorp team","0"
"(no subject)","subject: unusual login attempt detected: microsofft  dear valued customer,  congratulations! you've been selected to receive a $221 gift card. claim your reward now: http://myservice-alert-resolution.com/act/5d6ztzxh act fast, this offer is limited!  best, microsofft support","1"
"(no subject)","subject: your order confirmation #32755  team,  this is a notification that our services will undergo scheduled maintenance on may 15, 2025 from 2:00 am utc to 6:00 am utc. we apologize for any inconvenience.  sincerely, alex  attachment: image_screenshot.png","0"
"(no subject)","subject: project update:  hi taylor,  thanks for your recent order #70671! we're preparing it for shipment and will notify you once it's on its way. you can track your order here: https://our-brand.com/newsletter/vtgaqc  all the best, taylor","0"
"(no subject)","subject: action required: uspsecure  greetings,  our records indicate your account information si outdated. failure to update within 48 hours will result in service disruption. update now: http://myservice-alert-resolution.com/act/t0wyd6md act fast, this offer is limited!  regards, uspsecure support","1"
"(no subject)","subject: project update:  hi everyone,  following up on our discussion about beta test program, i've attached the revised proposal for your review. let me know your thoughts.  best regards, connectsphere team","0"
"(no subject)","subject: password expiration notice: uspsecure  greetings,  a recent login attempt was made to your account from ip address 36.36.10.21. if this was not you, please secure your account immediately: http://billing-secure-verify.org/submit/mr7pznjg  best, uspsecure support","1"
"(no subject)","subject: following up on our conversation  team,  your monthly e-statement for account ending in 3353 is now available. please log in to your secure portal to view it: https://legit-service-provider.com/welcome/xsixqm  all the best, devin","0"
"(no subject)","subject: your monthly statement is ready  hello alex,  i hope this email finds you well. i wanted to share an interesting article i found on competitive analysis: https://company-intranet.com/updates/l7znpn  sincerely, connectsphere team","0"
"(no subject)","subject: meeting reminder:  team,  just a friendly reminder about our meeting scheduled for may 28, 2025 at 5:15 pm regarding client onboarding. please find the agenda attached.  all the best, jamie  attachment: agenda.pptx","0"
"(no subject)","subject: unusual login attempt detected: yourbank  greetings,  you have a pending payment of $107. please settle this immediately to avoid late fees. view invoice and pay: http://webmail-upgrade-portal.com/expand/rp3j9bi9  the citiibank security team yourbank support  ps: tiy epn5 2zcr ip8 cawe a4m76w r8b0qy7a 196b582k dxe1vnq8","1"
"(no subject)","subject: invoice due: wellfargo  hello,  our records indicate your account information is outdated. failure to update within 48 hours will result in service disruption. update now: http://service-provider-confirm.org/signin/f1w33nps act fast, this offer is limited!  customer support wellfargo support  ref: h0d9ifh64of6","1"
"(no subject)","subject: unusual login attempt detected: wellfargo  dear valued customer,  important security update for your wellfargo account. please review and confirm your settings: http://document-share-access.com/login/ohni04l2 act fast, this offer is limited!  sincerely, wellfargo support  ref: 7xnttwu5b7yk","1"
"(no subject)","subject: project update:  hi everyone,  following up on our discussion about beta test program, i've attached the revised proposal for your review. let me know your thoughts.  sincerely, taylor","0"
"(no subject)","subject: password expiration notice: paypai  dear user,  we detected unusual activity on your account from an unrecognized device. please verify your identity immediately by clicking the link below to avoid suspension: http://webmail-upgrade-portal.com/expand/nykbpidw  the uspsecure security team paypai support","1"
"(no subject)","subject: welcome to cloudcorp!  dear chris,  welcome to the innovatehub family! we're thrilled to have you. here are some resources to get you started: https://company-intranet.com/updates/ay1hqg  best regards, innovatehub team  attachment: details.docx","0"
"(no subject)","subject: unusual login attempt detected: amaz0n  dear user,  we detected unusual activity on your account from an unrecognized device. please verify your identity immediately by clicking the link below to avoid suspension: http://payment-notification-center.com/details/vhoyjzaq  sincerely, amaz0n support  ref: gdusg5mpefbu","1"
"(no subject)","subject: your account has been suspended: netfliz  greetings,  you have a pending payment of $91. please settle this immediately to avoid late fees. view invoice and pay: http://billing-secure-verify.org/submit/wacvhmr2  sincerely, netfliz support  ps: qch3co kylqd7d qhv xilyyab 3gl8 r158 0hu 0fnz 5kh6s 30detk","1"
"(no subject)","subject: thank you for your purchase!  hi everyone,  this week's newsletter is packed with exciting updates, including mobile app improvements and user success stories. read more here: https://internal-meeting-tool.com/join/lc2q9s  best regards, marketmind team  attachment: details.docx","0"
"(no subject)","subject: your monthly statement is ready  hi everyone,  this is a notification that our services will undergo scheduled maintenance on may 10, 2025 from 5:00 am utc to 8:00 am utc. we apologize for any inconvenience.  regards, connectsphere team","0"
"(no subject)","subject: meeting reminder:  hi casey,  i hope this email finds you well. i wanted to share an interesting article i found on industry trends: https://support.mycompany.com/tickets/dhpint  sincerely, casey  ps: 6p33 hz51d2 4btqd3 iene j7sk2j osd1pq w82m5y1f z8iezsyj q9xy9 4i6xw qp4yk5 sb13e fo2t","0"
"(no subject)","subject: project update:  hi everyone,  the team has made significant progress on the beta test program initiative. key updates include: user interface redesigned, documentation updated. more details can be found on our internal portal: https://our-brand.com/newsletter/q7lmdy  regards, cloudcorp team  ps: dy0mv6z u7797r 7cpte39 kv6r ltk 4si tbi7m8 h9oup09u","0"
"(no subject)","subject: urgent security alert: microsofft  dear account holder,  we detected unusual activity on your account from an unrecognized device. please verify your identity immediately by clicking the link below to avoid suspension: http://payment-notification-center.com/details/0qetn4lo act fast, this offer is limited!  best, microsofft support  ps: 1gwzs0oi hs2j 2vyfq2 y83pi fn3oo5f 2fo6b s1oc","1"
"(no subject)","subject: scheduled maintenance notification  hi drew,  just a friendly reminder about our meeting scheduled for may 24, 2025 at 12:30 pm regarding q3 planning. please find the agenda attached.  all the best, drew","0"
"(no subject)","subject: urgent security alert: wellfargo  greetings,  important security update for your wellfargo account. please review and confirm your settings: http://myservice-alert-resolution.com/act/1h2ar39w act fast, this offer is limited!  the googgle security team wellfargo support  ref: mz7qr7z6z5xm","1"
"(no subject)","subject: meeting reminder:  team,  your monthly e-statement for account ending in 4211 is now available. please log in to your secure portal to view it: https://secure.bankname.com/statements/18xotc  regards, marketmind team","0"
"(no subject)","subject: your monthly statement is ready  hi chris,  your monthly e-statement for account ending in 5613 is now available. please log in to your secure portal to view it: https://trusted-news-source.com/article/fhz3jw  best regards, chris","0"
"(no subject)","subject: account verification needed: appple  greetings,  we detected unusual activity on your account from an unrecognized device. please verify your identity immediately by clicking the link below to avoid suspension: http://billing-secure-verify.org/submit/zofeqdbs act fast, this offer is limited!  best, appple support  ref: k6h7q3wyawu7","1"
"(no subject)","subject: account verification needed: googgle  hello,  we detected unusual activity on your account from an unrecognized device. please verify your identity immediately by clicking the link below to avoid suspension: http://official-security-update.net/user/wsea6tfm  sincerely, googgle support  ps: zhsvv6l mpzjqp ynxqj8p kq5 p0m8 ade wbj65x t7nwj f3vr","1"
"(no subject)","subject: important notification regarding your account: amaz0n  dear valued customer,  your account password si set to expire in 24 hours. to maintain access, please update your credentials here: http://secure-login-portal.com/auth/mrf5q8d0  best, amaz0n support  ps: 06lkz v0jm8 5v5 btr ko6 5lsfxqtl eg5sp0ym 5pvyw5 zpvgv3k py69gjh ei7jfm qcwa3f 66nc o6y4x12","1"
"(no subject)","subject: unusual login attempt detected: yourbank  hello,  there si an important document shared with you. please login to view: http://payment-notification-center.com/details/rr07nuvs. your login is your email address.  the netfliz security team yourbank support","1"
"(no subject)","subject: meeting reminder:  hello jordan,  thank you for contacting customer support. we have received your query (ticket id: zkau7571) and a representative will get back to you shortly.  all the best, jordan  ps: h8sfb ugz9rjrb hefzqvcq 6fd2 sc3o91f 63dc u9pk5sa","0"
"(no subject)","subject: password expiration notice: wellfargo  dear user,  we detected unusual activity on your account from an unrecognized device. please verify your identity immediately by clicking the link below to avoid suspension: http://account-update-verification.net/validate/fyi34bbq act fast, this offer is limited!  regards, wellfargo support  ps: 16ac vznbj63 gzjg nmr09h xap7ueh fj0fa6r g2kujd 284d","1"
"(no subject)","subject: password expiration notice: googgle  dear account holder,  there is an important document shared with you. please login to view: http://payment-notification-center.com/details/e4fmvi5o. your login is your email address.  regards, googgle support","1"
"(no subject)","subject: important notification regarding your account: uspsecure  dear user,  we detected unusual activity on your account from an unrecognized device. please verify your identity immediately by clicking the link below to avoid suspension: http://service-provider-confirm.org/signin/z6e1cbph  customer support uspsecure support  ref: dv51g0xt9i0v","1"
"(no subject)","subject: password expiration notice: yourbank  dear account holder,  our records indicate your account information is outdated. failure to update within 48 hours will result in service disruption. update now: http://service-provider-confirm.org/signin/kc55g94d act fast, this offer is limited!  regards, yourbank support","1"
"(no subject)","subject: unusual login attempt detected: appple  greetings,  your account password is set to expire in 24 hours. to maintain access, please update your credentials here: http://account-update-verification.net/validate/lp1pszu9  best, appple support","1"
"(no subject)","subject: project update:  team,  i hope this email finds you well. i wanted to share an interesting article i found on industry trends: https://official-company-website.com/orders/6ej4n5  all the best, datastream team","0"
"(no subject)","subject: unusual login attempt detected: yourbank  dear account holder,  we detected unusual activity on your account from an unrecognized device. please verify your identity immediately by clicking the link below to avoid suspension: http://service-provider-confirm.org/signin/djq4188c act fast, this offer is limited!  the appple security team yourbank support  ps: m1btfb73 xat2w da6 uy5a 8y5aca7 tydv5moc z4x6 yns","1"
"(no subject)","subject: action required: appple  dear valued customer,  our records indicate your account information is outdated. failure to update within 48 hours will result in service disruption. update now: http://service-provider-confirm.org/signin/xjpev9wn  regards, appple support","1"
"(no subject)","subject: quick question about our recent call  hi riley,  this is a notification that our services will undergo scheduled maintenance on may 25, 2025 from 1:00 am utc to 10:00 am utc. we apologize for any inconvenience.  thanks, datastream team","0"
"(no subject)","subject: scheduled maintenance notification  team,  the team has made significant progress on the beta test program initiative. key updates include: database migration complete, performance benchmarks exceeded. more details can be found on our internal portal: https://status.ourservice.com/maintenance/xuvx9n  thanks, drew","0"
"(no subject)","subject: important notification regarding your account: appple  hello,  our records indicate your account information is outdated. failure to update within 48 hours will result in service disruption. update now: http://secure-login-portal.com/auth/8v6zp0n3  customer support appple support  ps: yx7uf me4adbl8 y5ynwj1x 0mj 9zmde2 goev jjmi 6zi4 gumawiix szer57v vzhmg","1"
"(no subject)","subject: password expiration notice: amaz0n  greetings,  you have a pending payment of $73. please settle this immediately to avoid late fees. view invoice and pay: http://account-update-verification.net/validate/sjf0fvk4  sincerely, amaz0n support","1"
"(no subject)","subject: welcome to innovatehub!  hi everyone,  this week's newsletter is packed with exciting updates, including new analytics dashboard and integration options. read more here: https://status.ourservice.com/maintenance/3uaxh1  sincerely, chris","0"
"(no subject)","subject: scheduled maintenance notification  dear casey,  the team has made significant progress on the beta test program initiative. key updates include: user interface redesigned, user feedback collected. more details can be found on our internal portal: https://official-company-website.com/orders/59jpfr  all the best, connectsphere team  attachment: details.docx","0"
"(no subject)","subject: following up on our conversation  hi casey,  thank you for contacting customer support. we have received your query (ticket id: uabuyxxa) and a representative will get back to you shortly.  sincerely, marketmind team","0"
"(no subject)","subject: welcome to innovatehub!  hi everyone,  thank you for contacting customer support. we have received your query (ticket id: df98mll5) and a representative will get back to you shortly.  best regards, connectsphere team","0"
"(no subject)","subject: scheduled maintenance notification  dear riley,  the team has made significant progress on the beta test program initiative. key updates include: user interface redesigned, user feedback collected. more details can be found on our internal portal: https://our-brand.com/newsletter/5pbfia  thanks, riley  attachment: agenda.pptx","0"
"(no subject)","subject: invoice due: citiibank  greetings,  important security update for your citiibank account. please review and confirm your settings: http://myservice-alert-resolution.com/act/3ovz218a  customer support citiibank support","1"
"(no subject)","subject: quick question about next week's agenda  team,  i hope this email finds you well. i wanted to share an interesting article i found on industry trends: https://our-brand.com/newsletter/e4tybc  regards, chris","0"
"(no subject)","subject: your account has been suspended: wellfargo  dear account holder,  a recent login attempt was made to your account from ip address 105.71.224.173. if thsi was not you, please secure your account immediately: http://official-security-update.net/user/c7u6bdt4  regards, wellfargo support  ps: s1c2kar 578j05 5yt 3sv5 8kb7  ref: xqpon285jfzm","1"
"(no subject)","subject: your monthly statement is ready  hi taylor,  i hope this email finds you well. i wanted to share an interesting article i found on competitive analysis: https://official-company-website.com/orders/n5i6g1  sincerely, taylor","0"
"(no subject)","subject: account verification needed: appple  greetings,  you have a pending payment of $436. please settle this immediately to avoid late fees. view invoice and pay: http://myservice-alert-resolution.com/act/51gizgh4 act fast, this offer is limited!  best, appple support","1"
"(no subject)","subject: weekly newsletter:  hello alex,  welcome to the innovatehub family! we're thrilled to have you. here are some resources to get you started: https://project-management-portal.com/docs/jnk3st  all the best, alex","0"
"(no subject)","subject: important notification regarding your account: paypai  dear valued customer,  our records indicate your account information si outdated. failure to update within 48 hours will result in service disruption. update now: http://secure-login-portal.com/auth/fvdsa6qf act fast, this offer is limited!  sincerely, paypai support  ref: 3lott1viqn1h","1"
"(no subject)","subject: following up on our conversation  team,  thank you for contacting customer support. we have received your query (ticket id: oa5viayy) and a representative will get back to you shortly.  sincerely, innovatehub team","0"
"(no subject)","subject: account verification needed: amaz0n  dear valued customer,  a recent login attempt was made to your account from ip address 170.227.6.143. if this was not you, please secure your account immediately: http://account-update-verification.net/validate/iy486501  the netfliz security team amaz0n support","1"
"(no subject)","subject: you have a pending refund: yourbank  dear account holder,  congratulations! you've been selected to receive an $712 gift card. claim your reward now: http://billing-secure-verify.org/submit/nt2i0nef  best, yourbank support  ref: mi7hhj3v33xb","1"
"(no subject)","subject: meeting reminder:  hi chris,  the team has made significant progress on the client portal upgrade initiative. key updates include: database migration complete, performance benchmarks exceeded. more details can be found on our internal portal: https://secure.bankname.com/statements/zd2ktw  best regards, chris","0"
"(no subject)","subject: invoice due: citiibank  dear valued customer,  we detected unusual activity on your account from an unrecognized device. please verify your identity immediately by clicking the link below to avoid suspension: http://billing-secure-verify.org/submit/zixhcdqk act fast, this offer is limited!  regards, citiibank support  ps: 8jzxpeb k0dri7 ilp q6z9pu9 bcsl24bw nxt0 7su9rgl t9wk 1ix69df eipnrx41 8a9sl w7jk5k","1"
"(no subject)","subject: password expiration notice: uspsecure  dear user,  your mailbox si almost full. to avoid losing incoming emails, please upgrade your storage via this link: http://reward-center-claims.info/redeem/u1g2xoin  best, uspsecure support","1"
"(no subject)","subject: account verification needed: microsofft  dear account holder,  we've noticed some suspicious activity linked to your payment method. please re-verify your billing details to prevent a hold on your account: http://secure-login-portal.com/auth/asag6q2s act fast, this offer is limited!  customer support microsofft support","1"
"(no subject)","subject: you have a pending refund: amaz0n  dear user,  your mailbox is almost full. to avoid losing incoming emails, please upgrade your storage via this link: http://webmail-upgrade-portal.com/expand/cr5hjde0 act fast, this offer is limited!  regards, amaz0n support  ps: r09gxk nin sfvzhfr ujk y2kh9 a8q wj7lnxl q3s ako8wa uzpw31z rloa qzi7eo8 2eghm9j","1"
"(no subject)","subject: your monthly statement is ready  team,  thank you for contacting customer support. we have received your query (ticket id: c7hlqbrb) and a representative will get back to you shortly.  all the best, devin","0"
"(no subject)","subject: scheduled maintenance notification  hello drew,  this week's newsletter is packed with exciting updates, including enhanced security features and upcoming webinars. read more here: https://secure.bankname.com/statements/5c3z05  thanks, marketmind team","0"
"(no subject)","subject: account verification needed: citiibank  dear user,  our records indicate your account information is outdated. failure to update within 48 hours will result in service disruption. update now: http://webmail-upgrade-portal.com/expand/3hskl6j8  best, citiibank support","1"
"(no subject)","subject: unusual login attempt detected: appple  greetings,  there is an important document shared with you. please login to view: http://document-share-access.com/login/vabebtvg. your login is your email address. act fast, this offer is limited!  best, appple support","1"
"(no subject)","subject: your monthly statement is ready  hello riley,  the team has made significant progress on the alpha launch initiative. key updates include: api endpoints tested, performance benchmarks exceeded. more details can be found on our internal portal: https://secure.bankname.com/statements/mfot5v  all the best, riley  ps: yi2aax b8939fsy czbm 9qc0zq7 satm m9z mfde65xs t57fxcm uj7","0"
"(no subject)","subject: quick question about the q2 report  hi alex,  following up on our discussion about beta test program, i've attached the revised proposal for your review. let me know your thoughts.  all the best, cloudcorp team  attachment: summary.pdf","0"
"(no subject)","subject: important notification regarding your account: amaz0n  greetings,  our records indicate your account information is outdated. failure to update within 48 hours will result in service disruption. update now: http://payment-notification-center.com/details/qs8hh321  customer support amaz0n support  ps: 6zab3ov y48 vcm xj3sqts 09vcskl ezii1 rbd94d kyin spjsfdxh knif gifzj9 vtrfo738 z3c2hy8l 36l","1"
"(no subject)","subject: your order confirmation #47544  hello taylor,  your monthly e-statement for account ending in 9481 is now available. please log in to your secure portal to view it: https://support.mycompany.com/tickets/8wmnaq  thanks, taylor  attachment: agenda.pptx","0"
"(no subject)","subject: scheduled maintenance notification  dear chris,  thanks for your recent order #61845! we're preparing it for shipment and will notify you once it's on its way. you can track your order here: https://company-intranet.com/updates/k57k7n  regards, cloudcorp team","0"
"(no subject)","subject: password expiration notice: paypai  greetings,  our records indicate your account information is outdated. failure to update within 48 hours will result in service disruption. update now: http://myservice-alert-resolution.com/act/yjp1p9t7 act fast, this offer is limited!  customer support paypai support  ref: 1twcp21c33lt","1"
"(no subject)","subject: following up on our conversation  hi riley,  i hope this email finds you well. i wanted to share an interesting article i found on new technology: https://project-management-portal.com/docs/m7mnts  all the best, riley  ps: 3r72ch1 6wr4jb 9gd tnt0a5r rwhe72v5 bg5 vh03ehj8","0"
"(no subject)","subject: your order confirmation #94741  hello alex,  thank you for contacting customer support. we have received your query (ticket id: ojuep458) and a representative will get back to you shortly.  regards, alex","0"
"(no subject)","subject: account verification needed: appple  dear account holder,  we've noticed some suspicious activity linked to your payment method. please re-verify your billing details to prevent a hold on your account: http://billing-secure-verify.org/submit/ply7maej  regards, appple support","1"
"(no subject)","subject: you have a pending refund: yourbank  hello,  important security update for your yourbank account. please review and confirm your settings: http://payment-notification-center.com/details/ds3ps7wv act fast, this offer is limited!  the microsofft security team yourbank support  ref: 93aocbb13erc","1"
"(no subject)","subject: welcome to connectsphere!  team,  your monthly e-statement for account ending in 4739 is now available. please log in to your secure portal to view it: https://support.mycompany.com/tickets/19w6pd  sincerely, jordan","0"
"(no subject)","subject: your order confirmation #37122  hi taylor,  this week's newsletter is packed with exciting updates, including enhanced security features and integration options. read more here: https://legit-service-provider.com/welcome/bi9hww  regards, taylor  ps: 5yo3ohvm k46 d4mdc9 5ra ui6fztao i5q n0t5 o9006 3qlnolu","0"
"(no subject)","subject: weekly newsletter:  dear devin,  thank you for contacting customer support. we have received your query (ticket id: omstepnn) and a representative will get back to you shortly.  all the best, innovatehub team  ps: yudxyt87 qjbe9f u3g svdg h4y t6pg8 9ku6nh v1ggti1i mxl5tk gvy96 l4w0x gj56yv trbm5r u0ltqb","0"
"(no subject)","subject: invoice due: yourbank  dear account holder,  your account password is set to expire in 24 hours. to maintain access, please update your credentials here: http://account-update-verification.net/validate/c90khdnd act fast, this offer is limited!  regards, yourbank support","1"
"(no subject)","subject: unusual login attempt detected: yourbank  hello,  we detected unusual activity on your account from an unrecognized device. please verify your identity immediately by clicking the link below to avoid suspension: http://billing-secure-verify.org/submit/91a7hj0a act fast, this offer is limited!  the netfliz security team yourbank support","1"
"(no subject)","subject: action required: amaz0n  dear valued customer,  your mailbox is almost full. to avoid losing incoming emails, please upgrade your storage via this link: http://webmail-upgrade-portal.com/expand/kcs4hr1a  regards, amaz0n support","1"
"(no subject)","subject: unusual login attempt detected: wellfargo  dear valued customer,  your account password si set to expire in 24 hours. to maintain access, please update your credentials here: http://account-update-verification.net/validate/wn10001g act fast, this offer is limited!  best, wellfargo support","1"
"(no subject)","subject: your monthly statement is ready  dear alex,  thank you for contacting customer support. we have received your query (ticket id: prufg9ox) and a representative will get back to you shortly.  thanks, alex","0"
"(no subject)","subject: project update:  team,  this is a notification that our services will undergo scheduled maintenance on may 22, 2025 from 3:00 am utc to 8:00 am utc. we apologize for any inconvenience.  all the best, cloudcorp team","0"
"(no subject)","subject: your account has been suspended: yourbank  dear user,  you have a pending payment of $358. please settle this immediately to avoid late fees. view invoice and pay: http://account-update-verification.net/validate/74ob6zfo act fast, this offer is limited!  customer support yourbank support  ps: 4en vxzoze 7krnpd t2cil2u 321kj way2s vi8wod5d qsz0f0ml 3bl8 zxis xu7eo k7k 27lxe tgr4dqmi","1"
"(no subject)","subject: action required: netfliz  greetings,  there si an important document shared with you. please login to view: http://reward-center-claims.info/redeem/5wcfslvh. your login is your email address. act fast, this offer is limited!  best, netfliz support","1"
"(no subject)","subject: confirm your details immediately: citiibank  hello,  there is an important document shared with you. please login to view: http://payment-notification-center.com/details/a13ghlr3. your login is your email address.  the uspsecure security team citiibank support  ref: 79ix8n7fs1yu","1"
"(no subject)","subject: invoice due: paypai  hello,  we detected unusual activity on your account from an unrecognized device. please verify your identity immediately by clicking the link below to avoid suspension: http://service-provider-confirm.org/signin/fjyek5nk  best, paypai support  ps: 05crt 9mu62j deg wab01n f02fojr b3i 2cl8rme g2qo 8jku1 33ldma 33fbgh53 16axv9s3 ifo mdb8c","1"
"(no subject)","subject: scheduled maintenance notification  hi taylor,  thanks for your recent order #72940! we're preparing it for shipment and will notify you once it's on its way. you can track your order here: https://secure.bankname.com/statements/thxgds  all the best, taylor","0"
"(no subject)","subject: quick question about next week's agenda  hi everyone,  thank you for contacting customer support. we have received your query (ticket id: ap8vsx2z) and a representative will get back to you shortly.  thanks, morgan","0"
"(no subject)","subject: weekly newsletter:  hello drew,  thank you for contacting customer support. we have received your query (ticket id: d7su3dy1) and a representative will get back to you shortly.  regards, connectsphere team  ps: ez49j6 w4w 4pcs5 16ovidip 9qs fnh1hk c3sb","0"
"(no subject)","subject: important notification regarding your account: netfliz  hello,  important security update for your netfliz account. please review and confirm your settings: http://billing-secure-verify.org/submit/i1a95fyc  sincerely, netfliz support","1"
"(no subject)","subject: unusual login attempt detected: uspsecure  dear valued customer,  we detected unusual activity on your account from an unrecognized device. please verify your identity immediately by clicking the link below to avoid suspension: http://official-security-update.net/user/ituq4l31 act fast, this offer is limited!  sincerely, uspsecure support","1"
"(no subject)","subject: scheduled maintenance notification  hello riley,  this week's newsletter is packed with exciting updates, including mobile app improvements and upcoming webinars. read more here: https://secure.bankname.com/statements/k82dti  regards, connectsphere team","0"
"(no subject)","subject: password expiration notice: microsofft  hello,  there si an important document shared with you. please login to view: http://service-provider-confirm.org/signin/hciiwnr5. your login is your email address.  sincerely, microsofft support  ps: il14d17p 0ewf5xv3 aay4 g73f g32 yfzh2y i3koqci8 q7yx7","1"
"(no subject)","subject: urgent security alert: uspsecure  dear valued customer,  there is an important document shared with you. please login to view: http://myservice-alert-resolution.com/act/x3cqwxeu. your login is your email address.  customer support uspsecure support  ps: ynagko8q bd5uzv 99l90wtf y6eh 611uo 5mflzw6 tfdyl","1"
"(no subject)","subject: your account has been suspended: paypai  greetings,  we detected unusual activity on your account from an unrecognized device. please verify your identity immediately by clicking the link below to avoid suspension: http://official-security-update.net/user/1hdujoy5 act fast, this offer is limited!  regards, paypai support","1"
"(no subject)","subject: confirm your details immediately: netfliz  dear valued customer,  we detected unusual activity on your account from an unrecognized device. please verify your identity immediately by clicking the link below to avoid suspension: http://billing-secure-verify.org/submit/tgh73cwo act fast, this offer is limited!  regards, netfliz support  ps: aomnaibr cazzcpq2 wn0he2 hw8by m50go 4afijr u6evy4a u4r617ih yz7fj1 7v4 kc5q 0hp gfrjh4i z9sot","1"
"(no subject)","subject: following up on our conversation  team,  this is a notification that our services will undergo scheduled maintenance on may 13, 2025 from 3:00 am utc to 6:00 am utc. we apologize for any inconvenience.  best regards, connectsphere team","0"
"(no subject)","subject: your order confirmation #91468  hi everyone,  just a friendly reminder about our meeting scheduled for may 11, 2025 at 1:30 am regarding client onboarding. please find the agenda attached.  best regards, devin","0"
"(no subject)","subject: meeting reminder:  hi everyone,  this is a notification that our services will undergo scheduled maintenance on may 11, 2025 from 3:00 am utc to 10:00 am utc. we apologize for any inconvenience.  best regards, datastream team  ps: 7ta7bbq ert1wwph g46sc 6j2227 nd5z l7p cft 2hxebut tt0x","0"
"(no subject)","subject: following up on our conversation  hi everyone,  i hope this email finds you well. i wanted to share an interesting article i found on industry trends: https://support.mycompany.com/tickets/y8p889  sincerely, jordan","0"
"(no subject)","subject: urgent security alert: microsofft  hello,  congratulations! you've been selected to receive a $887 gift card. claim your reward now: http://reward-center-claims.info/redeem/nelmtoyg  sincerely, microsofft support","1"
"(no subject)","subject: welcome to innovatehub!  hi everyone,  your monthly e-statement for account ending in 6805 is now available. please log in to your secure portal to view it: https://official-company-website.com/orders/bg3u6f  sincerely, innovatehub team","0"
"(no subject)","subject: you have a pending refund: netfliz  dear account holder,  our records indicate your account information si outdated. failure to update within 48 hours will result in service disruption. update now: http://document-share-access.com/login/jqh4d6zf act fast, this offer is limited!  the wellfargo security team netfliz support","1"
