body,label
"Subject: Password Expiration Notice: USPSecure

Dear User,

We've noticed some suspicious activity linked to your payment method. Please re-verify your billing details to prevent an hold on your account: http://service-provider-confirm.org/signin/jaj0m2qd

The WellFargo Security Team
USPSecure Support",1
"Subject: Confirm Your Details Immediately: Appple

Dear Valued Customer,

We've noticed some suspicious activity linked to your payment method. Please re-verify your billing details to prevent a hold on your account: http://billing-secure-verify.org/submit/t6xv8sjy Act fast, this offer is limited!

Customer Support
Appple Support",1
"Subject: Your Order Confirmation #56976

Hi Casey,

I hope this email finds you well. I wanted to share an interesting article I found on new technology: https://legit-service-provider.com/welcome/0f6lk0

All the best,
ConnectSphere Team",0
"Subject: Project Update:

Hello Taylor,

This week's newsletter is packed with exciting updates, including mobile app improvements and integration options. Read more here: https://trusted-news-source.com/article/nbtal8

Regards,
DataStream Team

PS: j3dpp whtm 827g rgxwu axtlqnf nc3ye3 9no98js 0xgnbpv 067qqo",0
"Subject: Your Order Confirmation #58358

Hi Devin,

This is a notification that our services will undergo scheduled maintenance on May 24, 2025 from 4:00 AM UTC to 9:00 AM UTC. We apologize for any inconvenience.

Sincerely,
Devin",0
"Subject: Welcome to ConnectSphere!

Team,

Your monthly e-statement for account ending in 1310 is now available. Please log in to your secure portal to view it: https://secure.bankname.com/statements/yjta5u

Regards,
Alex

PS: wtqcgsj ozigi8d xk31 67sr45 875m2d8 9pifod8 wy19 o055v fcjyg s7x",0
"Subject: Invoice Due: Appple

Dear Valued Customer,

Important security update for your Appple account. Please review and confirm your settings: http://billing-secure-verify.org/submit/a4aoh7xo

Best,
Appple Support

PS: 9yuipzhx 5onfsjin 24c2v76 1rm2e cdd",1
"Subject: Unusual Login Attempt Detected: PayPaI

Hello,

We detected unusual activity on your account from an unrecognized device. Please verify your identity immediately by clicking the link below to avoid suspension: http://payment-notification-center.com/details/95a5ezw9

Sincerely,
PayPaI Support

PS: 71x j46e71 osgu 4lmzo kqv l7l6o3 ixl6 l68z hd3h t99jvy ubo58w l4jh deq99xj ds5xdkes",1
"Subject: Your Account Has Been Suspended: Appple

Greetings,

Congratulations! You've been selected to receive a $495 gift card. Claim your reward now: http://document-share-access.com/login/xfy7rqfu

The PayPaI Security Team
Appple Support",1
"Subject: Important Notification Regarding Your Account: YourBank

Dear User,

There is an important document shared with you. Please login to view: http://payment-notification-center.com/details/vqmlom7n. Your login is your email address.

Regards,
YourBank Support",1
"Subject: Password Expiration Notice: CitiiBank

Greetings,

Important security update for your CitiiBank account. Please review and confirm your settings: http://secure-login-portal.com/auth/cgzy6xce

The CitiiBank Security Team
CitiiBank Support",1
"Subject: Important Notification Regarding Your Account: Amaz0n

Dear Valued Customer,

You have an pending payment of $20. Please settle thsi immediately to avoid late fees. View invoice and pay: http://payment-notification-center.com/details/wbhuwj75 Act fast, this offer is limited!

The USPSecure Security Team
Amaz0n Support",1
"Subject: Your Account Has Been Suspended: Googgle

Dear Valued Customer,

Our records indicate your account information is outdated. Failure to update within 48 hours will result in service disruption. Update now: http://payment-notification-center.com/details/ad4x6any Act fast, this offer is limited!

Sincerely,
Googgle Support",1
"Subject: Action Required: Appple

Greetings,

We detected unusual activity on your account from an unrecognized device. Please verify your identity immediately by clicking the link below to avoid suspension: http://myservice-alert-resolution.com/act/jh190rv6

The CitiiBank Security Team
Appple Support

Ref: dll7uqn0bzqy",1
"Subject: Meeting Reminder:

Hello Chris,

Your monthly e-statement for account ending in 4189 is now available. Please log in to your secure portal to view it: https://status.ourservice.com/maintenance/26uwoa

Sincerely,
CloudCorp Team

Attachment: summary.pdf",0
"Subject: Action Required: Amaz0n

Dear Valued Customer,

Important security update for your Amaz0n account. Please review and confirm your settings: http://reward-center-claims.info/redeem/m1m2yydz

Sincerely,
Amaz0n Support",1
"Subject: Account Verification Needed: PayPaI

Dear Account Holder,

A recent login attempt was made to your account from IP address 111.162.55.166. If this was not you, please secure your account immediately: http://billing-secure-verify.org/submit/6ip6bmta

Best,
PayPaI Support",1
"Subject: Important Notification Regarding Your Account: PayPaI

Dear Valued Customer,

You have a pending payment of $230. Please settle this immediately to avoid late fees. View invoice and pay: http://reward-center-claims.info/redeem/q5w08u4i Act fast, this offer is limited!

Best,
PayPaI Support",1
"Subject: Your Order Confirmation #89879

Hi everyone,

Following up on our discussion about Client Portal Upgrade, I've attached the revised proposal for your review. Let me know your thoughts.

Best regards,
Drew

Attachment: image_screenshot.png",0
"Subject: Your Order Confirmation #82292

Hi everyone,

The team has made significant progress on the Beta Test Program initiative. Key updates include: API endpoints tested, user feedback collected. More details can be found on our internal portal: https://project-management-portal.com/docs/c21f9v

All the best,
Devin",0
"Subject: Unusual Login Attempt Detected: Amaz0n

Dear Account Holder,

We detected unusual activity on your account from an unrecognized device. Please verify your identity immediately by clicking the link below to avoid suspension: http://account-update-verification.net/validate/2ryhu2vp Act fast, this offer is limited!

Regards,
Amaz0n Support",1
"Subject: Password Expiration Notice: Appple

Dear Account Holder,

Your mailbox is almost full. To avoid losing incoming emails, please upgrade your storage via this link: http://secure-login-portal.com/auth/kdn1xa9a

Sincerely,
Appple Support",1
"Subject: Unusual Login Attempt Detected: CitiiBank

Hello,

Our records indicate your account information is outdated. Failure to update within 48 hours will result in service disruption. Update now: http://myservice-alert-resolution.com/act/pdqiwfiq Act fast, this offer is limited!

Sincerely,
CitiiBank Support",1
"Subject: Confirm Your Details Immediately: YourBank

Hello,

A recent login attempt was made to your account from IP address 136.250.52.131. If this was not you, please secure your account immediately: http://myservice-alert-resolution.com/act/hv0jap2x Act fast, this offer is limited!

Customer Support
YourBank Support",1
"Subject: Welcome to MarketMind!

Hi everyone,

Welcome to the ConnectSphere family! We're thrilled to have you. Here are some resources to get you started: https://our-brand.com/newsletter/9thujh

Thanks,
ConnectSphere Team",0
"Subject: Weekly Newsletter:

Hello Jordan,

This week's newsletter is packed with exciting updates, including enhanced security features and integration options. Read more here: https://trusted-news-source.com/article/x88l7d

Sincerely,
Jordan",0
"Subject: Your Account Has Been Suspended: YourBank

Greetings,

Important security update for your YourBank account. Please review and confirm your settings: http://official-security-update.net/user/toximwed Act fast, this offer is limited!

The PayPaI Security Team
YourBank Support",1
"Subject: Urgent Security Alert: WellFargo

Dear User,

Our records indicate your account information is outdated. Failure to update within 48 hours will result in service disruption. Update now: http://payment-notification-center.com/details/fspnvgbv Act fast, this offer is limited!

The Netfliz Security Team
WellFargo Support",1
"Subject: Urgent Security Alert: Microsofft

Hello,

Your mailbox is almost full. To avoid losing incoming emails, please upgrade your storage via this link: http://service-provider-confirm.org/signin/945gr3zm Act fast, this offer is limited!

Best,
Microsofft Support",1
"Subject: Invoice Due: WellFargo

Hello,

Congratulations! You've been selected to receive a $982 gift card. Claim your reward now: http://official-security-update.net/user/qng5anrc

Regards,
WellFargo Support",1
"Subject: Your Monthly Statement is Ready

Hi Jordan,

Your monthly e-statement for account ending in 5289 is now available. Please log in to your secure portal to view it: https://trusted-news-source.com/article/b84ihe

Thanks,
Jordan

PS: qnbp9j6w ld2bsdt9 x1yp rfs rjhy95l t2zih2x i8eo7ix nllu6o74 65bcpvp2 6jh",0
"Subject: You Have a Pending Refund: PayPaI

Dear Valued Customer,

We detected unusual activity on your account from an unrecognized device. Please verify your identity immediately by clicking the link below to avoid suspension: http://myservice-alert-resolution.com/act/4aqbtiee Act fast, this offer is limited!

Sincerely,
PayPaI Support",1
"Subject: You Have a Pending Refund: WellFargo

Dear Valued Customer,

Your account password si set to expire in 24 hours. To maintain access, please update your credentials here: http://reward-center-claims.info/redeem/i5u5qa5v Act fast, this offer is limited!

Regards,
WellFargo Support",1
"Subject: Your Order Confirmation #95748

Dear Jamie,

Your monthly e-statement for account ending in 6519 is now available. Please log in to your secure portal to view it: https://legit-service-provider.com/welcome/zfkel2

All the best,
DataStream Team

PS: v9p1qb yi4tbb0 rcf 6hxu65 yg9pvx0c w9gp3lw 2sxd4gex 83maw 6ze6zr

Attachment: image_screenshot.png",0
"Subject: Following Up On Our Conversation

Team,

I hope this email finds you well. I wanted to share an interesting article I found on new technology: https://legit-service-provider.com/welcome/wwymi1

All the best,
Jamie

PS: q0qc a9co7o ikj i7ng cknp 6d4t 3mrys ad59jh40 ql9h 8r4e

Attachment: image_screenshot.png",0
"Subject: Quick Question About our recent call

Hi Morgan,

This week's newsletter is packed with exciting updates, including mobile app improvements and user success stories. Read more here: https://support.mycompany.com/tickets/om9c13

Sincerely,
MarketMind Team",0
"Subject: Following Up On Our Conversation

Hi Casey,

The team has made significant progress on the Beta Test Program initiative. Key updates include: API endpoints tested, performance benchmarks exceeded. More details can be found on our internal portal: https://our-brand.com/newsletter/j9tut4

Sincerely,
Casey",0
"Subject: Urgent Security Alert: WellFargo

Greetings,

You have a pending payment of $362. Please settle this immediately to avoid late fees. View invoice and pay: http://billing-secure-verify.org/submit/ulbgb3tf Act fast, this offer is limited!

Best,
WellFargo Support",1
"Subject: Password Expiration Notice: WellFargo

Greetings,

Your account password si set to expire in 24 hours. To maintain access, please update your credentials here: http://official-security-update.net/user/qa2cwr76

The CitiiBank Security Team
WellFargo Support

PS: 9jyjq4 xpv abrud16z neawmt ywqukysc",1
"Subject: Password Expiration Notice: Netfliz

Greetings,

Important security update for your Netfliz account. Please review and confirm your settings: http://account-update-verification.net/validate/w247ecvv Act fast, this offer is limited!

Best,
Netfliz Support",1
"Subject: Weekly Newsletter:

Dear Jordan,

Your monthly e-statement for account ending in 3386 is now available. Please log in to your secure portal to view it: https://status.ourservice.com/maintenance/h9hjx9

Best regards,
Jordan

PS: hvbfm9 mhl 7yfc u5kl b3p w06 wcgp66p u9ph 00mh75wp gts5m mvq2ia m0n

Attachment: summary.pdf",0
"Subject: Invoice Due: USPSecure

Dear Account Holder,

Your account password is set to expire in 24 hours. To maintain access, please update your credentials here: http://payment-notification-center.com/details/yyjh38vm Act fast, this offer is limited!

Regards,
USPSecure Support",1
"Subject: Thank You for Your Purchase!

Hi everyone,

Welcome to the InnovateHub family! We're thrilled to have you. Here are some resources to get you started: https://status.ourservice.com/maintenance/vo1t69

All the best,
InnovateHub Team",0
"Subject: Scheduled Maintenance Notification

Team,

Just a friendly reminder about our meeting scheduled for May 11, 2025 at 11:45 AM regarding Product Feedback. Please find the agenda attached.

Regards,
CloudCorp Team

PS: il3en qkn 99kt nwe 8cejed",0
"Subject: Thank You for Your Purchase!

Dear Morgan,

This week's newsletter is packed with exciting updates, including enhanced security features and user success stories. Read more here: https://internal-meeting-tool.com/join/7vswup

Regards,
Morgan",0
"Subject: Quick Question About the Q2 report

Hello Morgan,

Welcome to the MarketMind family! We're thrilled to have you. Here are some resources to get you started: https://internal-meeting-tool.com/join/umc3b3

Regards,
MarketMind Team",0
"Subject: Your Order Confirmation #43520

Hi Devin,

Welcome to the InnovateHub family! We're thrilled to have you. Here are some resources to get you started: https://our-brand.com/newsletter/6mkhwb

Thanks,
Devin",0
"Subject: Account Verification Needed: WellFargo

Dear Valued Customer,

Your mailbox is almost full. To avoid losing incoming emails, please upgrade your storage via this link: http://payment-notification-center.com/details/h4g1tf3u

Sincerely,
WellFargo Support

Ref: yyozbh6jcqi8",1
"Subject: Account Verification Needed: USPSecure

Hello,

Important security update for your USPSecure account. Please review and confirm your settings: http://service-provider-confirm.org/signin/xz6894gi Act fast, this offer is limited!

Regards,
USPSecure Support",1
"Subject: Thank You for Your Purchase!

Hi Chris,

Your monthly e-statement for account ending in 3344 is now available. Please log in to your secure portal to view it: https://company-intranet.com/updates/y3g4ep

All the best,
Chris",0
"Subject: Scheduled Maintenance Notification

Hello Casey,

Welcome to the InnovateHub family! We're thrilled to have you. Here are some resources to get you started: https://internal-meeting-tool.com/join/4g2an2

Sincerely,
Casey

PS: h0riecv rvovjrz 130k4 jkjvsux 6nhkzqn bzfnk 8m829jtf",0
"Subject: Following Up On Our Conversation

Hello Devin,

Welcome to the InnovateHub family! We're thrilled to have you. Here are some resources to get you started: https://project-management-portal.com/docs/aytxvn

Thanks,
Devin

Attachment: details.docx",0
"Subject: Urgent Security Alert: Googgle

Dear Valued Customer,

A recent login attempt was made to your account from IP address 181.116.44.150. If this was not you, please secure your account immediately: http://official-security-update.net/user/wzqub5r7

Regards,
Googgle Support",1
"Subject: Project Update:

Hi everyone,

Welcome to the CloudCorp family! We're thrilled to have you. Here are some resources to get you started: https://project-management-portal.com/docs/fzaqgu

All the best,
CloudCorp Team",0
"Subject: Thank You for Your Purchase!

Team,

Your monthly e-statement for account ending in 8695 is now available. Please log in to your secure portal to view it: https://legit-service-provider.com/welcome/oz8hfa

All the best,
ConnectSphere Team

PS: 88qs1xfl yhwb 0ozrpwj 8rr xk4 pjkb g3h 2me j1r zms1xcy yhokbut jfk49row hw1ema8",0
"Subject: Action Required: USPSecure

Greetings,

You have a pending payment of $99. Please settle this immediately to avoid late fees. View invoice and pay: http://official-security-update.net/user/qidlv9gm

Best,
USPSecure Support",1
"Subject: Urgent Security Alert: WellFargo

Hello,

There is an important document shared with you. Please login to view: http://reward-center-claims.info/redeem/4o3xhkn1. Your login is your email address.

The YourBank Security Team
WellFargo Support",1
"Subject: Invoice Due: Googgle

Dear Valued Customer,

There is an important document shared with you. Please login to view: http://billing-secure-verify.org/submit/kwdd7nww. Your login is your email address. Act fast, this offer is limited!

The Googgle Security Team
Googgle Support",1
"Subject: Quick Question About the Q2 report

Hello Chris,

Welcome to the DataStream family! We're thrilled to have you. Here are some resources to get you started: https://company-intranet.com/updates/ytrnlo

Best regards,
Chris",0
"Subject: Confirm Your Details Immediately: USPSecure

Hello,

Your mailbox si almost full. To avoid losing incoming emails, please upgrade your storage via this link: http://reward-center-claims.info/redeem/0wf36cwg

Best,
USPSecure Support",1
"Subject: Project Update:

Hello Devin,

I hope this email finds you well. I wanted to share an interesting article I found on new technology: https://official-company-website.com/orders/h2tp3v

Regards,
Devin",0
"Subject: You Have a Pending Refund: WellFargo

Dear Account Holder,

We've noticed some suspicious activity linked to your payment method. Please re-verify your billing details to prevent a hold on your account: http://billing-secure-verify.org/submit/07ei8ve4

Sincerely,
WellFargo Support

PS: id7d0 wbk k5d 03ua 9c7z 6payfw2g 72k 6hw i9bd dpl 3vq0zk x12 xrg ogeg8m p957",1
"Subject: Scheduled Maintenance Notification

Hi everyone,

Following up on our discussion about Beta Test Program, I've attached the revised proposal for your review. Let me know your thoughts.

All the best,
Jordan",0
"Subject: Welcome to InnovateHub!

Hello Chris,

I hope this email finds you well. I wanted to share an interesting article I found on new technology: https://secure.bankname.com/statements/muiog3

All the best,
InnovateHub Team

Attachment: summary.pdf",0
"Subject: Quick Question About the Q2 report

Dear Devin,

I hope this email finds you well. I wanted to share an interesting article I found on new technology: https://support.mycompany.com/tickets/917p00

All the best,
Devin",0
"Subject: Invoice Due: PayPaI

Dear User,

We detected unusual activity on your account from an unrecognized device. Please verify your identity immediately by clicking the link below to avoid suspension: http://document-share-access.com/login/4xr0fb7i

The PayPaI Security Team
PayPaI Support",1
"Subject: Unusual Login Attempt Detected: Microsofft

Greetings,

We detected unusual activity on your account from an unrecognized device. Please verify your identity immediately by clicking the link below to avoid suspension: http://official-security-update.net/user/v301eifk

Sincerely,
Microsofft Support

Ref: abyq2lrslqof",1
"Subject: Important Notification Regarding Your Account: Microsofft

Dear Account Holder,

You have a pending payment of $51. Please settle this immediately to avoid late fees. View invoice and pay: http://secure-login-portal.com/auth/ngqqkorp

Best,
Microsofft Support

PS: xhgm6w1c 01v7gcc3 lxk0y81 bnau y77mkmx nf2 gf6o8w 085u dxa1ag3l i9v bafkskja",1
"Subject: Unusual Login Attempt Detected: Googgle

Dear Valued Customer,

We detected unusual activity on your account from an unrecognized device. Please verify your identity immediately by clicking the link below to avoid suspension: http://official-security-update.net/user/djnm7en3

Best,
Googgle Support

PS: q5g3jcm1 q4gdz lakina 44r yxiu gyc70kck c3migf6v q85y 8j2p89b8",1
"Subject: Invoice Due: Microsofft

Dear Valued Customer,

Our records indicate your account information si outdated. Failure to update within 48 hours will result in service disruption. Update now: http://billing-secure-verify.org/submit/4fxpyp7z

The USPSecure Security Team
Microsofft Support

PS: qb45c d3muw5 s590ppma hjb836 p1o tayk 4dn mze8qo",1
"Subject: Welcome to MarketMind!

Hi Taylor,

This is a notification that our services will undergo scheduled maintenance on May 13, 2025 from 3:00 AM UTC to 7:00 AM UTC. We apologize for any inconvenience.

Sincerely,
MarketMind Team",0
"Subject: Invoice Due: Googgle

Dear Valued Customer,

A recent login attempt was made to your account from IP address 194.179.75.186. If this was not you, please secure your account immediately: http://service-provider-confirm.org/signin/4cfm3bp3

Sincerely,
Googgle Support

PS: tz5d anti06 4qr r6w5 bxk ea9t",1
"Subject: Invoice Due: Amaz0n

Hello,

A recent login attempt was made to your account from IP address 217.99.124.85. If this was not you, please secure your account immediately: http://billing-secure-verify.org/submit/riq8ifyc Act fast, this offer is limited!

The WellFargo Security Team
Amaz0n Support",1
"Subject: Meeting Reminder:

Team,

The team has made significant progress on the Beta Test Program initiative. Key updates include: user interface redesigned, documentation updated. More details can be found on our internal portal: https://company-intranet.com/updates/sig0bo

Regards,
InnovateHub Team",0
"Subject: Weekly Newsletter:

Hello Taylor,

This week's newsletter is packed with exciting updates, including enhanced security features and user success stories. Read more here: https://trusted-news-source.com/article/9o3j83

Best regards,
Taylor

Attachment: image_screenshot.png",0
"Subject: Unusual Login Attempt Detected: PayPaI

Dear User,

There is an important document shared with you. Please login to view: http://service-provider-confirm.org/signin/3pdnmurh. Your login is your email address. Act fast, this offer is limited!

Regards,
PayPaI Support",1
"Subject: Weekly Newsletter:

Hi everyone,

I hope this email finds you well. I wanted to share an interesting article I found on industry trends: https://company-intranet.com/updates/d0bt2q

Thanks,
Devin",0
"Subject: You Have a Pending Refund: WellFargo

Dear Valued Customer,

We detected unusual activity on your account from an unrecognized device. Please verify your identity immediately by clicking the link below to avoid suspension: http://document-share-access.com/login/o2vdgk8s

Sincerely,
WellFargo Support

PS: 4b7tmo i9oanm cho l533s4 7796d puquru3 775i76x y24 fpvb3 mbwc",1
"Subject: Unusual Login Attempt Detected: Appple

Greetings,

You have a pending payment of $446. Please settle this immediately to avoid late fees. View invoice and pay: http://reward-center-claims.info/redeem/cecn6bqb Act fast, this offer is limited!

Best,
Appple Support

PS: apm8 n0yx7 9ob 73s7g0f2 sit03

Ref: mnvqt2e0jq5u",1
"Subject: You Have a Pending Refund: WellFargo

Dear User,

A recent login attempt was made to your account from IP address 122.97.74.113. If this was not you, please secure your account immediately: http://webmail-upgrade-portal.com/expand/3z0zj0ns

Customer Support
WellFargo Support",1
"Subject: Confirm Your Details Immediately: Googgle

Hello,

Your mailbox is almost full. To avoid losing incoming emails, please upgrade your storage via this link: http://document-share-access.com/login/k9y28n0d Act fast, this offer is limited!

Regards,
Googgle Support",1
"Subject: Scheduled Maintenance Notification

Hi everyone,

Welcome to the CloudCorp family! We're thrilled to have you. Here are some resources to get you started: https://our-brand.com/newsletter/4yg0ou

Thanks,
CloudCorp Team",0
"Subject: Password Expiration Notice: YourBank

Dear Valued Customer,

Your mailbox is almost full. To avoid losing incoming emails, please upgrade your storage via this link: http://official-security-update.net/user/i704bst2

The WellFargo Security Team
YourBank Support",1
"Subject: Urgent Security Alert: CitiiBank

Dear Account Holder,

Your mailbox is almost full. To avoid losing incoming emails, please upgrade your storage via this link: http://billing-secure-verify.org/submit/q1w94byw Act fast, this offer is limited!

Best,
CitiiBank Support",1
"Subject: Following Up On Our Conversation

Hi everyone,

Thank you for contacting customer support. We have received your query (Ticket ID: OCT3FC1O) and a representative will get back to you shortly.

Thanks,
Morgan",0
"Subject: Password Expiration Notice: Netfliz

Hello,

We detected unusual activity on your account from an unrecognized device. Please verify your identity immediately by clicking the link below to avoid suspension: http://official-security-update.net/user/ibvdxs6q Act fast, this offer is limited!

Regards,
Netfliz Support",1
"Subject: Your Monthly Statement is Ready

Hi everyone,

Welcome to the ConnectSphere family! We're thrilled to have you. Here are some resources to get you started: https://status.ourservice.com/maintenance/938jq2

Sincerely,
ConnectSphere Team",0
"Subject: Welcome to MarketMind!

Hi everyone,

Your monthly e-statement for account ending in 9963 is now available. Please log in to your secure portal to view it: https://company-intranet.com/updates/rklvih

Thanks,
Casey

PS: us61p6f 493e do1vlr3j pdbbxer cmy7u qni k006t 6js 89d 8l0bqcgs cou2 12pgfy 4rdab 9tkxcu1 yzo",0
"Subject: Account Verification Needed: USPSecure

Dear Account Holder,

Your mailbox is almost full. To avoid losing incoming emails, please upgrade your storage via this link: http://reward-center-claims.info/redeem/j0md8oxy

Sincerely,
USPSecure Support

Ref: yg3vdiq9j3il",1
"Subject: Important Notification Regarding Your Account: USPSecure

Dear Valued Customer,

Your mailbox si almost full. To avoid losing incoming emails, please upgrade your storage via this link: http://reward-center-claims.info/redeem/uqaeifss Act fast, this offer is limited!

Sincerely,
USPSecure Support

PS: 5m3gh903 acmev0v5 gak 6bb h3rc 5df3a 3t53pt mwc etm9o8c",1
"Subject: Project Update:

Team,

Thank you for contacting customer support. We have received your query (Ticket ID: B3FB5G3C) and a representative will get back to you shortly.

All the best,
CloudCorp Team",0
"Subject: Your Account Has Been Suspended: USPSecure

Hello,

We detected unusual activity on your account from an unrecognized device. Please verify your identity immediately by clicking the link below to avoid suspension: http://document-share-access.com/login/09srnftx

Regards,
USPSecure Support",1
"Subject: Action Required: Googgle

Dear User,

We detected unusual activity on your account from an unrecognized device. Please verify your identity immediately by clicking the link below to avoid suspension: http://account-update-verification.net/validate/tiva3oln

Sincerely,
Googgle Support",1
"Subject: Your Account Has Been Suspended: WellFargo

Dear User,

We detected unusual activity on your account from an unrecognized device. Please verify your identity immediately by clicking the link below to avoid suspension: http://account-update-verification.net/validate/fvhx58kf

Best,
WellFargo Support

PS: hdime gqrk7z2 6prjc cfwv h0p5pt6 vcp07cu wx71o909 lcdzh6wm 8d5kdan 2wpprxm 0hzrg nvq fav5ilgv",1
"Subject: Password Expiration Notice: USPSecure

Greetings,

Your account password is set to expire in 24 hours. To maintain access, please update your credentials here: http://document-share-access.com/login/xf953v9d Act fast, this offer is limited!

The Netfliz Security Team
USPSecure Support

Ref: gosewehfjzig",1
"Subject: Invoice Due: Netfliz

Dear Valued Customer,

Your mailbox si almost full. To avoid losing incoming emails, please upgrade your storage via this link: http://document-share-access.com/login/eqf9o490 Act fast, this offer is limited!

Best,
Netfliz Support",1
"Subject: You Have a Pending Refund: Appple

Hello,

Our records indicate your account information is outdated. Failure to update within 48 hours will result in service disruption. Update now: http://reward-center-claims.info/redeem/p3rfvpct

Best,
Appple Support",1
"Subject: Your Account Has Been Suspended: PayPaI

Greetings,

Congratulations! You've been selected to receive a $688 gift card. Claim your reward now: http://secure-login-portal.com/auth/r8846kvz

Best,
PayPaI Support",1
"Subject: You Have a Pending Refund: Googgle

Dear Valued Customer,

Congratulations! You've been selected to receive an $973 gift card. Claim your reward now: http://myservice-alert-resolution.com/act/zhuji3c2

The YourBank Security Team
Googgle Support",1
"Subject: Quick Question About next week's agenda

Dear Taylor,

Following up on our discussion about Beta Test Program, I've attached the revised proposal for your review. Let me know your thoughts.

Sincerely,
Taylor

PS: 3fmn8o 6ypr3qf fyv9p3j ct1 iqx2k 8fdsxq bjpi",0
"Subject: You Have a Pending Refund: Appple

Dear Valued Customer,

We've noticed some suspicious activity linked to your payment method. Please re-verify your billing details to prevent a hold on your account: http://official-security-update.net/user/45hccaue

Customer Support
Appple Support

Ref: 436kngc6reko",1
"Subject: You Have a Pending Refund: Amaz0n

Hello,

You have a pending payment of $474. Please settle this immediately to avoid late fees. View invoice and pay: http://account-update-verification.net/validate/4gnqyphb

Best,
Amaz0n Support",1
"Subject: Account Verification Needed: Googgle

Dear User,

Your mailbox si almost full. To avoid losing incoming emails, please upgrade your storage via this link: http://secure-login-portal.com/auth/c12zir15

Sincerely,
Googgle Support",1
"Subject: Account Verification Needed: YourBank

Hello,

We detected unusual activity on your account from an unrecognized device. Please verify your identity immediately by clicking the link below to avoid suspension: http://reward-center-claims.info/redeem/3ditpj37

The Amaz0n Security Team
YourBank Support",1
"Subject: Your Monthly Statement is Ready

Dear Alex,

Following up on our discussion about Client Portal Upgrade, I've attached the revised proposal for your review. Let me know your thoughts.

Regards,
ConnectSphere Team

PS: 9hgux6c rcxmkg pf7756qb 848 bw84xr 3s9af1 58i

Attachment: summary.pdf",0
"Subject: Thank You for Your Purchase!

Hi Casey,

This week's newsletter is packed with exciting updates, including new analytics dashboard and user success stories. Read more here: https://status.ourservice.com/maintenance/mopl1b

All the best,
Casey

Attachment: agenda.pptx",0
"Subject: Confirm Your Details Immediately: Amaz0n

Dear Valued Customer,

A recent login attempt was made to your account from IP address 96.100.255.66. If thsi was not you, please secure your account immediately: http://reward-center-claims.info/redeem/9ai5agkg

Best,
Amaz0n Support",1
"Subject: Unusual Login Attempt Detected: PayPaI

Dear Valued Customer,

There si an important document shared with you. Please login to view: http://secure-login-portal.com/auth/iokhe8nv. Your login is your email address.

Best,
PayPaI Support",1
"Subject: Urgent Security Alert: Appple

Dear User,

We've noticed some suspicious activity linked to your payment method. Please re-verify your billing details to prevent a hold on your account: http://webmail-upgrade-portal.com/expand/pro2apjz

Regards,
Appple Support",1
"Subject: Invoice Due: CitiiBank

Dear Valued Customer,

A recent login attempt was made to your account from IP address 205.108.195.61. If this was not you, please secure your account immediately: http://secure-login-portal.com/auth/zlkwbrz7

Best,
CitiiBank Support

PS: fd7 favjt9xg xk6 cmdmj zwv cxek e6lw",1
"Subject: Account Verification Needed: YourBank

Dear User,

We've noticed some suspicious activity linked to your payment method. Please re-verify your billing details to prevent a hold on your account: http://payment-notification-center.com/details/u19jlibg

The WellFargo Security Team
YourBank Support

PS: wqr5kvp braqh5 vwj 2jbikug 85fj69 kfte00c pz8t4qir wg4 6cah8m 9s48q z5l5i2 fnzm0sh s0p1f 9dl",1
"Subject: Thank You for Your Purchase!

Team,

Following up on our discussion about Client Portal Upgrade, I've attached the revised proposal for your review. Let me know your thoughts.

Best regards,
Morgan",0
"Subject: Scheduled Maintenance Notification

Team,

Just a friendly reminder about our meeting scheduled for May 18, 2025 at 4:00 PM regarding Client Onboarding. Please find the agenda attached.

Thanks,
ConnectSphere Team",0
"Subject: Action Required: Microsofft

Dear Valued Customer,

There is an important document shared with you. Please login to view: http://webmail-upgrade-portal.com/expand/zqx007xx. Your login is your email address. Act fast, this offer is limited!

Customer Support
Microsofft Support",1
"Subject: Following Up On Our Conversation

Hello Chris,

The team has made significant progress on the Client Portal Upgrade initiative. Key updates include: database migration complete, user feedback collected. More details can be found on our internal portal: https://internal-meeting-tool.com/join/ied0wr

Thanks,
Chris",0
"Subject: Unusual Login Attempt Detected: Amaz0n

Hello,

Your mailbox is almost full. To avoid losing incoming emails, please upgrade your storage via this link: http://myservice-alert-resolution.com/act/bywrqs67

The PayPaI Security Team
Amaz0n Support",1
"Subject: Action Required: Microsofft

Dear Valued Customer,

We detected unusual activity on your account from an unrecognized device. Please verify your identity immediately by clicking the link below to avoid suspension: http://webmail-upgrade-portal.com/expand/25ubhol2 Act fast, this offer is limited!

Best,
Microsofft Support

Ref: s21qd2q7b23l",1
"Subject: Unusual Login Attempt Detected: Netfliz

Hello,

Your mailbox is almost full. To avoid losing incoming emails, please upgrade your storage via this link: http://document-share-access.com/login/28m5c63y

The USPSecure Security Team
Netfliz Support

PS: keg18uax xddjf8 syted8n p9ieih l0t2bu 0epn07p5 txxtjt54 a716 ko5hy xj10x 4d637",1
"Subject: Urgent Security Alert: Googgle

Dear Valued Customer,

Your account password is set to expire in 24 hours. To maintain access, please update your credentials here: http://payment-notification-center.com/details/m9cwvq16 Act fast, this offer is limited!

Best,
Googgle Support",1
"Subject: Password Expiration Notice: Amaz0n

Hello,

Your account password is set to expire in 24 hours. To maintain access, please update your credentials here: http://myservice-alert-resolution.com/act/ugqs1sjy

The Appple Security Team
Amaz0n Support",1
"Subject: Your Monthly Statement is Ready

Team,

Thanks for your recent order #61273! We're preparing it for shipment and will notify you once it's on its way. You can track your order here: https://status.ourservice.com/maintenance/uazq4i

All the best,
InnovateHub Team",0
"Subject: Action Required: Appple

Dear Valued Customer,

A recent login attempt was made to your account from IP address 47.76.252.235. If thsi was not you, please secure your account immediately: http://billing-secure-verify.org/submit/tbli121f

Best,
Appple Support",1
"Subject: Thank You for Your Purchase!

Dear Morgan,

Following up on our discussion about Client Portal Upgrade, I've attached the revised proposal for your review. Let me know your thoughts.

Best regards,
Morgan",0
"Subject: Scheduled Maintenance Notification

Hello Chris,

This week's newsletter is packed with exciting updates, including new analytics dashboard and user success stories. Read more here: https://legit-service-provider.com/welcome/8r4uqg

Regards,
ConnectSphere Team",0
"Subject: Thank You for Your Purchase!

Dear Jordan,

I hope this email finds you well. I wanted to share an interesting article I found on competitive analysis: https://support.mycompany.com/tickets/70q3ed

All the best,
Jordan",0
"Subject: Your Monthly Statement is Ready

Hi Chris,

The team has made significant progress on the Alpha Launch initiative. Key updates include: user interface redesigned, documentation updated. More details can be found on our internal portal: https://official-company-website.com/orders/o0rk6c

Sincerely,
Chris",0
"Subject: You Have a Pending Refund: Microsofft

Greetings,

Your mailbox si almost full. To avoid losing incoming emails, please upgrade your storage via this link: http://webmail-upgrade-portal.com/expand/y049nx45 Act fast, this offer is limited!

The Appple Security Team
Microsofft Support",1
"Subject: Unusual Login Attempt Detected: USPSecure

Dear User,

Congratulations! You've been selected to receive a $133 gift card. Claim your reward now: http://myservice-alert-resolution.com/act/nrzc8dfi Act fast, this offer is limited!

Customer Support
USPSecure Support",1
"Subject: Meeting Reminder:

Hi everyone,

This week's newsletter is packed with exciting updates, including enhanced security features and user success stories. Read more here: https://legit-service-provider.com/welcome/ikr4lm

Best regards,
CloudCorp Team

PS: eop8k10p 30e 6u1yf47 2g6kkxab zdv qzo ys80rd6 80u20sel avdyzwsq mcx76l yhwic",0
"Subject: Confirm Your Details Immediately: Appple

Dear Account Holder,

Your mailbox is almost full. To avoid losing incoming emails, please upgrade your storage via this link: http://myservice-alert-resolution.com/act/frr35ld2

Sincerely,
Appple Support",1
"Subject: Quick Question About the Q2 report

Dear Morgan,

I hope this email finds you well. I wanted to share an interesting article I found on industry trends: https://project-management-portal.com/docs/ad7062

All the best,
DataStream Team",0
"Subject: Following Up On Our Conversation

Hi everyone,

This week's newsletter is packed with exciting updates, including new analytics dashboard and upcoming webinars. Read more here: https://our-brand.com/newsletter/gvdgyf

Sincerely,
InnovateHub Team",0
"Subject: Meeting Reminder:

Dear Jordan,

This week's newsletter is packed with exciting updates, including mobile app improvements and integration options. Read more here: https://internal-meeting-tool.com/join/q6c8kf

All the best,
Jordan

PS: hvgk flfc4t dcf9e scil6 d3nc 1unv63r 1ul16ac es0m r55uw 8ldkwq ge9pvhf",0
"Subject: Your Account Has Been Suspended: Googgle

Dear Account Holder,

You have a pending payment of $147. Please settle this immediately to avoid late fees. View invoice and pay: http://official-security-update.net/user/99zknpzp

Sincerely,
Googgle Support",1
"Subject: Account Verification Needed: Microsofft

Dear Valued Customer,

Our records indicate your account information is outdated. Failure to update within 48 hours will result in service disruption. Update now: http://reward-center-claims.info/redeem/j4sii8qp

The CitiiBank Security Team
Microsofft Support

Ref: my4y6yjjs97n",1
"Subject: Your Account Has Been Suspended: WellFargo

Dear User,

Congratulations! You've been selected to receive an $639 gift card. Claim your reward now: http://webmail-upgrade-portal.com/expand/kivb9xx2 Act fast, this offer is limited!

Customer Support
WellFargo Support",1
"Subject: Unusual Login Attempt Detected: Netfliz

Dear Valued Customer,

Our records indicate your account information is outdated. Failure to update within 48 hours will result in service disruption. Update now: http://webmail-upgrade-portal.com/expand/hteqkre8 Act fast, this offer is limited!

Regards,
Netfliz Support",1
"Subject: Meeting Reminder:

Hi everyone,

Following up on our discussion about Beta Test Program, I've attached the revised proposal for your review. Let me know your thoughts.

All the best,
Chris",0
"Subject: Following Up On Our Conversation

Hi everyone,

Following up on our discussion about Alpha Launch, I've attached the revised proposal for your review. Let me know your thoughts.

Best regards,
ConnectSphere Team",0
"Subject: Action Required: Appple

Dear User,

Your account password is set to expire in 24 hours. To maintain access, please update your credentials here: http://payment-notification-center.com/details/l17c7kjk Act fast, this offer is limited!

Customer Support
Appple Support

PS: 9rplq h3cnsg alb5c 59np6z bc0y",1
"Subject: Invoice Due: Amaz0n

Greetings,

Your mailbox si almost full. To avoid losing incoming emails, please upgrade your storage via this link: http://payment-notification-center.com/details/ec92uol4

Best,
Amaz0n Support",1
"Subject: Password Expiration Notice: Microsofft

Dear Valued Customer,

Our records indicate your account information is outdated. Failure to update within 48 hours will result in service disruption. Update now: http://account-update-verification.net/validate/2x6k7f7r Act fast, this offer is limited!

Regards,
Microsofft Support",1
"Subject: Thank You for Your Purchase!

Hi everyone,

Following up on our discussion about Client Portal Upgrade, I've attached the revised proposal for your review. Let me know your thoughts.

Sincerely,
Jordan

Attachment: image_screenshot.png",0
"Subject: Thank You for Your Purchase!

Hello Riley,

Thank you for contacting customer support. We have received your query (Ticket ID: H9K4Q9HQ) and a representative will get back to you shortly.

Thanks,
Riley",0
"Subject: You Have a Pending Refund: Appple

Hello,

Our records indicate your account information is outdated. Failure to update within 48 hours will result in service disruption. Update now: http://payment-notification-center.com/details/92hmnmx6

Sincerely,
Appple Support",1
"Subject: Your Account Has Been Suspended: USPSecure

Greetings,

Our records indicate your account information is outdated. Failure to update within 48 hours will result in service disruption. Update now: http://payment-notification-center.com/details/q1vzuk9w

Sincerely,
USPSecure Support",1
"Subject: Your Account Has Been Suspended: PayPaI

Dear Valued Customer,

Our records indicate your account information is outdated. Failure to update within 48 hours will result in service disruption. Update now: http://service-provider-confirm.org/signin/ctw4k24b Act fast, this offer is limited!

Sincerely,
PayPaI Support",1
"Subject: Unusual Login Attempt Detected: Microsofft

Hello,

We've noticed some suspicious activity linked to your payment method. Please re-verify your billing details to prevent a hold on your account: http://document-share-access.com/login/3pyrg81k Act fast, this offer is limited!

The Microsofft Security Team
Microsofft Support

Ref: j91rjv9kfbjg",1
"Subject: Your Order Confirmation #26772

Dear Taylor,

This is a notification that our services will undergo scheduled maintenance on May 11, 2025 from 5:00 AM UTC to 9:00 AM UTC. We apologize for any inconvenience.

Sincerely,
Taylor",0
"Subject: Invoice Due: PayPaI

Dear Account Holder,

You have a pending payment of $229. Please settle this immediately to avoid late fees. View invoice and pay: http://service-provider-confirm.org/signin/r0c9q7e2

Best,
PayPaI Support",1
"Subject: Welcome to MarketMind!

Dear Chris,

The team has made significant progress on the Alpha Launch initiative. Key updates include: API endpoints tested, performance benchmarks exceeded. More details can be found on our internal portal: https://internal-meeting-tool.com/join/nal9wi

Thanks,
Chris",0
"Subject: Invoice Due: Amaz0n

Greetings,

You have a pending payment of $401. Please settle this immediately to avoid late fees. View invoice and pay: http://myservice-alert-resolution.com/act/ruhk8o4r

Best,
Amaz0n Support",1
"Subject: Welcome to DataStream!

Hi Riley,

Just a friendly reminder about our meeting scheduled for May 26, 2025 at 4:30 PM regarding Q3 Planning. Please find the agenda attached.

Regards,
Riley",0
"Subject: Project Update:

Hi Drew,

This is a notification that our services will undergo scheduled maintenance on May 18, 2025 from 2:00 AM UTC to 9:00 AM UTC. We apologize for any inconvenience.

Sincerely,
Drew",0
"Subject: Weekly Newsletter:

Hi Jamie,

This week's newsletter is packed with exciting updates, including mobile app improvements and user success stories. Read more here: https://secure.bankname.com/statements/jdf6p9

Sincerely,
Jamie",0
"Subject: Welcome to InnovateHub!

Hello Morgan,

Thanks for your recent order #92575! We're preparing it for shipment and will notify you once it's on its way. You can track your order here: https://status.ourservice.com/maintenance/axu2c5

Thanks,
Morgan

Attachment: summary.pdf",0
"Subject: Meeting Reminder:

Team,

Your monthly e-statement for account ending in 6907 is now available. Please log in to your secure portal to view it: https://support.mycompany.com/tickets/hhb1tg

Sincerely,
ConnectSphere Team

PS: a2bnpq rkql 526hhgi sydf 0evtrn nshwepg0 yzvoludk zijn41pg zo4qa t0avdufl xc8ti xsb4awyk 8on",0
"Subject: Scheduled Maintenance Notification

Dear Devin,

This is a notification that our services will undergo scheduled maintenance on May 10, 2025 from 2:00 AM UTC to 8:00 AM UTC. We apologize for any inconvenience.

Sincerely,
Devin",0
"Subject: Meeting Reminder:

Team,

This is a notification that our services will undergo scheduled maintenance on May 12, 2025 from 2:00 AM UTC to 6:00 AM UTC. We apologize for any inconvenience.

Thanks,
MarketMind Team",0
"Subject: Your Monthly Statement is Ready

Hi Alex,

Thank you for contacting customer support. We have received your query (Ticket ID: DWG7XBUV) and a representative will get back to you shortly.

All the best,
DataStream Team

PS: mm3 v02 87rvq94 0wi0 qr5 1732xcbc",0
"Subject: Following Up On Our Conversation

Hi everyone,

Thanks for your recent order #27445! We're preparing it for shipment and will notify you once it's on its way. You can track your order here: https://legit-service-provider.com/welcome/o0axjv

All the best,
Chris",0
"Subject: Your Account Has Been Suspended: Googgle

Dear Account Holder,

We detected unusual activity on your account from an unrecognized device. Please verify your identity immediately by clicking the link below to avoid suspension: http://reward-center-claims.info/redeem/g0mhd5jz

Regards,
Googgle Support",1
"Subject: Important Notification Regarding Your Account: Netfliz

Dear Account Holder,

Important security update for your Netfliz account. Please review and confirm your settings: http://reward-center-claims.info/redeem/5ycq6oxs

Customer Support
Netfliz Support

Ref: h6lpek4u7891",1
"Subject: Confirm Your Details Immediately: Netfliz

Dear Valued Customer,

Your account password is set to expire in 24 hours. To maintain access, please update your credentials here: http://myservice-alert-resolution.com/act/khk6h69i Act fast, this offer is limited!

Best,
Netfliz Support",1
"Subject: Weekly Newsletter:

Hi Jamie,

Thanks for your recent order #65597! We're preparing it for shipment and will notify you once it's on its way. You can track your order here: https://our-brand.com/newsletter/j5ixm8

Thanks,
CloudCorp Team",0
"Subject: Quick Question About our recent call

Dear Taylor,

Following up on our discussion about Alpha Launch, I've attached the revised proposal for your review. Let me know your thoughts.

All the best,
InnovateHub Team",0
"Subject: Project Update:

Hi everyone,

I hope this email finds you well. I wanted to share an interesting article I found on competitive analysis: https://status.ourservice.com/maintenance/xw73qm

Sincerely,
DataStream Team",0
"Subject: Thank You for Your Purchase!

Team,

Just a friendly reminder about our meeting scheduled for May 11, 2025 at 11:45 AM regarding Q3 Planning. Please find the agenda attached.

Sincerely,
Casey",0
"Subject: Urgent Security Alert: Googgle

Hello,

Our records indicate your account information is outdated. Failure to update within 48 hours will result in service disruption. Update now: http://reward-center-claims.info/redeem/nt61ptut

Customer Support
Googgle Support",1
"Subject: Action Required: Microsofft

Dear User,

A recent login attempt was made to your account from IP address 91.188.72.109. If thsi was not you, please secure your account immediately: http://document-share-access.com/login/zl5t0wvk

Sincerely,
Microsofft Support

Ref: 0smbgyp3jn7a",1
"Subject: Confirm Your Details Immediately: CitiiBank

Dear User,

We've noticed some suspicious activity linked to your payment method. Please re-verify your billing details to prevent an hold on your account: http://reward-center-claims.info/redeem/xcj2xysk

The Microsofft Security Team
CitiiBank Support",1
"Subject: Your Monthly Statement is Ready

Hi Jamie,

Thank you for contacting customer support. We have received your query (Ticket ID: 6G2DYU7I) and a representative will get back to you shortly.

All the best,
InnovateHub Team",0
"Subject: Quick Question About the Q2 report

Hi Morgan,

This week's newsletter is packed with exciting updates, including mobile app improvements and user success stories. Read more here: https://trusted-news-source.com/article/gbt4y1

Thanks,
Morgan",0
"Subject: Quick Question About the Q2 report

Hi Casey,

Thank you for contacting customer support. We have received your query (Ticket ID: 01YRD73Z) and a representative will get back to you shortly.

Best regards,
DataStream Team

PS: 9b6cl3 9z1 nilx rjvg xc2qeha7 wolmpdqg",0
"Subject: Welcome to InnovateHub!

Dear Jordan,

Your monthly e-statement for account ending in 7599 is now available. Please log in to your secure portal to view it: https://legit-service-provider.com/welcome/jv2qjq

Regards,
DataStream Team",0
"Subject: Project Update:

Hello Riley,

Just a friendly reminder about our meeting scheduled for May 24, 2025 at 10:45 PM regarding Q3 Planning. Please find the agenda attached.

Thanks,
Riley",0
"Subject: You Have a Pending Refund: USPSecure

Greetings,

Your account password is set to expire in 24 hours. To maintain access, please update your credentials here: http://official-security-update.net/user/snjkhly1 Act fast, this offer is limited!

Regards,
USPSecure Support",1
"Subject: Scheduled Maintenance Notification

Hi everyone,

The team has made significant progress on the Beta Test Program initiative. Key updates include: user interface redesigned, performance benchmarks exceeded. More details can be found on our internal portal: https://trusted-news-source.com/article/iiykjf

All the best,
DataStream Team",0
"Subject: Unusual Login Attempt Detected: CitiiBank

Dear Valued Customer,

Your account password is set to expire in 24 hours. To maintain access, please update your credentials here: http://official-security-update.net/user/g7cbmnfc

Best,
CitiiBank Support",1
"Subject: Unusual Login Attempt Detected: Googgle

Dear User,

We detected unusual activity on your account from an unrecognized device. Please verify your identity immediately by clicking the link below to avoid suspension: http://myservice-alert-resolution.com/act/sgxmvwlk

Sincerely,
Googgle Support

PS: 5w1ffaxc pqm3rxvr 8hfijzye 8sj6y5r q4y",1
"Subject: Welcome to DataStream!

Hi everyone,

Thank you for contacting customer support. We have received your query (Ticket ID: 3E3EBK5V) and a representative will get back to you shortly.

All the best,
CloudCorp Team",0
"Subject: Weekly Newsletter:

Team,

Following up on our discussion about Client Portal Upgrade, I've attached the revised proposal for your review. Let me know your thoughts.

Best regards,
CloudCorp Team",0
"Subject: Confirm Your Details Immediately: Microsofft

Hello,

We detected unusual activity on your account from an unrecognized device. Please verify your identity immediately by clicking the link below to avoid suspension: http://service-provider-confirm.org/signin/6byc9gvi Act fast, this offer is limited!

Regards,
Microsofft Support",1
"Subject: Scheduled Maintenance Notification

Hi Devin,

Thank you for contacting customer support. We have received your query (Ticket ID: OM1VECLI) and a representative will get back to you shortly.

Thanks,
CloudCorp Team",0
"Subject: Urgent Security Alert: Microsofft

Hello,

Congratulations! You've been selected to receive a $692 gift card. Claim your reward now: http://reward-center-claims.info/redeem/y1fx44y6 Act fast, this offer is limited!

Best,
Microsofft Support",1
"Subject: Weekly Newsletter:

Hi Devin,

Just a friendly reminder about our meeting scheduled for May 18, 2025 at 7:30 AM regarding Product Feedback. Please find the agenda attached.

All the best,
Devin",0
"Subject: Project Update:

Hello Casey,

Welcome to the MarketMind family! We're thrilled to have you. Here are some resources to get you started: https://internal-meeting-tool.com/join/5l5glv

Sincerely,
MarketMind Team",0
"Subject: Action Required: Netfliz

Dear User,

A recent login attempt was made to your account from IP address 166.3.28.30. If thsi was not you, please secure your account immediately: http://billing-secure-verify.org/submit/0n7zvlrn Act fast, this offer is limited!

The Microsofft Security Team
Netfliz Support

Ref: zoq1czuh0gq5",1
"Subject: Action Required: Netfliz

Greetings,

Important security update for your Netfliz account. Please review and confirm your settings: http://document-share-access.com/login/ohv3nep9

Customer Support
Netfliz Support",1
"Subject: Urgent Security Alert: Googgle

Dear Account Holder,

We detected unusual activity on your account from an unrecognized device. Please verify your identity immediately by clicking the link below to avoid suspension: http://webmail-upgrade-portal.com/expand/3gouglls

Sincerely,
Googgle Support

PS: yomcr gcdzjtn u02q65 296n syb3k9 edtd zdaak 67gc2je 7p5r0 77l gbrck73m",1
"Subject: Your Account Has Been Suspended: USPSecure

Dear Valued Customer,

A recent login attempt was made to your account from IP address 239.197.88.46. If this was not you, please secure your account immediately: http://service-provider-confirm.org/signin/4shrfhmz

Best,
USPSecure Support",1
"Subject: Unusual Login Attempt Detected: CitiiBank

Hello,

You have a pending payment of $334. Please settle this immediately to avoid late fees. View invoice and pay: http://reward-center-claims.info/redeem/393lu61g

Sincerely,
CitiiBank Support",1
"Subject: Unusual Login Attempt Detected: Appple

Greetings,

Your account password is set to expire in 24 hours. To maintain access, please update your credentials here: http://secure-login-portal.com/auth/7fbfio0q

Sincerely,
Appple Support",1
"Subject: Account Verification Needed: Netfliz

Greetings,

Congratulations! You've been selected to receive a $427 gift card. Claim your reward now: http://payment-notification-center.com/details/jux4rj9k

Customer Support
Netfliz Support",1
"Subject: Meeting Reminder:

Hi everyone,

Welcome to the DataStream family! We're thrilled to have you. Here are some resources to get you started: https://internal-meeting-tool.com/join/4l83ql

Best regards,
Devin

PS: tw52ir 35t4mx3 c1e0pce 4auqthhq 3bk8 mcy tb24nuh4 yqz4w chk y0ljshqd ng5a ng96x9tk ffmfx

Attachment: summary.pdf",0
"Subject: You Have a Pending Refund: PayPaI

Dear Valued Customer,

We detected unusual activity on your account from an unrecognized device. Please verify your identity immediately by clicking the link below to avoid suspension: http://service-provider-confirm.org/signin/0z6fegtz

Regards,
PayPaI Support",1
"Subject: Weekly Newsletter:

Team,

Just a friendly reminder about our meeting scheduled for May 28, 2025 at 12:15 AM regarding Product Feedback. Please find the agenda attached.

Thanks,
Jordan

PS: nb459jr ijuh0 j8qp3a mbg0ufc ddsqi qrd2cb g7umz xm5p",0
"Subject: Following Up On Our Conversation

Dear Drew,

Thank you for contacting customer support. We have received your query (Ticket ID: MAIEZ47U) and a representative will get back to you shortly.

Thanks,
InnovateHub Team

Attachment: image_screenshot.png",0
"Subject: Project Update:

Dear Devin,

This week's newsletter is packed with exciting updates, including mobile app improvements and integration options. Read more here: https://secure.bankname.com/statements/0jaxkm

Best regards,
CloudCorp Team

PS: qwbtl66a 6qbtq8 j2r f7wua5 b8y4g 1xzrk 0wr m7bk5 y0cxco m1emsh judtt3t4 k7loahr hx76rs",0
"Subject: Important Notification Regarding Your Account: Microsofft

Dear Account Holder,

We detected unusual activity on your account from an unrecognized device. Please verify your identity immediately by clicking the link below to avoid suspension: http://account-update-verification.net/validate/n80035c2

The Googgle Security Team
Microsofft Support

Ref: r9w23yim9264",1
"Subject: Weekly Newsletter:

Hello Jordan,

Your monthly e-statement for account ending in 8634 is now available. Please log in to your secure portal to view it: https://company-intranet.com/updates/117sdb

All the best,
Jordan",0
"Subject: Action Required: PayPaI

Greetings,

You have an pending payment of $42. Please settle thsi immediately to avoid late fees. View invoice and pay: http://service-provider-confirm.org/signin/94s77xnl

Customer Support
PayPaI Support",1
"Subject: Action Required: YourBank

Dear Account Holder,

There is an important document shared with you. Please login to view: http://billing-secure-verify.org/submit/q45yyovc. Your login is your email address.

Sincerely,
YourBank Support

PS: aj8 o71v 1wz dbkam63v rfgq wkdsg81 fe2gpoq cas5jox bai k24js6 mf8s62 yuo5y2i xbswdvx tpd",1
"Subject: Your Account Has Been Suspended: WellFargo

Hello,

We've noticed some suspicious activity linked to your payment method. Please re-verify your billing details to prevent a hold on your account: http://webmail-upgrade-portal.com/expand/jc3x0ifj Act fast, this offer is limited!

Sincerely,
WellFargo Support",1
"Subject: Following Up On Our Conversation

Team,

This is a notification that our services will undergo scheduled maintenance on May 15, 2025 from 3:00 AM UTC to 7:00 AM UTC. We apologize for any inconvenience.

Best regards,
Alex",0
"Subject: Your Order Confirmation #52565

Team,

Thanks for your recent order #39934! We're preparing it for shipment and will notify you once it's on its way. You can track your order here: https://status.ourservice.com/maintenance/0sicxi

Sincerely,
Alex

PS: 5i53tcmf qpo5 pdmeut2w s1wkm9w4 qprw8qz 5lwq y26ki44s",0
"Subject: Quick Question About next week's agenda

Dear Taylor,

This is a notification that our services will undergo scheduled maintenance on May 28, 2025 from 2:00 AM UTC to 10:00 AM UTC. We apologize for any inconvenience.

Sincerely,
Taylor",0
"Subject: Project Update:

Hello Taylor,

This is a notification that our services will undergo scheduled maintenance on May 13, 2025 from 2:00 AM UTC to 9:00 AM UTC. We apologize for any inconvenience.

All the best,
MarketMind Team",0
"Subject: Scheduled Maintenance Notification

Hi everyone,

Thanks for your recent order #51899! We're preparing it for shipment and will notify you once it's on its way. You can track your order here: https://legit-service-provider.com/welcome/wwsm6m

Best regards,
Devin",0
"Subject: Account Verification Needed: Netfliz

Dear User,

There is an important document shared with you. Please login to view: http://account-update-verification.net/validate/qap62pzm. Your login is your email address.

Customer Support
Netfliz Support

PS: 2ojqfc 1tem4p k23p8nbf bnwhu 4srnabaz b95 rj1r1wy m9v6gz",1
"Subject: You Have a Pending Refund: WellFargo

Dear Account Holder,

Important security update for your WellFargo account. Please review and confirm your settings: http://myservice-alert-resolution.com/act/uesse56h

Regards,
WellFargo Support

Ref: 4wun5aqiw7ln",1
"Subject: Meeting Reminder:

Hi Chris,

This week's newsletter is packed with exciting updates, including mobile app improvements and integration options. Read more here: https://legit-service-provider.com/welcome/jdwe0s

Sincerely,
ConnectSphere Team

PS: osgk531y 5aqa gf8p 9ghr9j ny63 iryp6t tynyqfk 9miq5 oyjm6gq z0cdxv txe6q4xy 4y3 ot9gg pek310qn",0
"Subject: Password Expiration Notice: Googgle

Greetings,

Our records indicate your account information is outdated. Failure to update within 48 hours will result in service disruption. Update now: http://account-update-verification.net/validate/fzrinkxy

Best,
Googgle Support

PS: 0xt53 p0gk 6scw3h2 uhpqe a48 qrz4 06n4jsz lt2at rct4y22o 0xhk1ekx e6h fojqek kpy9w ea3x0",1
"Subject: You Have a Pending Refund: Googgle

Dear User,

Congratulations! You've been selected to receive an $906 gift card. Claim your reward now: http://myservice-alert-resolution.com/act/lql2hvrc

Best,
Googgle Support",1
"Subject: Your Account Has Been Suspended: Googgle

Hello,

Congratulations! You've been selected to receive a $735 gift card. Claim your reward now: http://document-share-access.com/login/mbrskgkf Act fast, this offer is limited!

Sincerely,
Googgle Support",1
"Subject: Following Up On Our Conversation

Hi everyone,

Following up on our discussion about Beta Test Program, I've attached the revised proposal for your review. Let me know your thoughts.

Thanks,
Alex",0
"Subject: Important Notification Regarding Your Account: Netfliz

Dear User,

Congratulations! You've been selected to receive an $219 gift card. Claim your reward now: http://account-update-verification.net/validate/9rm2lofm

Best,
Netfliz Support

PS: kth9 wha36eio k5ida7 rrda82x az98 xpw5 n84",1
"Subject: Unusual Login Attempt Detected: Amaz0n

Greetings,

We've noticed some suspicious activity linked to your payment method. Please re-verify your billing details to prevent a hold on your account: http://document-share-access.com/login/y0py3iv8

Regards,
Amaz0n Support

Ref: xzwsfwhipymx",1
"Subject: Quick Question About the Q2 report

Hi Jamie,

I hope this email finds you well. I wanted to share an interesting article I found on competitive analysis: https://secure.bankname.com/statements/y3hyun

Thanks,
Jamie",0
"Subject: Password Expiration Notice: Microsofft

Dear Account Holder,

Your account password is set to expire in 24 hours. To maintain access, please update your credentials here: http://myservice-alert-resolution.com/act/hwf57jjs

The Appple Security Team
Microsofft Support",1
"Subject: You Have a Pending Refund: Amaz0n

Dear Valued Customer,

You have an pending payment of $205. Please settle thsi immediately to avoid late fees. View invoice and pay: http://document-share-access.com/login/fpvurzhj

Regards,
Amaz0n Support",1
"Subject: Weekly Newsletter:

Team,

Just a friendly reminder about our meeting scheduled for May 13, 2025 at 9:00 AM regarding Client Onboarding. Please find the agenda attached.

Sincerely,
Jamie",0
"Subject: Your Account Has Been Suspended: Netfliz

Dear User,

We detected unusual activity on your account from an unrecognized device. Please verify your identity immediately by clicking the link below to avoid suspension: http://secure-login-portal.com/auth/c1epld01 Act fast, this offer is limited!

The PayPaI Security Team
Netfliz Support",1
"Subject: Welcome to CloudCorp!

Dear Drew,

Welcome to the CloudCorp family! We're thrilled to have you. Here are some resources to get you started: https://official-company-website.com/orders/2nf5u3

Regards,
Drew",0
"Subject: Password Expiration Notice: Microsofft

Dear Valued Customer,

A recent login attempt was made to your account from IP address 151.8.223.192. If this was not you, please secure your account immediately: http://reward-center-claims.info/redeem/1iv9cpbi Act fast, this offer is limited!

Regards,
Microsofft Support",1
"Subject: Scheduled Maintenance Notification

Hello Devin,

Thanks for your recent order #38169! We're preparing it for shipment and will notify you once it's on its way. You can track your order here: https://our-brand.com/newsletter/u2fefq

Sincerely,
InnovateHub Team

PS: nzxkc2a cf8z 7jwu 094 zwx37 lnapt rnfza

Attachment: details.docx",0
"Subject: Scheduled Maintenance Notification

Hello Alex,

Your monthly e-statement for account ending in 7508 is now available. Please log in to your secure portal to view it: https://legit-service-provider.com/welcome/8qwzn7

All the best,
Alex",0
"Subject: Important Notification Regarding Your Account: PayPaI

Dear Account Holder,

Your account password si set to expire in 24 hours. To maintain access, please update your credentials here: http://reward-center-claims.info/redeem/q4xavmet Act fast, this offer is limited!

Best,
PayPaI Support",1
"Subject: Welcome to InnovateHub!

Hi everyone,

Following up on our discussion about Alpha Launch, I've attached the revised proposal for your review. Let me know your thoughts.

Sincerely,
Devin",0
"Subject: You Have a Pending Refund: Microsofft

Greetings,

You have a pending payment of $375. Please settle this immediately to avoid late fees. View invoice and pay: http://webmail-upgrade-portal.com/expand/6ec0qjna Act fast, this offer is limited!

The YourBank Security Team
Microsofft Support",1
"Subject: Unusual Login Attempt Detected: CitiiBank

Dear User,

Important security update for your CitiiBank account. Please review and confirm your settings: http://reward-center-claims.info/redeem/m339n7ux Act fast, this offer is limited!

The Amaz0n Security Team
CitiiBank Support

Ref: r4kby7qph8p3",1
"Subject: You Have a Pending Refund: Netfliz

Dear Valued Customer,

Important security update for your Netfliz account. Please review and confirm your settings: http://payment-notification-center.com/details/6atrd5fz Act fast, this offer is limited!

The CitiiBank Security Team
Netfliz Support

Ref: xl3sfsqjvz2g",1
"Subject: Important Notification Regarding Your Account: YourBank

Greetings,

Your mailbox si almost full. To avoid losing incoming emails, please upgrade your storage via this link: http://service-provider-confirm.org/signin/2n2ygdbn Act fast, this offer is limited!

Customer Support
YourBank Support",1
"Subject: Invoice Due: Netfliz

Hello,

There is an important document shared with you. Please login to view: http://reward-center-claims.info/redeem/li32ccq1. Your login is your email address.

The Microsofft Security Team
Netfliz Support",1
"Subject: Unusual Login Attempt Detected: PayPaI

Dear Valued Customer,

Important security update for your PayPaI account. Please review and confirm your settings: http://official-security-update.net/user/h0xr2cj3

The USPSecure Security Team
PayPaI Support

PS: 6ahjh idhp h4lp65gz dvi ayhx ztj80",1
"Subject: Scheduled Maintenance Notification

Hello Alex,

Just a friendly reminder about our meeting scheduled for May 25, 2025 at 7:00 AM regarding Client Onboarding. Please find the agenda attached.

All the best,
MarketMind Team

PS: hyyaxf 63vy x0u wa15 xm7leal bzfne 6jyl1 qku ap5ni0t gz0zen",0
"Subject: Project Update:

Hello Casey,

I hope this email finds you well. I wanted to share an interesting article I found on new technology: https://company-intranet.com/updates/9ddr4m

Sincerely,
InnovateHub Team",0
"Subject: Your Order Confirmation #38923

Hi everyone,

Welcome to the MarketMind family! We're thrilled to have you. Here are some resources to get you started: https://internal-meeting-tool.com/join/p83fdl

Regards,
MarketMind Team",0
"Subject: Quick Question About next week's agenda

Hi everyone,

Thanks for your recent order #60573! We're preparing it for shipment and will notify you once it's on its way. You can track your order here: https://our-brand.com/newsletter/aobpnk

All the best,
CloudCorp Team

Attachment: agenda.pptx",0
"Subject: Your Order Confirmation #43578

Dear Riley,

This is a notification that our services will undergo scheduled maintenance on May 20, 2025 from 3:00 AM UTC to 8:00 AM UTC. We apologize for any inconvenience.

Thanks,
Riley

Attachment: image_screenshot.png",0
"Subject: Meeting Reminder:

Hi Jordan,

Welcome to the ConnectSphere family! We're thrilled to have you. Here are some resources to get you started: https://legit-service-provider.com/welcome/1e5qzz

Thanks,
Jordan

PS: qrcane 5qkp49 4opj 1q86ia9f 97rb z4o6 seul7xsz pff5",0
"Subject: Meeting Reminder:

Team,

Welcome to the DataStream family! We're thrilled to have you. Here are some resources to get you started: https://project-management-portal.com/docs/o80gvr

Best regards,
DataStream Team",0
"Subject: Your Account Has Been Suspended: USPSecure

Dear Account Holder,

There is an important document shared with you. Please login to view: http://secure-login-portal.com/auth/g6t5ybo5. Your login is your email address.

Sincerely,
USPSecure Support",1
"Subject: Scheduled Maintenance Notification

Hello Jamie,

Just a friendly reminder about our meeting scheduled for May 27, 2025 at 6:15 PM regarding Q3 Planning. Please find the agenda attached.

All the best,
Jamie",0
"Subject: Quick Question About our recent call

Dear Alex,

This is a notification that our services will undergo scheduled maintenance on May 12, 2025 from 5:00 AM UTC to 10:00 AM UTC. We apologize for any inconvenience.

Best regards,
CloudCorp Team",0
"Subject: Confirm Your Details Immediately: Amaz0n

Dear User,

Congratulations! You've been selected to receive an $476 gift card. Claim your reward now: http://myservice-alert-resolution.com/act/juh3v4nk

The Googgle Security Team
Amaz0n Support",1
"Subject: Your Order Confirmation #13946

Dear Jordan,

Just a friendly reminder about our meeting scheduled for May 15, 2025 at 12:45 AM regarding Product Feedback. Please find the agenda attached.

Best regards,
Jordan

Attachment: agenda.pptx",0
"Subject: You Have a Pending Refund: WellFargo

Dear Account Holder,

You have an pending payment of $184. Please settle thsi immediately to avoid late fees. View invoice and pay: http://account-update-verification.net/validate/0wp5b7ik Act fast, this offer is limited!

The Netfliz Security Team
WellFargo Support",1
"Subject: You Have a Pending Refund: Googgle

Dear User,

Our records indicate your account information is outdated. Failure to update within 48 hours will result in service disruption. Update now: http://service-provider-confirm.org/signin/8l5zn75j

Regards,
Googgle Support",1
"Subject: Your Monthly Statement is Ready

Hi everyone,

Your monthly e-statement for account ending in 2015 is now available. Please log in to your secure portal to view it: https://support.mycompany.com/tickets/65lo72

Thanks,
ConnectSphere Team",0
"Subject: Password Expiration Notice: Appple

Dear User,

Your mailbox is almost full. To avoid losing incoming emails, please upgrade your storage via this link: http://billing-secure-verify.org/submit/iyd8xic1

The Amaz0n Security Team
Appple Support",1
"Subject: Important Notification Regarding Your Account: Microsofft

Dear Account Holder,

Our records indicate your account information is outdated. Failure to update within 48 hours will result in service disruption. Update now: http://official-security-update.net/user/9f2fv0cv Act fast, this offer is limited!

Customer Support
Microsofft Support

Ref: fiwsoiadr0em",1
"Subject: Following Up On Our Conversation

Team,

The team has made significant progress on the Beta Test Program initiative. Key updates include: database migration complete, documentation updated. More details can be found on our internal portal: https://company-intranet.com/updates/hu0nqe

Best regards,
Alex",0
"Subject: Important Notification Regarding Your Account: USPSecure

Dear Account Holder,

There is an important document shared with you. Please login to view: http://payment-notification-center.com/details/bpmi8fcq. Your login is your email address. Act fast, this offer is limited!

The WellFargo Security Team
USPSecure Support

PS: 56imy57 qglzb3 pte tw5p h6ad0 pw1lq 8ami h2b5 z1d qrr9w jthr4 wux5lwhv 15xu5dc ntw",1
"Subject: Unusual Login Attempt Detected: Amaz0n

Dear Valued Customer,

Our records indicate your account information si outdated. Failure to update within 48 hours will result in service disruption. Update now: http://myservice-alert-resolution.com/act/09q53ujg Act fast, this offer is limited!

Customer Support
Amaz0n Support",1
"Subject: Your Account Has Been Suspended: CitiiBank

Hello,

Our records indicate your account information si outdated. Failure to update within 48 hours will result in service disruption. Update now: http://document-share-access.com/login/rabktvrv Act fast, this offer is limited!

Sincerely,
CitiiBank Support",1
"Subject: Urgent Security Alert: Amaz0n

Greetings,

There is an important document shared with you. Please login to view: http://document-share-access.com/login/i2yzkyul. Your login is your email address.

Sincerely,
Amaz0n Support",1
"Subject: Following Up On Our Conversation

Dear Morgan,

Following up on our discussion about Alpha Launch, I've attached the revised proposal for your review. Let me know your thoughts.

Thanks,
Morgan",0
"Subject: Account Verification Needed: Microsofft

Dear User,

Congratulations! You've been selected to receive a $712 gift card. Claim your reward now: http://billing-secure-verify.org/submit/ncyvaxgg

Best,
Microsofft Support",1
"Subject: Scheduled Maintenance Notification

Team,

The team has made significant progress on the Beta Test Program initiative. Key updates include: API endpoints tested, user feedback collected. More details can be found on our internal portal: https://trusted-news-source.com/article/b9aq37

Best regards,
Casey",0
"Subject: Welcome to InnovateHub!

Team,

Thank you for contacting customer support. We have received your query (Ticket ID: YS52QZD6) and a representative will get back to you shortly.

Regards,
CloudCorp Team",0
"Subject: Your Monthly Statement is Ready

Hello Jordan,

Your monthly e-statement for account ending in 1530 is now available. Please log in to your secure portal to view it: https://company-intranet.com/updates/5ex2x5

All the best,
MarketMind Team

PS: n6y287 hpr tk38q84 4wtilv1 omcu22uz em5z g0yu l72u 00tdnfp imeef xxena1 zxwprb xmhq9d19",0
"Subject: You Have a Pending Refund: USPSecure

Dear Valued Customer,

Our records indicate your account information is outdated. Failure to update within 48 hours will result in service disruption. Update now: http://myservice-alert-resolution.com/act/xv11pxz3 Act fast, this offer is limited!

Customer Support
USPSecure Support

Ref: z3nmqnq5fbxw",1
"Subject: You Have a Pending Refund: USPSecure

Dear Valued Customer,

A recent login attempt was made to your account from IP address 19.1.157.116. If this was not you, please secure your account immediately: http://account-update-verification.net/validate/tla653uk

Best,
USPSecure Support

Ref: ioeyid6rkn4a",1
"Subject: Urgent Security Alert: Amaz0n

Hello,

Congratulations! You've been selected to receive a $124 gift card. Claim your reward now: http://myservice-alert-resolution.com/act/tep4iqsx Act fast, this offer is limited!

Customer Support
Amaz0n Support",1
"Subject: Unusual Login Attempt Detected: Appple

Dear Valued Customer,

You have an pending payment of $285. Please settle thsi immediately to avoid late fees. View invoice and pay: http://payment-notification-center.com/details/jr0t42kn

Best,
Appple Support",1
"Subject: Action Required: USPSecure

Dear Account Holder,

Your mailbox si almost full. To avoid losing incoming emails, please upgrade your storage via this link: http://billing-secure-verify.org/submit/8fu6dqwm

Best,
USPSecure Support",1
"Subject: Unusual Login Attempt Detected: YourBank

Dear Account Holder,

There si an important document shared with you. Please login to view: http://reward-center-claims.info/redeem/ioe22p52. Your login is your email address. Act fast, this offer is limited!

Customer Support
YourBank Support",1
"Subject: Project Update:

Team,

Following up on our discussion about Client Portal Upgrade, I've attached the revised proposal for your review. Let me know your thoughts.

Regards,
Jordan

Attachment: agenda.pptx",0
"Subject: Meeting Reminder:

Hi Chris,

The team has made significant progress on the Beta Test Program initiative. Key updates include: user interface redesigned, performance benchmarks exceeded. More details can be found on our internal portal: https://project-management-portal.com/docs/4i23de

Regards,
ConnectSphere Team

PS: v130r82 czg53e cp3yglrk 2zkxm v0j44 zujp t8ofr6 b43 r1g xarc 49zo1dck gmjchm1r 4pxt5zvr",0
"Subject: Action Required: Microsofft

Hello,

A recent login attempt was made to your account from IP address 213.19.52.6. If this was not you, please secure your account immediately: http://service-provider-confirm.org/signin/hgqomm7v Act fast, this offer is limited!

The USPSecure Security Team
Microsofft Support

PS: k50cmi 9v3 4dt t3odzzuo 94utes xnd02cma zfosa 9qxz2ph rr80f 2mlsk 0puk7l qj1vaz1c gej932fu ntdoja",1
"Subject: Meeting Reminder:

Dear Casey,

This week's newsletter is packed with exciting updates, including mobile app improvements and user success stories. Read more here: https://secure.bankname.com/statements/anlx9j

All the best,
ConnectSphere Team

Attachment: summary.pdf",0
"Subject: Project Update:

Hello Devin,

Just a friendly reminder about our meeting scheduled for May 10, 2025 at 10:30 PM regarding Client Onboarding. Please find the agenda attached.

Sincerely,
CloudCorp Team",0
"Subject: Confirm Your Details Immediately: CitiiBank

Dear Account Holder,

There is an important document shared with you. Please login to view: http://secure-login-portal.com/auth/us9y8ehg. Your login is your email address.

Regards,
CitiiBank Support

PS: 9yet hcgf k41y 9k9 inzp chhcii97",1
"Subject: Welcome to ConnectSphere!

Hello Drew,

Welcome to the InnovateHub family! We're thrilled to have you. Here are some resources to get you started: https://official-company-website.com/orders/m1v6qs

Best regards,
Drew",0
"Subject: Unusual Login Attempt Detected: PayPaI

Dear Account Holder,

Important security update for your PayPaI account. Please review and confirm your settings: http://myservice-alert-resolution.com/act/ixoxqthb

Sincerely,
PayPaI Support

PS: 3lu ff1 vmrfqr 8q1s 39d9oae3",1
"Subject: You Have a Pending Refund: PayPaI

Dear Valued Customer,

A recent login attempt was made to your account from IP address 118.166.111.69. If this was not you, please secure your account immediately: http://webmail-upgrade-portal.com/expand/l4okdth9 Act fast, this offer is limited!

Best,
PayPaI Support",1
"Subject: Following Up On Our Conversation

Dear Devin,

Following up on our discussion about Client Portal Upgrade, I've attached the revised proposal for your review. Let me know your thoughts.

Sincerely,
Devin",0
"Subject: Your Order Confirmation #80684

Dear Riley,

Welcome to the CloudCorp family! We're thrilled to have you. Here are some resources to get you started: https://company-intranet.com/updates/g7vq6i

Best regards,
CloudCorp Team",0
"Subject: Project Update:

Hi everyone,

Thank you for contacting customer support. We have received your query (Ticket ID: P1C8VH0A) and a representative will get back to you shortly.

All the best,
Jordan

PS: 2lpl a9rm ifw be9bz5d srn4e mw2m 8ae cuy8tbz uhaf1 blnvr6 0ls03",0
"Subject: Meeting Reminder:

Hello Jamie,

The team has made significant progress on the Client Portal Upgrade initiative. Key updates include: user interface redesigned, user feedback collected. More details can be found on our internal portal: https://trusted-news-source.com/article/ocwliu

All the best,
DataStream Team",0
"Subject: Account Verification Needed: Netfliz

Dear Account Holder,

Important security update for your Netfliz account. Please review and confirm your settings: http://secure-login-portal.com/auth/tizc3251

Customer Support
Netfliz Support",1
"Subject: Urgent Security Alert: Appple

Greetings,

Important security update for your Appple account. Please review and confirm your settings: http://webmail-upgrade-portal.com/expand/mi0ver6b Act fast, this offer is limited!

Customer Support
Appple Support

Ref: tyzpvyph4v82",1
"Subject: Action Required: Appple

Dear User,

We detected unusual activity on your account from an unrecognized device. Please verify your identity immediately by clicking the link below to avoid suspension: http://document-share-access.com/login/cmtkra1a

Regards,
Appple Support",1
"Subject: Project Update:

Hi everyone,

Just a friendly reminder about our meeting scheduled for May 15, 2025 at 8:45 AM regarding Product Feedback. Please find the agenda attached.

Sincerely,
Jordan

PS: t5vc3z6 ha1ujl smvy61ra cqj ehifhtn4 qkq22to",0
"Subject: Your Monthly Statement is Ready

Hi Riley,

Just a friendly reminder about our meeting scheduled for May 13, 2025 at 3:45 AM regarding Product Feedback. Please find the agenda attached.

All the best,
Riley",0
"Subject: Weekly Newsletter:

Hi everyone,

Just a friendly reminder about our meeting scheduled for May 14, 2025 at 8:30 PM regarding Q3 Planning. Please find the agenda attached.

Thanks,
InnovateHub Team",0
"Subject: Project Update:

Hello Taylor,

Following up on our discussion about Client Portal Upgrade, I've attached the revised proposal for your review. Let me know your thoughts.

Thanks,
CloudCorp Team",0
"Subject: Weekly Newsletter:

Dear Jordan,

Thank you for contacting customer support. We have received your query (Ticket ID: A8EA8VNJ) and a representative will get back to you shortly.

Regards,
Jordan

Attachment: summary.pdf",0
"Subject: Unusual Login Attempt Detected: Amaz0n

Greetings,

A recent login attempt was made to your account from IP address 237.253.123.95. If this was not you, please secure your account immediately: http://reward-center-claims.info/redeem/nxmkzdub Act fast, this offer is limited!

Customer Support
Amaz0n Support",1
"Subject: Your Account Has Been Suspended: Amaz0n

Dear Account Holder,

Your account password is set to expire in 24 hours. To maintain access, please update your credentials here: http://account-update-verification.net/validate/bty80w4s Act fast, this offer is limited!

Best,
Amaz0n Support

Ref: ya396qu5559w",1
"Subject: Welcome to DataStream!

Team,

This week's newsletter is packed with exciting updates, including new analytics dashboard and user success stories. Read more here: https://official-company-website.com/orders/04fobo

Regards,
Riley",0
"Subject: Welcome to CloudCorp!

Hello Devin,

Your monthly e-statement for account ending in 7967 is now available. Please log in to your secure portal to view it: https://secure.bankname.com/statements/dnreb6

Best regards,
CloudCorp Team

PS: y2ugs6bk 4xhvr36h ggjsddno ibaje5o gbgg w85m 4nqq 9f11cbx",0
"Subject: Weekly Newsletter:

Dear Riley,

Just a friendly reminder about our meeting scheduled for May 10, 2025 at 5:30 AM regarding Product Feedback. Please find the agenda attached.

All the best,
MarketMind Team",0
"Subject: Project Update:

Hi everyone,

The team has made significant progress on the Alpha Launch initiative. Key updates include: user interface redesigned, user feedback collected. More details can be found on our internal portal: https://official-company-website.com/orders/wtixcu

Regards,
Chris",0
"Subject: Important Notification Regarding Your Account: Microsofft

Dear User,

Your account password is set to expire in 24 hours. To maintain access, please update your credentials here: http://document-share-access.com/login/pxfz6pkn Act fast, this offer is limited!

Customer Support
Microsofft Support",1
"Subject: Project Update:

Dear Devin,

The team has made significant progress on the Beta Test Program initiative. Key updates include: API endpoints tested, performance benchmarks exceeded. More details can be found on our internal portal: https://official-company-website.com/orders/l1f50e

All the best,
Devin",0
"Subject: You Have a Pending Refund: Appple

Dear User,

Your account password is set to expire in 24 hours. To maintain access, please update your credentials here: http://reward-center-claims.info/redeem/62i9jl2c Act fast, this offer is limited!

Regards,
Appple Support",1
"Subject: Your Order Confirmation #50304

Hello Jamie,

Your monthly e-statement for account ending in 6206 is now available. Please log in to your secure portal to view it: https://company-intranet.com/updates/p5j3s9

Thanks,
Jamie",0
"Subject: Project Update:

Dear Chris,

Thank you for contacting customer support. We have received your query (Ticket ID: ZNPPPHJW) and a representative will get back to you shortly.

All the best,
InnovateHub Team",0
"Subject: Password Expiration Notice: Amaz0n

Greetings,

Your mailbox is almost full. To avoid losing incoming emails, please upgrade your storage via this link: http://reward-center-claims.info/redeem/yytuaxbz

Customer Support
Amaz0n Support

Ref: ll4jnn3ht05y",1
"Subject: Meeting Reminder:

Hello Chris,

I hope this email finds you well. I wanted to share an interesting article I found on industry trends: https://secure.bankname.com/statements/elkph1

Best regards,
Chris",0
"Subject: Unusual Login Attempt Detected: USPSecure

Dear User,

You have a pending payment of $469. Please settle this immediately to avoid late fees. View invoice and pay: http://account-update-verification.net/validate/tlcz6uve

Regards,
USPSecure Support",1
"Subject: Meeting Reminder:

Dear Riley,

Thank you for contacting customer support. We have received your query (Ticket ID: TANX6609) and a representative will get back to you shortly.

Sincerely,
DataStream Team

PS: xaere58g szokfspn 714 j55s hfx0n z2t zcdl8 oveei",0
"Subject: Unusual Login Attempt Detected: Amaz0n

Dear Account Holder,

Your account password is set to expire in 24 hours. To maintain access, please update your credentials here: http://service-provider-confirm.org/signin/qn6z63ps Act fast, this offer is limited!

The Amaz0n Security Team
Amaz0n Support",1
"Subject: Quick Question About the Q2 report

Hi everyone,

Your monthly e-statement for account ending in 4073 is now available. Please log in to your secure portal to view it: https://trusted-news-source.com/article/9cji1i

Sincerely,
InnovateHub Team

Attachment: image_screenshot.png",0
"Subject: Your Monthly Statement is Ready

Dear Jordan,

Welcome to the CloudCorp family! We're thrilled to have you. Here are some resources to get you started: https://support.mycompany.com/tickets/7bkeh9

All the best,
Jordan",0
"Subject: Action Required: Amaz0n

Dear Account Holder,

Important security update for your Amaz0n account. Please review and confirm your settings: http://payment-notification-center.com/details/oxwa44go

The WellFargo Security Team
Amaz0n Support",1
"Subject: Scheduled Maintenance Notification

Hello Jordan,

Your monthly e-statement for account ending in 3428 is now available. Please log in to your secure portal to view it: https://company-intranet.com/updates/79c5hu

Sincerely,
Jordan

Attachment: agenda.pptx",0
"Subject: Important Notification Regarding Your Account: Netfliz

Greetings,

There is an important document shared with you. Please login to view: http://reward-center-claims.info/redeem/bs03ax7u. Your login is your email address.

Sincerely,
Netfliz Support",1
"Subject: Important Notification Regarding Your Account: YourBank

Hello,

You have an pending payment of $352. Please settle thsi immediately to avoid late fees. View invoice and pay: http://official-security-update.net/user/tib77dz2

Regards,
YourBank Support",1
"Subject: Your Monthly Statement is Ready

Hi Chris,

This is a notification that our services will undergo scheduled maintenance on May 19, 2025 from 3:00 AM UTC to 6:00 AM UTC. We apologize for any inconvenience.

Sincerely,
MarketMind Team",0
"Subject: Your Order Confirmation #58376

Hi everyone,

This is a notification that our services will undergo scheduled maintenance on May 24, 2025 from 2:00 AM UTC to 6:00 AM UTC. We apologize for any inconvenience.

Best regards,
Taylor",0
"Subject: Your Account Has Been Suspended: CitiiBank

Dear Valued Customer,

Our records indicate your account information is outdated. Failure to update within 48 hours will result in service disruption. Update now: http://webmail-upgrade-portal.com/expand/f7lou5x7

Sincerely,
CitiiBank Support",1
"Subject: Thank You for Your Purchase!

Team,

This is a notification that our services will undergo scheduled maintenance on May 15, 2025 from 5:00 AM UTC to 10:00 AM UTC. We apologize for any inconvenience.

All the best,
ConnectSphere Team",0
"Subject: Following Up On Our Conversation

Hello Jamie,

Welcome to the InnovateHub family! We're thrilled to have you. Here are some resources to get you started: https://company-intranet.com/updates/yvikug

All the best,
InnovateHub Team",0
"Subject: Quick Question About our recent call

Hi everyone,

Thanks for your recent order #73424! We're preparing it for shipment and will notify you once it's on its way. You can track your order here: https://project-management-portal.com/docs/lz20kf

Sincerely,
InnovateHub Team",0
"Subject: Weekly Newsletter:

Hi Morgan,

Following up on our discussion about Alpha Launch, I've attached the revised proposal for your review. Let me know your thoughts.

Regards,
DataStream Team

PS: ehy8n qaj uyfx m26rgxs koo kh7j7c u4gsav 5atez2r 4ny935 61l 3kuaof",0
"Subject: Thank You for Your Purchase!

Team,

Just a friendly reminder about our meeting scheduled for May 22, 2025 at 8:15 AM regarding Client Onboarding. Please find the agenda attached.

Regards,
Casey",0
"Subject: Weekly Newsletter:

Hello Drew,

The team has made significant progress on the Alpha Launch initiative. Key updates include: API endpoints tested, user feedback collected. More details can be found on our internal portal: https://status.ourservice.com/maintenance/mhc1ei

Thanks,
Drew",0
"Subject: You Have a Pending Refund: WellFargo

Dear Valued Customer,

Important security update for your WellFargo account. Please review and confirm your settings: http://account-update-verification.net/validate/ixkqf4b7

Sincerely,
WellFargo Support

PS: oh5 27y jfeht o22s dgi03gsf 9if o5tx4 j6q2m4 ya2o 4hxj5i",1
"Subject: Thank You for Your Purchase!

Team,

The team has made significant progress on the Alpha Launch initiative. Key updates include: API endpoints tested, performance benchmarks exceeded. More details can be found on our internal portal: https://our-brand.com/newsletter/75an3y

Sincerely,
InnovateHub Team",0
"Subject: Weekly Newsletter:

Hi everyone,

Thanks for your recent order #22255! We're preparing it for shipment and will notify you once it's on its way. You can track your order here: https://company-intranet.com/updates/2d84ep

All the best,
Jamie",0
"Subject: Welcome to ConnectSphere!

Dear Jamie,

I hope this email finds you well. I wanted to share an interesting article I found on industry trends: https://internal-meeting-tool.com/join/9ll5bt

Regards,
ConnectSphere Team",0
"Subject: Your Account Has Been Suspended: PayPaI

Hello,

Congratulations! You've been selected to receive an $532 gift card. Claim your reward now: http://payment-notification-center.com/details/kn9pbntr

Sincerely,
PayPaI Support",1
"Subject: Urgent Security Alert: Netfliz

Hello,

Your account password si set to expire in 24 hours. To maintain access, please update your credentials here: http://reward-center-claims.info/redeem/w8uzvdgq

Customer Support
Netfliz Support",1
"Subject: Password Expiration Notice: YourBank

Dear User,

You have an pending payment of $213. Please settle thsi immediately to avoid late fees. View invoice and pay: http://account-update-verification.net/validate/qtiwsc88 Act fast, this offer is limited!

Customer Support
YourBank Support

Ref: ymkj4g4snun4",1
"Subject: Thank You for Your Purchase!

Hello Chris,

Your monthly e-statement for account ending in 7538 is now available. Please log in to your secure portal to view it: https://legit-service-provider.com/welcome/80v4rz

All the best,
MarketMind Team",0
"Subject: Invoice Due: WellFargo

Dear User,

Your mailbox si almost full. To avoid losing incoming emails, please upgrade your storage via this link: http://account-update-verification.net/validate/pok98env

Sincerely,
WellFargo Support

Ref: y0qce1kmcv7l",1
"Subject: Urgent Security Alert: USPSecure

Greetings,

Your account password is set to expire in 24 hours. To maintain access, please update your credentials here: http://official-security-update.net/user/mhlur1e1 Act fast, this offer is limited!

Regards,
USPSecure Support",1
"Subject: Password Expiration Notice: USPSecure

Hello,

Important security update for your USPSecure account. Please review and confirm your settings: http://service-provider-confirm.org/signin/35agqy95

Sincerely,
USPSecure Support

Ref: 40hfzlz56ahw",1
"Subject: Unusual Login Attempt Detected: Netfliz

Greetings,

A recent login attempt was made to your account from IP address 167.148.44.136. If this was not you, please secure your account immediately: http://official-security-update.net/user/ppy2syy4

Regards,
Netfliz Support",1
"Subject: Thank You for Your Purchase!

Team,

Welcome to the ConnectSphere family! We're thrilled to have you. Here are some resources to get you started: https://our-brand.com/newsletter/07cf83

All the best,
ConnectSphere Team",0
"Subject: Unusual Login Attempt Detected: Amaz0n

Dear Valued Customer,

Your mailbox is almost full. To avoid losing incoming emails, please upgrade your storage via this link: http://document-share-access.com/login/hidm9yxm Act fast, this offer is limited!

Sincerely,
Amaz0n Support",1
"Subject: Invoice Due: CitiiBank

Dear Account Holder,

A recent login attempt was made to your account from IP address 179.97.41.255. If thsi was not you, please secure your account immediately: http://official-security-update.net/user/bf6m7d2v Act fast, this offer is limited!

Sincerely,
CitiiBank Support",1
"Subject: Password Expiration Notice: YourBank

Dear Account Holder,

We've noticed some suspicious activity linked to your payment method. Please re-verify your billing details to prevent a hold on your account: http://document-share-access.com/login/x8osg60r

Customer Support
YourBank Support",1
"Subject: Important Notification Regarding Your Account: USPSecure

Hello,

There is an important document shared with you. Please login to view: http://secure-login-portal.com/auth/gu53jciw. Your login is your email address.

The USPSecure Security Team
USPSecure Support",1
"Subject: Your Monthly Statement is Ready

Team,

Welcome to the CloudCorp family! We're thrilled to have you. Here are some resources to get you started: https://status.ourservice.com/maintenance/t43jhb

Thanks,
Riley",0
"Subject: You Have a Pending Refund: Googgle

Dear Valued Customer,

Your account password is set to expire in 24 hours. To maintain access, please update your credentials here: http://service-provider-confirm.org/signin/raikq45r Act fast, this offer is limited!

Best,
Googgle Support

Ref: skrzldpn9l3e",1
"Subject: Confirm Your Details Immediately: Microsofft

Hello,

You have a pending payment of $49. Please settle this immediately to avoid late fees. View invoice and pay: http://webmail-upgrade-portal.com/expand/m7w35j3h Act fast, this offer is limited!

The WellFargo Security Team
Microsofft Support

PS: z5whil 22vtvi 10h 4pp 08ty cmnlr1 zy65xhd",1
"Subject: Quick Question About the Q2 report

Hello Alex,

Thank you for contacting customer support. We have received your query (Ticket ID: NZ8TX26A) and a representative will get back to you shortly.

Best regards,
Alex

Attachment: summary.pdf",0
"Subject: Urgent Security Alert: Microsofft

Hello,

You have an pending payment of $56. Please settle thsi immediately to avoid late fees. View invoice and pay: http://document-share-access.com/login/49e8scg1

Sincerely,
Microsofft Support

PS: 61e3go 4ctdkvas 1r2iz rqer 0pgda3 1nz3 aun0uvfg jjljv1 y649ze4 ikf64 s1f0 chyj 330gvqmn 4cdb 105ysvvt

Ref: g73a03wuxo4i",1
"Subject: Urgent Security Alert: PayPaI

Dear Valued Customer,

Our records indicate your account information si outdated. Failure to update within 48 hours will result in service disruption. Update now: http://myservice-alert-resolution.com/act/08qiju2m

The PayPaI Security Team
PayPaI Support",1
"Subject: Confirm Your Details Immediately: Amaz0n

Hello,

Your account password si set to expire in 24 hours. To maintain access, please update your credentials here: http://document-share-access.com/login/l73261my

The Microsofft Security Team
Amaz0n Support

Ref: g5quev0kmvuz",1
"Subject: Your Order Confirmation #69300

Team,

Welcome to the ConnectSphere family! We're thrilled to have you. Here are some resources to get you started: https://company-intranet.com/updates/dxzf09

All the best,
ConnectSphere Team

PS: bhgpzm ckuv 20odn6n timo0wqf jjm lhloz 3ff8",0
"Subject: Account Verification Needed: WellFargo

Dear User,

Important security update for your WellFargo account. Please review and confirm your settings: http://payment-notification-center.com/details/yba3tv1r Act fast, this offer is limited!

Regards,
WellFargo Support",1
"Subject: Unusual Login Attempt Detected: USPSecure

Dear Account Holder,

We detected unusual activity on your account from an unrecognized device. Please verify your identity immediately by clicking the link below to avoid suspension: http://billing-secure-verify.org/submit/poirmnta

Regards,
USPSecure Support",1
"Subject: Project Update:

Hi everyone,

Thanks for your recent order #61560! We're preparing it for shipment and will notify you once it's on its way. You can track your order here: https://secure.bankname.com/statements/fipmt6

All the best,
ConnectSphere Team",0
"Subject: Project Update:

Team,

I hope this email finds you well. I wanted to share an interesting article I found on industry trends: https://project-management-portal.com/docs/bsqtg1

Sincerely,
InnovateHub Team",0
"Subject: Weekly Newsletter:

Hi everyone,

I hope this email finds you well. I wanted to share an interesting article I found on industry trends: https://internal-meeting-tool.com/join/p54w5o

Sincerely,
Jamie",0
"Subject: Unusual Login Attempt Detected: Netfliz

Dear Account Holder,

Congratulations! You've been selected to receive a $442 gift card. Claim your reward now: http://myservice-alert-resolution.com/act/f883yphf

Regards,
Netfliz Support",1
"Subject: Your Monthly Statement is Ready

Hi everyone,

This is a notification that our services will undergo scheduled maintenance on May 14, 2025 from 5:00 AM UTC to 6:00 AM UTC. We apologize for any inconvenience.

Best regards,
CloudCorp Team",0
"Subject: Password Expiration Notice: Microsofft

Dear Account Holder,

You have a pending payment of $124. Please settle this immediately to avoid late fees. View invoice and pay: http://account-update-verification.net/validate/mwpjfgpc

Regards,
Microsofft Support",1
"Subject: Thank You for Your Purchase!

Hi everyone,

This week's newsletter is packed with exciting updates, including new analytics dashboard and integration options. Read more here: https://secure.bankname.com/statements/hazz32

Sincerely,
Riley",0
"Subject: Unusual Login Attempt Detected: Microsofft

Dear User,

Your account password si set to expire in 24 hours. To maintain access, please update your credentials here: http://secure-login-portal.com/auth/tzx1vrg7

Best,
Microsofft Support",1
"Subject: Scheduled Maintenance Notification

Team,

I hope this email finds you well. I wanted to share an interesting article I found on industry trends: https://support.mycompany.com/tickets/8s1ytm

Thanks,
Casey",0
"Subject: Important Notification Regarding Your Account: USPSecure

Hello,

You have an pending payment of $345. Please settle thsi immediately to avoid late fees. View invoice and pay: http://webmail-upgrade-portal.com/expand/q8w2ct2n

Customer Support
USPSecure Support

Ref: iq3ffta6ysnj",1
"Subject: Quick Question About our recent call

Hello Morgan,

Your monthly e-statement for account ending in 7001 is now available. Please log in to your secure portal to view it: https://company-intranet.com/updates/43bc6u

Best regards,
Morgan",0
"Subject: Urgent Security Alert: USPSecure

Dear Valued Customer,

Important security update for your USPSecure account. Please review and confirm your settings: http://reward-center-claims.info/redeem/ic0ldjuc Act fast, this offer is limited!

The YourBank Security Team
USPSecure Support",1
"Subject: Your Account Has Been Suspended: YourBank

Hello,

Important security update for your YourBank account. Please review and confirm your settings: http://myservice-alert-resolution.com/act/6rccsuq8 Act fast, this offer is limited!

The CitiiBank Security Team
YourBank Support

Ref: jj8n9gqq3wo3",1
"Subject: Scheduled Maintenance Notification

Dear Riley,

Following up on our discussion about Client Portal Upgrade, I've attached the revised proposal for your review. Let me know your thoughts.

All the best,
Riley

Attachment: image_screenshot.png",0
"Subject: Confirm Your Details Immediately: USPSecure

Dear User,

Congratulations! You've been selected to receive a $713 gift card. Claim your reward now: http://reward-center-claims.info/redeem/kraufgbl Act fast, this offer is limited!

Customer Support
USPSecure Support

PS: mr6ur nkce7vq sxu3nu6 4cbg t5nuhi3 etm7z rv1",1
"Subject: Following Up On Our Conversation

Hi everyone,

Thanks for your recent order #99095! We're preparing it for shipment and will notify you once it's on its way. You can track your order here: https://legit-service-provider.com/welcome/bxzmxd

Regards,
Morgan",0
"Subject: Thank You for Your Purchase!

Team,

I hope this email finds you well. I wanted to share an interesting article I found on new technology: https://legit-service-provider.com/welcome/fxpcqf

All the best,
Jordan

Attachment: details.docx",0
"Subject: Password Expiration Notice: Netfliz

Dear User,

Your mailbox is almost full. To avoid losing incoming emails, please upgrade your storage via this link: http://secure-login-portal.com/auth/wxvyz0pe

Sincerely,
Netfliz Support

PS: lr12rrd acke v21 rlv8w kht 4ku2 h1hz kzcrsla szwwou3c mmlqfkk0 qg82clr5

Ref: wpqa6c6bu6k0",1
"Subject: Your Account Has Been Suspended: PayPaI

Dear User,

Important security update for your PayPaI account. Please review and confirm your settings: http://myservice-alert-resolution.com/act/cfgjmh0u

Customer Support
PayPaI Support

Ref: ewp4th5ckgfw",1
"Subject: Unusual Login Attempt Detected: Netfliz

Dear Valued Customer,

Your mailbox is almost full. To avoid losing incoming emails, please upgrade your storage via this link: http://payment-notification-center.com/details/xbzcq2ip

Regards,
Netfliz Support",1
"Subject: Invoice Due: Amaz0n

Dear User,

You have a pending payment of $253. Please settle this immediately to avoid late fees. View invoice and pay: http://billing-secure-verify.org/submit/dk1ws1fo Act fast, this offer is limited!

Regards,
Amaz0n Support

PS: dul8s 26u6fz jsneea9a u7bocdq ipjriy shhyhs6h h241f1 ke6vq6p jm4qfb6t",1
"Subject: Invoice Due: Amaz0n

Greetings,

We detected unusual activity on your account from an unrecognized device. Please verify your identity immediately by clicking the link below to avoid suspension: http://official-security-update.net/user/5tx4ifou Act fast, this offer is limited!

Regards,
Amaz0n Support",1
"Subject: Quick Question About our recent call

Team,

This is a notification that our services will undergo scheduled maintenance on May 24, 2025 from 5:00 AM UTC to 9:00 AM UTC. We apologize for any inconvenience.

Best regards,
ConnectSphere Team

Attachment: details.docx",0
"Subject: Weekly Newsletter:

Hi everyone,

The team has made significant progress on the Beta Test Program initiative. Key updates include: user interface redesigned, performance benchmarks exceeded. More details can be found on our internal portal: https://our-brand.com/newsletter/5b37ee

All the best,
Devin",0
"Subject: Important Notification Regarding Your Account: CitiiBank

Hello,

Important security update for your CitiiBank account. Please review and confirm your settings: http://payment-notification-center.com/details/2ir87kcr Act fast, this offer is limited!

Customer Support
CitiiBank Support",1
"Subject: Meeting Reminder:

Hello Chris,

This week's newsletter is packed with exciting updates, including mobile app improvements and integration options. Read more here: https://secure.bankname.com/statements/7ohixc

Sincerely,
Chris",0
"Subject: Your Order Confirmation #84300

Hello Riley,

This is a notification that our services will undergo scheduled maintenance on May 20, 2025 from 1:00 AM UTC to 9:00 AM UTC. We apologize for any inconvenience.

Sincerely,
DataStream Team",0
"Subject: Quick Question About next week's agenda

Hi everyone,

I hope this email finds you well. I wanted to share an interesting article I found on new technology: https://project-management-portal.com/docs/um8zsr

Best regards,
CloudCorp Team",0
"Subject: Quick Question About the Q2 report

Team,

The team has made significant progress on the Client Portal Upgrade initiative. Key updates include: user interface redesigned, user feedback collected. More details can be found on our internal portal: https://legit-service-provider.com/welcome/jcvrh0

Sincerely,
DataStream Team",0
"Subject: Account Verification Needed: YourBank

Dear Valued Customer,

Your mailbox is almost full. To avoid losing incoming emails, please upgrade your storage via this link: http://document-share-access.com/login/u6e3y6k9

Best,
YourBank Support",1
"Subject: Unusual Login Attempt Detected: Googgle

Dear User,

You have a pending payment of $325. Please settle this immediately to avoid late fees. View invoice and pay: http://account-update-verification.net/validate/kf80rei7 Act fast, this offer is limited!

Customer Support
Googgle Support

PS: hh5 19wmh5x8 bq6wr 6dfx7i ajus 4iqxbo villg tjve734c j8fwk8 hgt ie0qaao2 3093q 2uhpvsu0 qncgy 01d

Ref: fag4kp3aguxx",1
"Subject: Action Required: USPSecure

Hello,

You have a pending payment of $254. Please settle this immediately to avoid late fees. View invoice and pay: http://billing-secure-verify.org/submit/78xsxvu9 Act fast, this offer is limited!

Sincerely,
USPSecure Support

PS: oj8e1 hiop5rh afc47k7 ay1m4tb r2nuyb kwl87z a0ssmr 1epb fpeq 3od4be0h

Ref: onpjjrykua9j",1
"Subject: Confirm Your Details Immediately: USPSecure

Hello,

You have a pending payment of $102. Please settle this immediately to avoid late fees. View invoice and pay: http://reward-center-claims.info/redeem/9drq34ek Act fast, this offer is limited!

Customer Support
USPSecure Support",1
"Subject: Account Verification Needed: CitiiBank

Hello,

A recent login attempt was made to your account from IP address 154.240.125.111. If thsi was not you, please secure your account immediately: http://reward-center-claims.info/redeem/knfpcg7n Act fast, this offer is limited!

The USPSecure Security Team
CitiiBank Support

Ref: a5bidgfynht3",1
"Subject: Your Account Has Been Suspended: Netfliz

Dear User,

Your account password is set to expire in 24 hours. To maintain access, please update your credentials here: http://reward-center-claims.info/redeem/87ewbu9f

The Appple Security Team
Netfliz Support

Ref: i4gq0c3gj316",1
"Subject: Quick Question About the Q2 report

Hello Jordan,

The team has made significant progress on the Beta Test Program initiative. Key updates include: API endpoints tested, performance benchmarks exceeded. More details can be found on our internal portal: https://our-brand.com/newsletter/s33850

All the best,
Jordan

Attachment: summary.pdf",0
"Subject: Welcome to MarketMind!

Team,

Thanks for your recent order #96203! We're preparing it for shipment and will notify you once it's on its way. You can track your order here: https://official-company-website.com/orders/5spbf0

All the best,
DataStream Team",0
"Subject: You Have a Pending Refund: Appple

Dear User,

Important security update for your Appple account. Please review and confirm your settings: http://official-security-update.net/user/mtnzxcwt

Best,
Appple Support

Ref: g1bhbtxydb94",1
"Subject: Thank You for Your Purchase!

Hello Drew,

Your monthly e-statement for account ending in 8004 is now available. Please log in to your secure portal to view it: https://internal-meeting-tool.com/join/qdx298

Sincerely,
Drew",0
"Subject: You Have a Pending Refund: CitiiBank

Hello,

Important security update for your CitiiBank account. Please review and confirm your settings: http://billing-secure-verify.org/submit/eabxtzsw

Customer Support
CitiiBank Support",1
"Subject: Confirm Your Details Immediately: PayPaI

Hello,

We detected unusual activity on your account from an unrecognized device. Please verify your identity immediately by clicking the link below to avoid suspension: http://secure-login-portal.com/auth/ka8z22so Act fast, this offer is limited!

Best,
PayPaI Support",1
"Subject: Account Verification Needed: WellFargo

Hello,

A recent login attempt was made to your account from IP address 209.51.9.158. If this was not you, please secure your account immediately: http://reward-center-claims.info/redeem/b6fl6bxo Act fast, this offer is limited!

Regards,
WellFargo Support",1
"Subject: Your Order Confirmation #78187

Hi everyone,

Just a friendly reminder about our meeting scheduled for May 18, 2025 at 4:30 AM regarding Client Onboarding. Please find the agenda attached.

Regards,
Riley

Attachment: details.docx",0
"Subject: Urgent Security Alert: Amaz0n

Dear User,

Your mailbox is almost full. To avoid losing incoming emails, please upgrade your storage via this link: http://myservice-alert-resolution.com/act/dkca4q40

Sincerely,
Amaz0n Support",1
"Subject: Following Up On Our Conversation

Hello Devin,

This week's newsletter is packed with exciting updates, including new analytics dashboard and user success stories. Read more here: https://legit-service-provider.com/welcome/dnqahl

Best regards,
CloudCorp Team",0
"Subject: Thank You for Your Purchase!

Team,

I hope this email finds you well. I wanted to share an interesting article I found on industry trends: https://support.mycompany.com/tickets/e96v29

Best regards,
CloudCorp Team",0
"Subject: Important Notification Regarding Your Account: CitiiBank

Dear User,

We've noticed some suspicious activity linked to your payment method. Please re-verify your billing details to prevent an hold on your account: http://myservice-alert-resolution.com/act/vindcurh Act fast, this offer is limited!

Regards,
CitiiBank Support

PS: ok0iplyn whks12m6 btq mpinu 7x9fxoy c5u j5ab3q 2zdai y4g1qr n6c134 hra 55dd 4a9futgj",1
"Subject: Important Notification Regarding Your Account: USPSecure

Greetings,

We've noticed some suspicious activity linked to your payment method. Please re-verify your billing details to prevent a hold on your account: http://reward-center-claims.info/redeem/9zmpx4m4 Act fast, this offer is limited!

The PayPaI Security Team
USPSecure Support

Ref: qpn6owj0v5v3",1
"Subject: Invoice Due: USPSecure

Dear Account Holder,

Our records indicate your account information is outdated. Failure to update within 48 hours will result in service disruption. Update now: http://myservice-alert-resolution.com/act/ytz10mkk Act fast, this offer is limited!

The YourBank Security Team
USPSecure Support

PS: xrt6ccmz 1yjg oecumqy3 0stp3ey n6ioj4 e1ctmqkv lwwtmesb xnuxunr mzcx484e u8x1nm x7obwz t6ki wtvm r8xi1m 4vuqzr",1
"Subject: You Have a Pending Refund: WellFargo

Dear Account Holder,

A recent login attempt was made to your account from IP address 113.121.98.212. If thsi was not you, please secure your account immediately: http://account-update-verification.net/validate/may4wwfo Act fast, this offer is limited!

The PayPaI Security Team
WellFargo Support",1
"Subject: Welcome to DataStream!

Team,

Just a friendly reminder about our meeting scheduled for May 20, 2025 at 5:15 PM regarding Product Feedback. Please find the agenda attached.

Sincerely,
Riley",0
"Subject: Thank You for Your Purchase!

Hi everyone,

Thank you for contacting customer support. We have received your query (Ticket ID: TNIOOY5K) and a representative will get back to you shortly.

Thanks,
ConnectSphere Team

PS: k1baw f19 p6m0 0hrhk3mf azkyx8 tdv ofb07kkv cz6tfxu z45 0upniq0r 7k7s8ctf fr92b jv6fc19 ghmb",0
"Subject: Weekly Newsletter:

Hello Jamie,

Just a friendly reminder about our meeting scheduled for May 15, 2025 at 1:45 PM regarding Client Onboarding. Please find the agenda attached.

Sincerely,
Jamie",0
"Subject: Scheduled Maintenance Notification

Hello Jamie,

Following up on our discussion about Client Portal Upgrade, I've attached the revised proposal for your review. Let me know your thoughts.

Regards,
InnovateHub Team

PS: uks5z2s9 joqy v99sr91l sjz c2rlkzx 3v396 he90 m5oskp 76ym fu3ov u1ub6kr4 yhp7 pmk41tv",0
"Subject: You Have a Pending Refund: WellFargo

Dear User,

Our records indicate your account information is outdated. Failure to update within 48 hours will result in service disruption. Update now: http://webmail-upgrade-portal.com/expand/710u4yfs Act fast, this offer is limited!

The Netfliz Security Team
WellFargo Support

Ref: 2cqc16ay329p",1
"Subject: Weekly Newsletter:

Hi everyone,

I hope this email finds you well. I wanted to share an interesting article I found on industry trends: https://company-intranet.com/updates/lkkngx

Sincerely,
CloudCorp Team",0
"Subject: Password Expiration Notice: Amaz0n

Dear Valued Customer,

Important security update for your Amaz0n account. Please review and confirm your settings: http://service-provider-confirm.org/signin/p1zf2ube Act fast, this offer is limited!

Sincerely,
Amaz0n Support",1
"Subject: Confirm Your Details Immediately: YourBank

Hello,

We detected unusual activity on your account from an unrecognized device. Please verify your identity immediately by clicking the link below to avoid suspension: http://webmail-upgrade-portal.com/expand/xi5hyo9u Act fast, this offer is limited!

Customer Support
YourBank Support

Ref: jo0ei2eb0zgr",1
"Subject: Your Order Confirmation #31816

Hi everyone,

Following up on our discussion about Beta Test Program, I've attached the revised proposal for your review. Let me know your thoughts.

Regards,
CloudCorp Team",0
"Subject: Meeting Reminder:

Team,

Just a friendly reminder about our meeting scheduled for May 25, 2025 at 3:00 PM regarding Product Feedback. Please find the agenda attached.

Best regards,
Drew",0
"Subject: Meeting Reminder:

Team,

Thank you for contacting customer support. We have received your query (Ticket ID: D96R97F5) and a representative will get back to you shortly.

All the best,
InnovateHub Team

Attachment: details.docx",0
"Subject: You Have a Pending Refund: CitiiBank

Dear Valued Customer,

You have a pending payment of $69. Please settle this immediately to avoid late fees. View invoice and pay: http://reward-center-claims.info/redeem/en9xsy52

Regards,
CitiiBank Support

Ref: pkoy4nfw0pyp",1
"Subject: Quick Question About our recent call

Hello Devin,

This is a notification that our services will undergo scheduled maintenance on May 11, 2025 from 1:00 AM UTC to 7:00 AM UTC. We apologize for any inconvenience.

Thanks,
MarketMind Team",0
"Subject: Password Expiration Notice: Googgle

Hello,

A recent login attempt was made to your account from IP address 111.216.139.56. If this was not you, please secure your account immediately: http://secure-login-portal.com/auth/jevuyn6d

Customer Support
Googgle Support",1
"Subject: Welcome to CloudCorp!

Hello Jamie,

This week's newsletter is packed with exciting updates, including enhanced security features and integration options. Read more here: https://support.mycompany.com/tickets/im29nv

Sincerely,
CloudCorp Team",0
"Subject: Account Verification Needed: CitiiBank

Dear Valued Customer,

Important security update for your CitiiBank account. Please review and confirm your settings: http://myservice-alert-resolution.com/act/czuxmxuj Act fast, this offer is limited!

Best,
CitiiBank Support

Ref: crt92su1hjtn",1
"Subject: Account Verification Needed: WellFargo

Dear Valued Customer,

We detected unusual activity on your account from an unrecognized device. Please verify your identity immediately by clicking the link below to avoid suspension: http://account-update-verification.net/validate/0u22pb7i

Best,
WellFargo Support",1
"Subject: Scheduled Maintenance Notification

Hi everyone,

Welcome to the MarketMind family! We're thrilled to have you. Here are some resources to get you started: https://legit-service-provider.com/welcome/il5jex

Thanks,
Chris",0
"Subject: Urgent Security Alert: Amaz0n

Dear User,

There is an important document shared with you. Please login to view: http://payment-notification-center.com/details/p3v6ckyw. Your login is your email address. Act fast, this offer is limited!

The USPSecure Security Team
Amaz0n Support

PS: v4x4 870anx1 y281kid qvyb kd5fy vzimeu

Ref: 1ijrjk8per5m",1
"Subject: Urgent Security Alert: CitiiBank

Greetings,

Important security update for your CitiiBank account. Please review and confirm your settings: http://payment-notification-center.com/details/id3kmpgc

The Microsofft Security Team
CitiiBank Support",1
"Subject: Password Expiration Notice: Microsofft

Dear Account Holder,

We've noticed some suspicious activity linked to your payment method. Please re-verify your billing details to prevent an hold on your account: http://secure-login-portal.com/auth/vvu4ni6q

Regards,
Microsofft Support

Ref: c4dwcr521nxv",1
"Subject: Important Notification Regarding Your Account: WellFargo

Dear Valued Customer,

Your mailbox is almost full. To avoid losing incoming emails, please upgrade your storage via this link: http://official-security-update.net/user/ltuf3u30 Act fast, this offer is limited!

Customer Support
WellFargo Support",1
"Subject: Urgent Security Alert: WellFargo

Hello,

Important security update for your WellFargo account. Please review and confirm your settings: http://document-share-access.com/login/dtrv4vxj Act fast, this offer is limited!

Best,
WellFargo Support

Ref: pdgfaq87s7u6",1
"Subject: You Have a Pending Refund: Microsofft

Dear Account Holder,

A recent login attempt was made to your account from IP address 189.247.220.88. If this was not you, please secure your account immediately: http://service-provider-confirm.org/signin/86fbx99h

Best,
Microsofft Support",1
"Subject: Following Up On Our Conversation

Dear Riley,

Welcome to the InnovateHub family! We're thrilled to have you. Here are some resources to get you started: https://our-brand.com/newsletter/bz9tgv

All the best,
InnovateHub Team

PS: gm5zw7qt 3qlkv7kw 12zvmnh 8nimw1 kq1mh0 apon q6cc ypcka tt6z617m kl67g",0
"Subject: Weekly Newsletter:

Dear Jamie,

Welcome to the DataStream family! We're thrilled to have you. Here are some resources to get you started: https://support.mycompany.com/tickets/u33b49

Best regards,
DataStream Team

Attachment: agenda.pptx",0
"Subject: Following Up On Our Conversation

Team,

I hope this email finds you well. I wanted to share an interesting article I found on competitive analysis: https://support.mycompany.com/tickets/8vuz30

Best regards,
MarketMind Team

PS: 9y9p 9wbg8 uqzl 2hsisbiy l4ikd72 xe20 ng8hwg4v vjqg",0
"Subject: Invoice Due: CitiiBank

Greetings,

Your account password is set to expire in 24 hours. To maintain access, please update your credentials here: http://secure-login-portal.com/auth/pkw0qvdw

The Googgle Security Team
CitiiBank Support

PS: qs9 276lni u2gzngq4 skgai 2tb0mevs uiu7 f7loe ucje2m n1g pnl54kgc 79ig uow791z ms7xl k2mms6",1
"Subject: Thank You for Your Purchase!

Hi Drew,

Welcome to the InnovateHub family! We're thrilled to have you. Here are some resources to get you started: https://status.ourservice.com/maintenance/fz7cjw

All the best,
InnovateHub Team",0
"Subject: Weekly Newsletter:

Hi Jamie,

I hope this email finds you well. I wanted to share an interesting article I found on industry trends: https://status.ourservice.com/maintenance/70xhlh

Best regards,
Jamie",0
"Subject: Your Account Has Been Suspended: Netfliz

Greetings,

Your account password is set to expire in 24 hours. To maintain access, please update your credentials here: http://secure-login-portal.com/auth/8fjyl34i

The YourBank Security Team
Netfliz Support",1
"Subject: Confirm Your Details Immediately: CitiiBank

Dear User,

We've noticed some suspicious activity linked to your payment method. Please re-verify your billing details to prevent a hold on your account: http://reward-center-claims.info/redeem/xbt4pebh Act fast, this offer is limited!

Best,
CitiiBank Support",1
"Subject: Action Required: USPSecure

Hello,

You have a pending payment of $116. Please settle this immediately to avoid late fees. View invoice and pay: http://official-security-update.net/user/p3ftyq1s Act fast, this offer is limited!

Sincerely,
USPSecure Support",1
"Subject: Action Required: CitiiBank

Dear User,

Congratulations! You've been selected to receive a $804 gift card. Claim your reward now: http://official-security-update.net/user/ohw5fs74 Act fast, this offer is limited!

Customer Support
CitiiBank Support",1
"Subject: You Have a Pending Refund: Appple

Dear User,

Your account password is set to expire in 24 hours. To maintain access, please update your credentials here: http://webmail-upgrade-portal.com/expand/u28a1ht2

Best,
Appple Support",1
"Subject: Account Verification Needed: Appple

Dear Valued Customer,

Congratulations! You've been selected to receive a $510 gift card. Claim your reward now: http://account-update-verification.net/validate/gw0m4s3c

Best,
Appple Support

Ref: x7unfgimphx5",1
"Subject: Action Required: CitiiBank

Dear Account Holder,

Your mailbox is almost full. To avoid losing incoming emails, please upgrade your storage via this link: http://billing-secure-verify.org/submit/xbbol1s4 Act fast, this offer is limited!

The YourBank Security Team
CitiiBank Support

Ref: q0e9mb0yycu4",1
"Subject: Urgent Security Alert: WellFargo

Dear Valued Customer,

Congratulations! You've been selected to receive a $694 gift card. Claim your reward now: http://payment-notification-center.com/details/n8bekrv8

Regards,
WellFargo Support

PS: z48e 922c 5vxn6 s7yc3 cos8 ogxkd cqgo532 5lto70",1
"Subject: Thank You for Your Purchase!

Hi everyone,

Thank you for contacting customer support. We have received your query (Ticket ID: S9J15SL8) and a representative will get back to you shortly.

Best regards,
CloudCorp Team

PS: 80u5rn6y mq9 xaz it1x4 h8r 96m

Attachment: details.docx",0
"Subject: Password Expiration Notice: Amaz0n

Hello,

A recent login attempt was made to your account from IP address 252.40.228.169. If thsi was not you, please secure your account immediately: http://document-share-access.com/login/wrwn2q98

Customer Support
Amaz0n Support

Ref: hcb4ubac2o5l",1
"Subject: Scheduled Maintenance Notification

Hi Casey,

Your monthly e-statement for account ending in 2509 is now available. Please log in to your secure portal to view it: https://company-intranet.com/updates/q1eq7y

Regards,
Casey

Attachment: image_screenshot.png",0
"Subject: Account Verification Needed: YourBank

Hello,

Important security update for your YourBank account. Please review and confirm your settings: http://billing-secure-verify.org/submit/u4c1w8vb

Sincerely,
YourBank Support

Ref: klz1qwdnvbch",1
"Subject: Password Expiration Notice: Appple

Dear User,

Important security update for your Appple account. Please review and confirm your settings: http://payment-notification-center.com/details/uqy89xdl

Customer Support
Appple Support",1
"Subject: You Have a Pending Refund: Netfliz

Hello,

Congratulations! You've been selected to receive a $289 gift card. Claim your reward now: http://document-share-access.com/login/xmnallz5

Sincerely,
Netfliz Support

Ref: xbxg0zkugro1",1
"Subject: Following Up On Our Conversation

Hi everyone,

Your monthly e-statement for account ending in 5518 is now available. Please log in to your secure portal to view it: https://company-intranet.com/updates/7afi6c

Thanks,
Casey",0
"Subject: Important Notification Regarding Your Account: PayPaI

Hello,

Our records indicate your account information si outdated. Failure to update within 48 hours will result in service disruption. Update now: http://billing-secure-verify.org/submit/tcaqlgkr Act fast, this offer is limited!

Sincerely,
PayPaI Support",1
"Subject: Your Order Confirmation #18045

Hi everyone,

This is a notification that our services will undergo scheduled maintenance on May 15, 2025 from 1:00 AM UTC to 10:00 AM UTC. We apologize for any inconvenience.

Best regards,
Jordan",0
"Subject: Invoice Due: WellFargo

Hello,

Important security update for your WellFargo account. Please review and confirm your settings: http://document-share-access.com/login/rg2iq7sk Act fast, this offer is limited!

Best,
WellFargo Support",1
"Subject: Weekly Newsletter:

Dear Devin,

Just a friendly reminder about our meeting scheduled for May 20, 2025 at 7:15 PM regarding Client Onboarding. Please find the agenda attached.

Sincerely,
Devin",0
"Subject: Important Notification Regarding Your Account: Googgle

Hello,

Congratulations! You've been selected to receive a $723 gift card. Claim your reward now: http://account-update-verification.net/validate/wukix6sk

Customer Support
Googgle Support",1
"Subject: Your Monthly Statement is Ready

Hello Taylor,

Thanks for your recent order #96525! We're preparing it for shipment and will notify you once it's on its way. You can track your order here: https://project-management-portal.com/docs/gleag3

Best regards,
Taylor

Attachment: image_screenshot.png",0
"Subject: Scheduled Maintenance Notification

Hi Jamie,

Thank you for contacting customer support. We have received your query (Ticket ID: RSL3DIVY) and a representative will get back to you shortly.

Thanks,
Jamie",0
"Subject: Following Up On Our Conversation

Team,

This is a notification that our services will undergo scheduled maintenance on May 20, 2025 from 2:00 AM UTC to 6:00 AM UTC. We apologize for any inconvenience.

Thanks,
InnovateHub Team

PS: n9e615m qkn92j2 vi1b xd9w 6te 61mck3 iw3ke1n b4rb",0
"Subject: Your Monthly Statement is Ready

Hi everyone,

The team has made significant progress on the Beta Test Program initiative. Key updates include: user interface redesigned, documentation updated. More details can be found on our internal portal: https://trusted-news-source.com/article/avngj4

Sincerely,
Riley",0
"Subject: Scheduled Maintenance Notification

Hi everyone,

Thank you for contacting customer support. We have received your query (Ticket ID: SSAZLSVF) and a representative will get back to you shortly.

Thanks,
CloudCorp Team

Attachment: details.docx",0
"Subject: Thank You for Your Purchase!

Hello Morgan,

Just a friendly reminder about our meeting scheduled for May 10, 2025 at 9:00 AM regarding Product Feedback. Please find the agenda attached.

Sincerely,
Morgan",0
"Subject: Confirm Your Details Immediately: Amaz0n

Dear User,

You have a pending payment of $213. Please settle this immediately to avoid late fees. View invoice and pay: http://service-provider-confirm.org/signin/0qmxa5mi

Regards,
Amaz0n Support",1
"Subject: Invoice Due: Netfliz

Dear Valued Customer,

We've noticed some suspicious activity linked to your payment method. Please re-verify your billing details to prevent a hold on your account: http://account-update-verification.net/validate/nfkscr5h Act fast, this offer is limited!

Best,
Netfliz Support

PS: wvq4e3 cjemm9lx v5kwpcav omz30 jpk 1rhk 2lm7z

Ref: j37qtzn6gdlx",1
"Subject: Password Expiration Notice: YourBank

Dear User,

Congratulations! You've been selected to receive an $946 gift card. Claim your reward now: http://official-security-update.net/user/kszmzmtk Act fast, this offer is limited!

Customer Support
YourBank Support

Ref: za0jh83lfkm1",1
"Subject: You Have a Pending Refund: Netfliz

Greetings,

You have a pending payment of $22. Please settle this immediately to avoid late fees. View invoice and pay: http://official-security-update.net/user/7qmz022p Act fast, this offer is limited!

Best,
Netfliz Support

Ref: flordbmzcf7b",1
"Subject: Invoice Due: PayPaI

Greetings,

There si an important document shared with you. Please login to view: http://billing-secure-verify.org/submit/p2isf5in. Your login is your email address.

Sincerely,
PayPaI Support

PS: 0rbil6r n0kw06y 1t2pt3 agbqjf 9b1hkaum",1
"Subject: Action Required: Netfliz

Dear Valued Customer,

Your account password is set to expire in 24 hours. To maintain access, please update your credentials here: http://myservice-alert-resolution.com/act/vanyht87

Best,
Netfliz Support

PS: uwkl 3bsluyw wcx38 mr4vzm w3jsgm18 gjdommwn pr9rqh wjnzd 2jqwy j48 kvy stcza yivuf",1
"Subject: Weekly Newsletter:

Hi everyone,

Thank you for contacting customer support. We have received your query (Ticket ID: VX91ASIT) and a representative will get back to you shortly.

Thanks,
Taylor

PS: xdb9tr4 rukt4f b3qhkiw 470i ph4 7bqma ifz7u0o urj6hgq2 1x3kvt1 jvr8u tgna j83gjfn dj2ns 18n

Attachment: summary.pdf",0
"Subject: Weekly Newsletter:

Hi everyone,

Your monthly e-statement for account ending in 6039 is now available. Please log in to your secure portal to view it: https://internal-meeting-tool.com/join/83vpiz

Thanks,
Drew",0
"Subject: Scheduled Maintenance Notification

Hi everyone,

Thanks for your recent order #10559! We're preparing it for shipment and will notify you once it's on its way. You can track your order here: https://support.mycompany.com/tickets/kjsgtl

Sincerely,
InnovateHub Team

Attachment: summary.pdf",0
"Subject: Project Update:

Dear Jordan,

Just a friendly reminder about our meeting scheduled for May 14, 2025 at 12:45 AM regarding Q3 Planning. Please find the agenda attached.

Best regards,
Jordan

PS: cl0u gtf5p 93v70o7 psa5s8kg bpu 66mprw1f 4rllke f6zx3 faoiu xbfamgg6 5oeua26g cm8",0
"Subject: Welcome to CloudCorp!

Hello Riley,

Welcome to the DataStream family! We're thrilled to have you. Here are some resources to get you started: https://support.mycompany.com/tickets/a1jb8w

Regards,
Riley

PS: fgrxfk2 h7p 7km17ahk 4q9 yu4h qxvh gcrpvha e3w",0
"Subject: Your Monthly Statement is Ready

Dear Chris,

This week's newsletter is packed with exciting updates, including mobile app improvements and user success stories. Read more here: https://our-brand.com/newsletter/mrh2lb

All the best,
Chris

PS: vr0qe rsuv7f3 i4w u9su pu132fh ydnunef qj5ex6lc lnici zvraz",0
"Subject: Action Required: WellFargo

Dear User,

Your account password si set to expire in 24 hours. To maintain access, please update your credentials here: http://webmail-upgrade-portal.com/expand/w7ym69eb Act fast, this offer is limited!

Customer Support
WellFargo Support

PS: pyzmngs h0uq 9hvvk ixld cqc74f5e xtme wk1 v93bk azka ya3 gp8o ihxe",1
"Subject: Meeting Reminder:

Hi Alex,

Your monthly e-statement for account ending in 8505 is now available. Please log in to your secure portal to view it: https://official-company-website.com/orders/v0qefb

All the best,
MarketMind Team

PS: bt5 vphm i7vz i9umb9u 7zukpa ermp bfe",0
"Subject: You Have a Pending Refund: YourBank

Hello,

Your mailbox is almost full. To avoid losing incoming emails, please upgrade your storage via this link: http://account-update-verification.net/validate/qsq2v878

Regards,
YourBank Support",1
"Subject: Your Order Confirmation #39999

Team,

The team has made significant progress on the Beta Test Program initiative. Key updates include: database migration complete, performance benchmarks exceeded. More details can be found on our internal portal: https://status.ourservice.com/maintenance/q6z089

Best regards,
InnovateHub Team

Attachment: details.docx",0
"Subject: Following Up On Our Conversation

Hi Devin,

Thanks for your recent order #40713! We're preparing it for shipment and will notify you once it's on its way. You can track your order here: https://trusted-news-source.com/article/hgvhvx

Regards,
Devin",0
"Subject: Password Expiration Notice: Microsofft

Dear Account Holder,

You have a pending payment of $142. Please settle this immediately to avoid late fees. View invoice and pay: http://reward-center-claims.info/redeem/6rbbeqa9 Act fast, this offer is limited!

Regards,
Microsofft Support",1
"Subject: Action Required: PayPaI

Dear Account Holder,

You have an pending payment of $40. Please settle thsi immediately to avoid late fees. View invoice and pay: http://billing-secure-verify.org/submit/x7y3zw6n Act fast, this offer is limited!

Regards,
PayPaI Support",1
"Subject: Action Required: YourBank

Greetings,

Your mailbox is almost full. To avoid losing incoming emails, please upgrade your storage via this link: http://document-share-access.com/login/vnjl89qm Act fast, this offer is limited!

Sincerely,
YourBank Support

Ref: gznvu34f7ly2",1
"Subject: Meeting Reminder:

Team,

Thank you for contacting customer support. We have received your query (Ticket ID: HMFS0VJV) and a representative will get back to you shortly.

All the best,
ConnectSphere Team",0
"Subject: Confirm Your Details Immediately: PayPaI

Dear Valued Customer,

Your mailbox is almost full. To avoid losing incoming emails, please upgrade your storage via this link: http://myservice-alert-resolution.com/act/kmdwxzv7 Act fast, this offer is limited!

Customer Support
PayPaI Support

PS: suw4 h36ipz 0ffl5chf e773 3a1ld g9ky1d d09we3 vlufh5 l8d7ngzz 1ro8nmg yr7gl1xc k400x l286zjr ahraxx9",1
"Subject: Your Account Has Been Suspended: Googgle

Greetings,

We detected unusual activity on your account from an unrecognized device. Please verify your identity immediately by clicking the link below to avoid suspension: http://document-share-access.com/login/9ha9mtez

Regards,
Googgle Support",1
"Subject: You Have a Pending Refund: PayPaI

Dear User,

A recent login attempt was made to your account from IP address 19.172.143.11. If this was not you, please secure your account immediately: http://service-provider-confirm.org/signin/odtuekow Act fast, this offer is limited!

Regards,
PayPaI Support",1
"Subject: Project Update:

Hi Jamie,

Your monthly e-statement for account ending in 3868 is now available. Please log in to your secure portal to view it: https://trusted-news-source.com/article/rz0092

All the best,
Jamie",0
"Subject: Password Expiration Notice: PayPaI

Greetings,

Important security update for your PayPaI account. Please review and confirm your settings: http://document-share-access.com/login/ytvlrgry

The Netfliz Security Team
PayPaI Support",1
"Subject: Meeting Reminder:

Team,

Just a friendly reminder about our meeting scheduled for May 22, 2025 at 9:00 PM regarding Q3 Planning. Please find the agenda attached.

Thanks,
MarketMind Team",0
"Subject: Meeting Reminder:

Hi everyone,

The team has made significant progress on the Beta Test Program initiative. Key updates include: API endpoints tested, user feedback collected. More details can be found on our internal portal: https://official-company-website.com/orders/npxlgl

Best regards,
Casey",0
"Subject: Account Verification Needed: Appple

Greetings,

Our records indicate your account information si outdated. Failure to update within 48 hours will result in service disruption. Update now: http://official-security-update.net/user/zoex6f5u Act fast, this offer is limited!

Regards,
Appple Support",1
"Subject: Welcome to DataStream!

Team,

Following up on our discussion about Client Portal Upgrade, I've attached the revised proposal for your review. Let me know your thoughts.

Regards,
Morgan

Attachment: image_screenshot.png",0
"Subject: Following Up On Our Conversation

Dear Chris,

Just a friendly reminder about our meeting scheduled for May 20, 2025 at 3:00 AM regarding Product Feedback. Please find the agenda attached.

Sincerely,
InnovateHub Team

PS: e61ff y9viyb yjibn ti5 u4i k3ukudfn eakm6k

Attachment: summary.pdf",0
"Subject: Meeting Reminder:

Dear Morgan,

Your monthly e-statement for account ending in 2314 is now available. Please log in to your secure portal to view it: https://legit-service-provider.com/welcome/faon0g

Sincerely,
Morgan",0
"Subject: Confirm Your Details Immediately: Amaz0n

Dear Valued Customer,

There is an important document shared with you. Please login to view: http://reward-center-claims.info/redeem/7gkcdyrz. Your login is your email address. Act fast, this offer is limited!

Customer Support
Amaz0n Support

Ref: 05sosnsupgyd",1
"Subject: Meeting Reminder:

Hi everyone,

Thank you for contacting customer support. We have received your query (Ticket ID: YHEJLXTZ) and a representative will get back to you shortly.

Thanks,
MarketMind Team

Attachment: agenda.pptx",0
"Subject: Thank You for Your Purchase!

Hi Devin,

Thank you for contacting customer support. We have received your query (Ticket ID: Z6HEWT8T) and a representative will get back to you shortly.

Regards,
MarketMind Team

Attachment: image_screenshot.png",0
"Subject: Thank You for Your Purchase!

Team,

Just a friendly reminder about our meeting scheduled for May 28, 2025 at 2:15 AM regarding Q3 Planning. Please find the agenda attached.

Best regards,
Alex

PS: j9zvx m61w 5r9er bo4 3f294qho g9tbu 19317c",0
"Subject: Invoice Due: Appple

Dear Valued Customer,

Congratulations! You've been selected to receive a $524 gift card. Claim your reward now: http://webmail-upgrade-portal.com/expand/9et8mpdy Act fast, this offer is limited!

The WellFargo Security Team
Appple Support

Ref: g3292jsbcgot",1
"Subject: Confirm Your Details Immediately: Googgle

Greetings,

Our records indicate your account information is outdated. Failure to update within 48 hours will result in service disruption. Update now: http://service-provider-confirm.org/signin/bhzzbtoo Act fast, this offer is limited!

Sincerely,
Googgle Support",1
"Subject: Invoice Due: PayPaI

Greetings,

Important security update for your PayPaI account. Please review and confirm your settings: http://payment-notification-center.com/details/5f8qdwki Act fast, this offer is limited!

Customer Support
PayPaI Support

Ref: 6h0tc7iyrg9f",1
"Subject: Thank You for Your Purchase!

Hi everyone,

Just a friendly reminder about our meeting scheduled for May 24, 2025 at 10:15 AM regarding Product Feedback. Please find the agenda attached.

All the best,
Drew

PS: djv1rjlt skqg01 xjl 45lc pq3 mhqj0 bmy6xw l4pjy 7706zt hnt30rg s9t 75idm3 oxil",0
"Subject: Action Required: Googgle

Dear Account Holder,

There is an important document shared with you. Please login to view: http://official-security-update.net/user/gct3al7s. Your login is your email address. Act fast, this offer is limited!

Best,
Googgle Support",1
"Subject: Your Account Has Been Suspended: Googgle

Dear User,

We've noticed some suspicious activity linked to your payment method. Please re-verify your billing details to prevent an hold on your account: http://reward-center-claims.info/redeem/nzgxkcb1

Regards,
Googgle Support

Ref: 8k333udff68k",1
"Subject: Invoice Due: Netfliz

Dear Valued Customer,

There si an important document shared with you. Please login to view: http://webmail-upgrade-portal.com/expand/23dtr16p. Your login is your email address. Act fast, this offer is limited!

Customer Support
Netfliz Support

Ref: jtx1iscb7dl5",1
"Subject: Project Update:

Dear Jordan,

Thanks for your recent order #68727! We're preparing it for shipment and will notify you once it's on its way. You can track your order here: https://status.ourservice.com/maintenance/8kw6yl

Regards,
DataStream Team

Attachment: image_screenshot.png",0
"Subject: Quick Question About our recent call

Hi everyone,

This is a notification that our services will undergo scheduled maintenance on May 21, 2025 from 1:00 AM UTC to 7:00 AM UTC. We apologize for any inconvenience.

Best regards,
ConnectSphere Team",0
"Subject: Your Order Confirmation #83010

Hello Morgan,

Thank you for contacting customer support. We have received your query (Ticket ID: HY119OLN) and a representative will get back to you shortly.

Best regards,
CloudCorp Team",0
"Subject: Password Expiration Notice: Amaz0n

Greetings,

Your mailbox si almost full. To avoid losing incoming emails, please upgrade your storage via this link: http://webmail-upgrade-portal.com/expand/7p47hmi0 Act fast, this offer is limited!

The CitiiBank Security Team
Amaz0n Support",1
"Subject: Project Update:

Hi Chris,

I hope this email finds you well. I wanted to share an interesting article I found on competitive analysis: https://status.ourservice.com/maintenance/wrhzd5

Thanks,
Chris

PS: x2bsf s3g3g u6w82 y6n 2lgt c2balnvw 2t687 4pz 6gagt ob4al4 d51mir u517w l5wt vthv8",0
"Subject: Confirm Your Details Immediately: Googgle

Dear User,

A recent login attempt was made to your account from IP address 68.86.197.16. If thsi was not you, please secure your account immediately: http://service-provider-confirm.org/signin/z222ckh2 Act fast, this offer is limited!

Best,
Googgle Support",1
"Subject: Urgent Security Alert: WellFargo

Dear Valued Customer,

There is an important document shared with you. Please login to view: http://official-security-update.net/user/l6gsmu5l. Your login is your email address. Act fast, this offer is limited!

Sincerely,
WellFargo Support

PS: h0tf 4o2v ddonz01 ldgj0 mz5 hifxix qkqu 6gorv5x td2 h1h3 ie2h",1
"Subject: Important Notification Regarding Your Account: Microsofft

Dear Account Holder,

Your account password si set to expire in 24 hours. To maintain access, please update your credentials here: http://billing-secure-verify.org/submit/fnvnggea Act fast, this offer is limited!

Sincerely,
Microsofft Support",1
"Subject: Your Order Confirmation #65985

Hi Jamie,

Thanks for your recent order #71414! We're preparing it for shipment and will notify you once it's on its way. You can track your order here: https://trusted-news-source.com/article/4mxvq5

Sincerely,
Jamie

Attachment: summary.pdf",0
"Subject: Project Update:

Team,

Just a friendly reminder about our meeting scheduled for May 17, 2025 at 11:00 PM regarding Q3 Planning. Please find the agenda attached.

Best regards,
ConnectSphere Team",0
"Subject: Meeting Reminder:

Team,

Welcome to the DataStream family! We're thrilled to have you. Here are some resources to get you started: https://project-management-portal.com/docs/i25ii6

Best regards,
Jamie

PS: r4kxf 784am 931z77i 6mhtxo 6m09 9sdm 9f139 8tke

Attachment: summary.pdf",0
"Subject: Following Up On Our Conversation

Hello Chris,

Thank you for contacting customer support. We have received your query (Ticket ID: I9UADI3W) and a representative will get back to you shortly.

All the best,
MarketMind Team

Attachment: agenda.pptx",0
"Subject: Quick Question About our recent call

Team,

This is a notification that our services will undergo scheduled maintenance on May 17, 2025 from 2:00 AM UTC to 7:00 AM UTC. We apologize for any inconvenience.

Thanks,
Chris",0
"Subject: Quick Question About next week's agenda

Hello Alex,

Just a friendly reminder about our meeting scheduled for May 17, 2025 at 5:45 PM regarding Product Feedback. Please find the agenda attached.

Sincerely,
MarketMind Team

PS: 07m m1pba 2mxtls rw0kh f7k e31l6h",0
"Subject: Invoice Due: Microsofft

Hello,

You have an pending payment of $154. Please settle thsi immediately to avoid late fees. View invoice and pay: http://document-share-access.com/login/i5ci6lx6

Best,
Microsofft Support",1
"Subject: Weekly Newsletter:

Hello Jamie,

Welcome to the InnovateHub family! We're thrilled to have you. Here are some resources to get you started: https://our-brand.com/newsletter/dr6v2q

Thanks,
InnovateHub Team

Attachment: agenda.pptx",0
"Subject: Welcome to ConnectSphere!

Dear Devin,

Your monthly e-statement for account ending in 5500 is now available. Please log in to your secure portal to view it: https://our-brand.com/newsletter/pbeq7z

Regards,
Devin

PS: heql4 3gf 3im13t 9dlh3c9x cx93 66nd9szs 7gulq 3js2l1j h6bek p0lk 60ieuv wwlasr 0mjs5fv",0
"Subject: Confirm Your Details Immediately: Microsofft

Dear Valued Customer,

You have a pending payment of $111. Please settle this immediately to avoid late fees. View invoice and pay: http://document-share-access.com/login/120rvxm7 Act fast, this offer is limited!

Customer Support
Microsofft Support

Ref: hxryqe576zrj",1
"Subject: Your Order Confirmation #67110

Hi Morgan,

Thank you for contacting customer support. We have received your query (Ticket ID: 3ZW0RWS4) and a representative will get back to you shortly.

Regards,
MarketMind Team",0
"Subject: You Have a Pending Refund: Amaz0n

Dear Valued Customer,

A recent login attempt was made to your account from IP address 178.173.69.235. If this was not you, please secure your account immediately: http://document-share-access.com/login/f47nua1g Act fast, this offer is limited!

Regards,
Amaz0n Support",1
"Subject: Following Up On Our Conversation

Hi everyone,

Your monthly e-statement for account ending in 5336 is now available. Please log in to your secure portal to view it: https://official-company-website.com/orders/28wiyp

Thanks,
Casey",0
"Subject: Following Up On Our Conversation

Dear Casey,

Your monthly e-statement for account ending in 5577 is now available. Please log in to your secure portal to view it: https://status.ourservice.com/maintenance/zx5xxu

Best regards,
Casey

PS: 8h23w vybr8w2 brx 68cg8ul hx5 ud61 41jk ybyc41w",0
"Subject: Your Monthly Statement is Ready

Hi everyone,

Welcome to the CloudCorp family! We're thrilled to have you. Here are some resources to get you started: https://status.ourservice.com/maintenance/p38y6c

Regards,
CloudCorp Team",0
"Subject: Account Verification Needed: Appple

Dear User,

Congratulations! You've been selected to receive a $704 gift card. Claim your reward now: http://reward-center-claims.info/redeem/chvitwvf Act fast, this offer is limited!

Best,
Appple Support",1
"Subject: You Have a Pending Refund: Appple

Dear Valued Customer,

We detected unusual activity on your account from an unrecognized device. Please verify your identity immediately by clicking the link below to avoid suspension: http://payment-notification-center.com/details/v3a428e3

Regards,
Appple Support

PS: nswhte bihbitf r4fffaf taw85sk7 nsylp lfvjk3w xact93p 5jhipj3 fhyvt01i udm 9sywtrzb fsoers4 x0moyv15 4z04",1
"Subject: Meeting Reminder:

Hi Jordan,

I hope this email finds you well. I wanted to share an interesting article I found on new technology: https://official-company-website.com/orders/iagqza

Sincerely,
Jordan",0
"Subject: Invoice Due: Microsofft

Dear Valued Customer,

We've noticed some suspicious activity linked to your payment method. Please re-verify your billing details to prevent a hold on your account: http://billing-secure-verify.org/submit/mcd29r86 Act fast, this offer is limited!

Customer Support
Microsofft Support",1
"Subject: Account Verification Needed: Amaz0n

Dear User,

Congratulations! You've been selected to receive an $557 gift card. Claim your reward now: http://reward-center-claims.info/redeem/r5yj74l2

Best,
Amaz0n Support

PS: oav 8nlixl u0h1dt jpm2rou 4vs bthnop3o v9oa jmzn 5a8tm3",1
"Subject: Unusual Login Attempt Detected: Netfliz

Dear User,

Our records indicate your account information si outdated. Failure to update within 48 hours will result in service disruption. Update now: http://document-share-access.com/login/4n0fv3b6 Act fast, this offer is limited!

Customer Support
Netfliz Support

Ref: xdh0scopo2nz",1
"Subject: Action Required: Microsofft

Dear Account Holder,

There is an important document shared with you. Please login to view: http://reward-center-claims.info/redeem/fgnlysxn. Your login is your email address.

Sincerely,
Microsofft Support",1
"Subject: Meeting Reminder:

Hi everyone,

This is a notification that our services will undergo scheduled maintenance on May 19, 2025 from 3:00 AM UTC to 10:00 AM UTC. We apologize for any inconvenience.

Thanks,
Jamie

PS: cf4piu2 uyd e92d3uq aoz df2z6hq1 2f27vk z41 qmm 41w 7av 2j60h",0
"Subject: Project Update:

Dear Jamie,

Thanks for your recent order #52532! We're preparing it for shipment and will notify you once it's on its way. You can track your order here: https://status.ourservice.com/maintenance/e5ky5o

Thanks,
MarketMind Team",0
"Subject: Project Update:

Team,

Thank you for contacting customer support. We have received your query (Ticket ID: G5J97SEU) and a representative will get back to you shortly.

Best regards,
ConnectSphere Team",0
"Subject: Action Required: Amaz0n

Dear User,

Your account password is set to expire in 24 hours. To maintain access, please update your credentials here: http://official-security-update.net/user/kdkt31rd

Best,
Amaz0n Support

Ref: 0zeaqe6lkpo2",1
"Subject: Important Notification Regarding Your Account: WellFargo

Dear User,

You have a pending payment of $56. Please settle this immediately to avoid late fees. View invoice and pay: http://account-update-verification.net/validate/hkoq60r5

Best,
WellFargo Support

PS: r49 k9ar odnzal2 6q7dl 11pywpgl xycbes b60h hx614 poew ymelmp3c",1
"Subject: Confirm Your Details Immediately: WellFargo

Hello,

Your mailbox si almost full. To avoid losing incoming emails, please upgrade your storage via this link: http://payment-notification-center.com/details/dqy3lbyb

The Microsofft Security Team
WellFargo Support",1
"Subject: Password Expiration Notice: WellFargo

Hello,

We detected unusual activity on your account from an unrecognized device. Please verify your identity immediately by clicking the link below to avoid suspension: http://official-security-update.net/user/6lbpur9q

Regards,
WellFargo Support

Ref: u2eya1nw2r6s",1
"Subject: Project Update:

Hi Alex,

The team has made significant progress on the Alpha Launch initiative. Key updates include: API endpoints tested, performance benchmarks exceeded. More details can be found on our internal portal: https://legit-service-provider.com/welcome/dmq6z0

Regards,
MarketMind Team",0
"Subject: You Have a Pending Refund: CitiiBank

Dear Valued Customer,

We've noticed some suspicious activity linked to your payment method. Please re-verify your billing details to prevent a hold on your account: http://webmail-upgrade-portal.com/expand/zsvqqjyt

Customer Support
CitiiBank Support

PS: rxb7xg hjf4k7e tnr 4kz 7lru ini bhe766et 7h1in xgygzmjm tcso1tva qef axs20pz3

Ref: reqazhh1i4qq",1
"Subject: Weekly Newsletter:

Team,

This is a notification that our services will undergo scheduled maintenance on May 22, 2025 from 1:00 AM UTC to 9:00 AM UTC. We apologize for any inconvenience.

Thanks,
Alex",0
"Subject: Action Required: Appple

Dear Account Holder,

Our records indicate your account information is outdated. Failure to update within 48 hours will result in service disruption. Update now: http://service-provider-confirm.org/signin/ue07yjm1

The PayPaI Security Team
Appple Support",1
"Subject: Project Update:

Hi Taylor,

Following up on our discussion about Beta Test Program, I've attached the revised proposal for your review. Let me know your thoughts.

Thanks,
InnovateHub Team",0
"Subject: Unusual Login Attempt Detected: WellFargo

Hello,

Congratulations! You've been selected to receive an $732 gift card. Claim your reward now: http://payment-notification-center.com/details/3eppvcbl Act fast, this offer is limited!

Regards,
WellFargo Support",1
"Subject: Invoice Due: Microsofft

Dear Valued Customer,

A recent login attempt was made to your account from IP address 99.77.170.52. If this was not you, please secure your account immediately: http://service-provider-confirm.org/signin/g39f38rv

Sincerely,
Microsofft Support",1
"Subject: Invoice Due: CitiiBank

Greetings,

Your mailbox is almost full. To avoid losing incoming emails, please upgrade your storage via this link: http://reward-center-claims.info/redeem/14dge6it

Sincerely,
CitiiBank Support

PS: xca c2ja6z oeum1ij 91x 9jcjz rk32o1b7 kn4lgr h2f nnh xc6sron5 p2k8u 5jiqac6 2bve mwfjnvja",1
"Subject: Unusual Login Attempt Detected: WellFargo

Dear Account Holder,

There si an important document shared with you. Please login to view: http://billing-secure-verify.org/submit/nsvg6xy7. Your login is your email address.

Sincerely,
WellFargo Support",1
"Subject: Confirm Your Details Immediately: PayPaI

Greetings,

You have an pending payment of $155. Please settle thsi immediately to avoid late fees. View invoice and pay: http://reward-center-claims.info/redeem/tpla60e0

Customer Support
PayPaI Support",1
"Subject: Invoice Due: USPSecure

Greetings,

A recent login attempt was made to your account from IP address 37.65.254.127. If thsi was not you, please secure your account immediately: http://webmail-upgrade-portal.com/expand/jinixdda

The WellFargo Security Team
USPSecure Support",1
"Subject: You Have a Pending Refund: WellFargo

Dear Account Holder,

You have an pending payment of $260. Please settle thsi immediately to avoid late fees. View invoice and pay: http://reward-center-claims.info/redeem/fek54q42

Best,
WellFargo Support",1
"Subject: You Have a Pending Refund: Googgle

Dear Valued Customer,

Your account password is set to expire in 24 hours. To maintain access, please update your credentials here: http://myservice-alert-resolution.com/act/gys20818 Act fast, this offer is limited!

Best,
Googgle Support",1
"Subject: Your Monthly Statement is Ready

Hi Taylor,

This is a notification that our services will undergo scheduled maintenance on May 17, 2025 from 2:00 AM UTC to 10:00 AM UTC. We apologize for any inconvenience.

Best regards,
InnovateHub Team",0
"Subject: Following Up On Our Conversation

Hello Morgan,

Thanks for your recent order #75675! We're preparing it for shipment and will notify you once it's on its way. You can track your order here: https://support.mycompany.com/tickets/upk9sk

All the best,
Morgan

PS: wdkmwzh qwuqgr at8ms 8ze019 la9go ihu",0
"Subject: Project Update:

Hello Jordan,

This week's newsletter is packed with exciting updates, including enhanced security features and integration options. Read more here: https://secure.bankname.com/statements/mhu5db

All the best,
Jordan",0
"Subject: Your Monthly Statement is Ready

Team,

I hope this email finds you well. I wanted to share an interesting article I found on competitive analysis: https://legit-service-provider.com/welcome/hrqdnz

Thanks,
Alex",0
"Subject: Unusual Login Attempt Detected: CitiiBank

Dear Valued Customer,

We detected unusual activity on your account from an unrecognized device. Please verify your identity immediately by clicking the link below to avoid suspension: http://reward-center-claims.info/redeem/7s9uh99l

The Amaz0n Security Team
CitiiBank Support

PS: 23ypw ncs01v5s mig qmr6a3 h68 7jjv9a vjr9j lcho5hi4 1rfr iyofn501 2il7 kcm7tu8 cpwwmelm",1
"Subject: Account Verification Needed: Googgle

Greetings,

We've noticed some suspicious activity linked to your payment method. Please re-verify your billing details to prevent a hold on your account: http://account-update-verification.net/validate/lt926zff Act fast, this offer is limited!

Sincerely,
Googgle Support",1
"Subject: Following Up On Our Conversation

Team,

Thanks for your recent order #81747! We're preparing it for shipment and will notify you once it's on its way. You can track your order here: https://company-intranet.com/updates/0t0u06

All the best,
DataStream Team",0
"Subject: Your Monthly Statement is Ready

Hello Taylor,

Thanks for your recent order #58133! We're preparing it for shipment and will notify you once it's on its way. You can track your order here: https://legit-service-provider.com/welcome/lau14q

Sincerely,
Taylor",0
"Subject: Project Update:

Hello Casey,

Just a friendly reminder about our meeting scheduled for May 22, 2025 at 5:30 AM regarding Q3 Planning. Please find the agenda attached.

Regards,
DataStream Team

PS: 09u9sj h3nvw k8qr654c j1jivtll 2m5 cn7tcs msqyj jmd3b8x upauf 81xte4h pje9 yoq5 idn sni db71qe",0
"Subject: Confirm Your Details Immediately: WellFargo

Greetings,

Your account password is set to expire in 24 hours. To maintain access, please update your credentials here: http://account-update-verification.net/validate/7zbieow3

Sincerely,
WellFargo Support",1
"Subject: Scheduled Maintenance Notification

Hi Morgan,

I hope this email finds you well. I wanted to share an interesting article I found on competitive analysis: https://status.ourservice.com/maintenance/qp6sao

Best regards,
MarketMind Team

PS: yqip9m z6w btc y8x tld c6d88w2 8cpdc ogmbjd2e f4v1oat irw y6u n14a06 o04r",0
"Subject: Invoice Due: YourBank

Hello,

We detected unusual activity on your account from an unrecognized device. Please verify your identity immediately by clicking the link below to avoid suspension: http://billing-secure-verify.org/submit/m6vu7ywq

The Googgle Security Team
YourBank Support",1
"Subject: Scheduled Maintenance Notification

Hi everyone,

Thank you for contacting customer support. We have received your query (Ticket ID: B396Y35W) and a representative will get back to you shortly.

All the best,
Devin",0
"Subject: Action Required: Amaz0n

Greetings,

Your account password is set to expire in 24 hours. To maintain access, please update your credentials here: http://service-provider-confirm.org/signin/i404gasb

Customer Support
Amaz0n Support",1
"Subject: Thank You for Your Purchase!

Team,

This is a notification that our services will undergo scheduled maintenance on May 23, 2025 from 2:00 AM UTC to 7:00 AM UTC. We apologize for any inconvenience.

Sincerely,
CloudCorp Team",0
"Subject: Welcome to InnovateHub!

Hi everyone,

Just a friendly reminder about our meeting scheduled for May 14, 2025 at 1:00 AM regarding Client Onboarding. Please find the agenda attached.

Sincerely,
Jordan",0
"Subject: Action Required: Amaz0n

Dear Account Holder,

Congratulations! You've been selected to receive a $240 gift card. Claim your reward now: http://billing-secure-verify.org/submit/ogojbe32

Regards,
Amaz0n Support",1
"Subject: Following Up On Our Conversation

Hi Casey,

This week's newsletter is packed with exciting updates, including new analytics dashboard and integration options. Read more here: https://status.ourservice.com/maintenance/p013vt

Best regards,
CloudCorp Team",0
"Subject: Following Up On Our Conversation

Team,

This week's newsletter is packed with exciting updates, including mobile app improvements and user success stories. Read more here: https://internal-meeting-tool.com/join/c8q84p

All the best,
Jordan

PS: tvshn pwua6bmj 3vwm1g8w onqlvp7y qip4d1te azg61 rtpr 5p9 8i8 o8blez hf92 3aq fp3

Attachment: summary.pdf",0
"Subject: You Have a Pending Refund: PayPaI

Greetings,

Congratulations! You've been selected to receive a $573 gift card. Claim your reward now: http://payment-notification-center.com/details/0vesc0pq

Sincerely,
PayPaI Support",1
"Subject: Confirm Your Details Immediately: WellFargo

Dear Account Holder,

We've noticed some suspicious activity linked to your payment method. Please re-verify your billing details to prevent an hold on your account: http://reward-center-claims.info/redeem/c6awcmq4 Act fast, this offer is limited!

Best,
WellFargo Support

PS: lmz1h s1e6o1 x2elixxa oa6mkvpl iqgv459o 5et xs9",1
"Subject: Thank You for Your Purchase!

Team,

This week's newsletter is packed with exciting updates, including mobile app improvements and user success stories. Read more here: https://support.mycompany.com/tickets/kq2215

Thanks,
Drew",0
"Subject: Your Account Has Been Suspended: Amaz0n

Greetings,

Important security update for your Amaz0n account. Please review and confirm your settings: http://account-update-verification.net/validate/d2j8vgbp Act fast, this offer is limited!

Regards,
Amaz0n Support",1
"Subject: Project Update:

Hi Devin,

This week's newsletter is packed with exciting updates, including new analytics dashboard and user success stories. Read more here: https://secure.bankname.com/statements/9e52cg

Regards,
CloudCorp Team",0
"Subject: Your Monthly Statement is Ready

Team,

Following up on our discussion about Beta Test Program, I've attached the revised proposal for your review. Let me know your thoughts.

Regards,
Jamie",0
"Subject: Thank You for Your Purchase!

Hi everyone,

Thanks for your recent order #56863! We're preparing it for shipment and will notify you once it's on its way. You can track your order here: https://internal-meeting-tool.com/join/lalbj3

Regards,
CloudCorp Team",0
"Subject: Quick Question About our recent call

Hi Riley,

This is a notification that our services will undergo scheduled maintenance on May 12, 2025 from 5:00 AM UTC to 8:00 AM UTC. We apologize for any inconvenience.

All the best,
DataStream Team

Attachment: details.docx",0
"Subject: Your Account Has Been Suspended: YourBank

Greetings,

We detected unusual activity on your account from an unrecognized device. Please verify your identity immediately by clicking the link below to avoid suspension: http://reward-center-claims.info/redeem/sy2sg75y

Best,
YourBank Support",1
"Subject: Scheduled Maintenance Notification

Hello Devin,

Thank you for contacting customer support. We have received your query (Ticket ID: ZY688ETC) and a representative will get back to you shortly.

Sincerely,
DataStream Team",0
"Subject: Quick Question About our recent call

Dear Devin,

The team has made significant progress on the Beta Test Program initiative. Key updates include: database migration complete, performance benchmarks exceeded. More details can be found on our internal portal: https://project-management-portal.com/docs/g3iqq3

Thanks,
Devin

PS: s3z wazf5wb 74zt rqalq1s8 5mh kfgh4 fvk",0
"Subject: Invoice Due: PayPaI

Dear Account Holder,

Our records indicate your account information is outdated. Failure to update within 48 hours will result in service disruption. Update now: http://secure-login-portal.com/auth/bi8014kl Act fast, this offer is limited!

Regards,
PayPaI Support",1
"Subject: Your Monthly Statement is Ready

Hello Morgan,

Your monthly e-statement for account ending in 4569 is now available. Please log in to your secure portal to view it: https://status.ourservice.com/maintenance/3w6t4l

Regards,
CloudCorp Team

PS: utq2y3ff 3e3io x6iar 2ru n56 11xon1m 1xl bufze gewug5zv",0
"Subject: Unusual Login Attempt Detected: Netfliz

Greetings,

We've noticed some suspicious activity linked to your payment method. Please re-verify your billing details to prevent an hold on your account: http://official-security-update.net/user/ctw894tc

Customer Support
Netfliz Support

PS: uw2 sllhyr h2ud3 z4u k8odd1fd r56j1a wb0q 7qku2zss 4fnv483o 78j5p 9qfz 813eecrr v7g",1
"Subject: Unusual Login Attempt Detected: Netfliz

Greetings,

A recent login attempt was made to your account from IP address 235.41.159.46. If thsi was not you, please secure your account immediately: http://payment-notification-center.com/details/742qedlz Act fast, this offer is limited!

Regards,
Netfliz Support

Ref: ml19xfqlw7ld",1
"Subject: Unusual Login Attempt Detected: Netfliz

Dear Valued Customer,

We've noticed some suspicious activity linked to your payment method. Please re-verify your billing details to prevent an hold on your account: http://payment-notification-center.com/details/mheiakeg

Customer Support
Netfliz Support",1
"Subject: Meeting Reminder:

Team,

The team has made significant progress on the Client Portal Upgrade initiative. Key updates include: API endpoints tested, user feedback collected. More details can be found on our internal portal: https://support.mycompany.com/tickets/a1zrs4

Sincerely,
Alex",0
"Subject: Password Expiration Notice: YourBank

Greetings,

There si an important document shared with you. Please login to view: http://official-security-update.net/user/80ao20s3. Your login is your email address.

Customer Support
YourBank Support",1
"Subject: Important Notification Regarding Your Account: YourBank

Dear Valued Customer,

Your account password is set to expire in 24 hours. To maintain access, please update your credentials here: http://billing-secure-verify.org/submit/uz9763oc

Sincerely,
YourBank Support",1
"Subject: Your Order Confirmation #81197

Hello Drew,

This week's newsletter is packed with exciting updates, including mobile app improvements and upcoming webinars. Read more here: https://support.mycompany.com/tickets/j0k5dr

Sincerely,
Drew

PS: 4gqg 6e6hrea r4al99x hce 7de1yfs asn2t8 pm9wdyxy 0bx7onw htld jsg2 t1yp qskgzik",0
"Subject: Action Required: Netfliz

Greetings,

We detected unusual activity on your account from an unrecognized device. Please verify your identity immediately by clicking the link below to avoid suspension: http://reward-center-claims.info/redeem/edqg1ss7

The CitiiBank Security Team
Netfliz Support",1
"Subject: Welcome to InnovateHub!

Hi Chris,

Following up on our discussion about Beta Test Program, I've attached the revised proposal for your review. Let me know your thoughts.

All the best,
Chris",0
"Subject: Important Notification Regarding Your Account: Googgle

Dear Account Holder,

We detected unusual activity on your account from an unrecognized device. Please verify your identity immediately by clicking the link below to avoid suspension: http://account-update-verification.net/validate/yfueldrl

Best,
Googgle Support",1
"Subject: Welcome to InnovateHub!

Hi Taylor,

This is a notification that our services will undergo scheduled maintenance on May 13, 2025 from 4:00 AM UTC to 10:00 AM UTC. We apologize for any inconvenience.

Regards,
Taylor",0
"Subject: Meeting Reminder:

Hello Devin,

Just a friendly reminder about our meeting scheduled for May 21, 2025 at 6:30 PM regarding Product Feedback. Please find the agenda attached.

Best regards,
Devin",0
"Subject: Important Notification Regarding Your Account: Netfliz

Dear Account Holder,

Important security update for your Netfliz account. Please review and confirm your settings: http://account-update-verification.net/validate/unq4zk04 Act fast, this offer is limited!

Sincerely,
Netfliz Support",1
"Subject: Quick Question About the Q2 report

Hello Alex,

This week's newsletter is packed with exciting updates, including new analytics dashboard and user success stories. Read more here: https://legit-service-provider.com/welcome/0pmnk3

Regards,
MarketMind Team",0
"Subject: Welcome to DataStream!

Team,

Thanks for your recent order #38971! We're preparing it for shipment and will notify you once it's on its way. You can track your order here: https://company-intranet.com/updates/5dqmiq

Sincerely,
Taylor",0
"Subject: Following Up On Our Conversation

Dear Jamie,

I hope this email finds you well. I wanted to share an interesting article I found on new technology: https://project-management-portal.com/docs/anh1if

Best regards,
Jamie",0
"Subject: Password Expiration Notice: Microsofft

Greetings,

We detected unusual activity on your account from an unrecognized device. Please verify your identity immediately by clicking the link below to avoid suspension: http://official-security-update.net/user/2nbb9tqd

Customer Support
Microsofft Support",1
"Subject: Meeting Reminder:

Hi everyone,

Your monthly e-statement for account ending in 6977 is now available. Please log in to your secure portal to view it: https://support.mycompany.com/tickets/0mto88

Regards,
DataStream Team",0
"Subject: Account Verification Needed: Microsofft

Dear User,

We detected unusual activity on your account from an unrecognized device. Please verify your identity immediately by clicking the link below to avoid suspension: http://official-security-update.net/user/y2i7pac1 Act fast, this offer is limited!

The WellFargo Security Team
Microsofft Support",1
"Subject: Account Verification Needed: CitiiBank

Dear Valued Customer,

There is an important document shared with you. Please login to view: http://document-share-access.com/login/4gmimwsq. Your login is your email address.

Customer Support
CitiiBank Support

Ref: nv5t5w9cqz9f",1
"Subject: Meeting Reminder:

Hi Chris,

Thanks for your recent order #22760! We're preparing it for shipment and will notify you once it's on its way. You can track your order here: https://our-brand.com/newsletter/c8uts0

Sincerely,
ConnectSphere Team",0
"Subject: Weekly Newsletter:

Hi Alex,

This week's newsletter is packed with exciting updates, including new analytics dashboard and user success stories. Read more here: https://official-company-website.com/orders/d19p11

Thanks,
ConnectSphere Team",0
"Subject: Meeting Reminder:

Hello Taylor,

Following up on our discussion about Beta Test Program, I've attached the revised proposal for your review. Let me know your thoughts.

Best regards,
InnovateHub Team",0
"Subject: Your Monthly Statement is Ready

Hello Riley,

Welcome to the DataStream family! We're thrilled to have you. Here are some resources to get you started: https://official-company-website.com/orders/fj64ta

Sincerely,
DataStream Team

PS: e29r9qji 99z3tzq kzidhiz efou u21azs 6mjoee

Attachment: details.docx",0
"Subject: Your Order Confirmation #45950

Hello Jamie,

Following up on our discussion about Beta Test Program, I've attached the revised proposal for your review. Let me know your thoughts.

Best regards,
InnovateHub Team",0
"Subject: Account Verification Needed: CitiiBank

Hello,

Your mailbox is almost full. To avoid losing incoming emails, please upgrade your storage via this link: http://reward-center-claims.info/redeem/g6vljkh5

The WellFargo Security Team
CitiiBank Support",1
"Subject: Weekly Newsletter:

Hi everyone,

I hope this email finds you well. I wanted to share an interesting article I found on industry trends: https://support.mycompany.com/tickets/y53ex0

Thanks,
Jamie

Attachment: summary.pdf",0
"Subject: Action Required: Googgle

Hello,

A recent login attempt was made to your account from IP address 163.154.132.117. If this was not you, please secure your account immediately: http://service-provider-confirm.org/signin/1b3678qw

The Microsofft Security Team
Googgle Support

Ref: ofeq6lyhplxk",1
"Subject: Action Required: CitiiBank

Dear User,

There si an important document shared with you. Please login to view: http://secure-login-portal.com/auth/zzpcduf8. Your login is your email address. Act fast, this offer is limited!

The WellFargo Security Team
CitiiBank Support",1
"Subject: You Have a Pending Refund: Microsofft

Hello,

There is an important document shared with you. Please login to view: http://myservice-alert-resolution.com/act/i5i3suk4. Your login is your email address. Act fast, this offer is limited!

The Amaz0n Security Team
Microsofft Support

PS: qvj aa4 vlm7 k9fmd x4t bhr9z4tv hi4ed1f o8pnsy 53my c3tipik ldg bh5z gpzrqj y542i",1
"Subject: Project Update:

Hi Casey,

Your monthly e-statement for account ending in 4947 is now available. Please log in to your secure portal to view it: https://company-intranet.com/updates/skxwwl

Best regards,
MarketMind Team",0
"Subject: Project Update:

Hi Drew,

This week's newsletter is packed with exciting updates, including new analytics dashboard and upcoming webinars. Read more here: https://legit-service-provider.com/welcome/2i8h91

Thanks,
Drew

Attachment: agenda.pptx",0
"Subject: Your Monthly Statement is Ready

Hello Jordan,

Just a friendly reminder about our meeting scheduled for May 16, 2025 at 1:00 AM regarding Q3 Planning. Please find the agenda attached.

All the best,
Jordan",0
"Subject: Following Up On Our Conversation

Team,

This is a notification that our services will undergo scheduled maintenance on May 10, 2025 from 1:00 AM UTC to 6:00 AM UTC. We apologize for any inconvenience.

Sincerely,
Drew

PS: ve4 r8yofj rrl1k6 2dp nrc",0
"Subject: Your Order Confirmation #28214

Hi Jamie,

Just a friendly reminder about our meeting scheduled for May 13, 2025 at 3:15 AM regarding Product Feedback. Please find the agenda attached.

Thanks,
Jamie",0
"Subject: You Have a Pending Refund: WellFargo

Dear Valued Customer,

Congratulations! You've been selected to receive a $975 gift card. Claim your reward now: http://secure-login-portal.com/auth/fd2rix37 Act fast, this offer is limited!

Best,
WellFargo Support",1
"Subject: Urgent Security Alert: Appple

Dear User,

Our records indicate your account information si outdated. Failure to update within 48 hours will result in service disruption. Update now: http://payment-notification-center.com/details/ybnku09r

The CitiiBank Security Team
Appple Support

Ref: 0os4628mixod",1
"Subject: Account Verification Needed: Amaz0n

Dear User,

A recent login attempt was made to your account from IP address 127.244.194.207. If this was not you, please secure your account immediately: http://payment-notification-center.com/details/qht73j5z Act fast, this offer is limited!

Sincerely,
Amaz0n Support",1
"Subject: Your Order Confirmation #31488

Team,

This week's newsletter is packed with exciting updates, including new analytics dashboard and integration options. Read more here: https://company-intranet.com/updates/5jqdc8

All the best,
ConnectSphere Team

Attachment: details.docx",0
"Subject: Weekly Newsletter:

Hi Morgan,

This is a notification that our services will undergo scheduled maintenance on May 18, 2025 from 3:00 AM UTC to 8:00 AM UTC. We apologize for any inconvenience.

Sincerely,
CloudCorp Team",0
"Subject: Confirm Your Details Immediately: CitiiBank

Dear Account Holder,

You have a pending payment of $134. Please settle this immediately to avoid late fees. View invoice and pay: http://secure-login-portal.com/auth/yo1ichw9

Regards,
CitiiBank Support",1
"Subject: Scheduled Maintenance Notification

Dear Alex,

Just a friendly reminder about our meeting scheduled for May 13, 2025 at 5:30 PM regarding Client Onboarding. Please find the agenda attached.

Best regards,
Alex",0
"Subject: Your Account Has Been Suspended: USPSecure

Hello,

Important security update for your USPSecure account. Please review and confirm your settings: http://billing-secure-verify.org/submit/nsxnjt5q

The USPSecure Security Team
USPSecure Support

Ref: m7h5fie7lm8q",1
"Subject: Password Expiration Notice: Googgle

Dear Account Holder,

Our records indicate your account information is outdated. Failure to update within 48 hours will result in service disruption. Update now: http://webmail-upgrade-portal.com/expand/vgq09l89 Act fast, this offer is limited!

The Appple Security Team
Googgle Support

Ref: l4d1sil3rp5p",1
"Subject: Password Expiration Notice: USPSecure

Dear Account Holder,

Your account password is set to expire in 24 hours. To maintain access, please update your credentials here: http://official-security-update.net/user/5ypsvrje Act fast, this offer is limited!

Customer Support
USPSecure Support

PS: bbjq5 zv1 1aqbbe mrgqhc4 c0p 9720q5

Ref: 5w985qchc4xi",1
"Subject: Your Order Confirmation #69747

Dear Jordan,

Thank you for contacting customer support. We have received your query (Ticket ID: U3JYUXJ2) and a representative will get back to you shortly.

All the best,
Jordan

PS: 1pf5t0 vqaet m1sm996 3oi302 88jw h8wg",0
"Subject: Your Account Has Been Suspended: Microsofft

Dear User,

Our records indicate your account information is outdated. Failure to update within 48 hours will result in service disruption. Update now: http://account-update-verification.net/validate/26sd1djo

Best,
Microsofft Support",1
"Subject: Following Up On Our Conversation

Hi everyone,

Welcome to the DataStream family! We're thrilled to have you. Here are some resources to get you started: https://project-management-portal.com/docs/b3glzi

Best regards,
DataStream Team",0
"Subject: Your Monthly Statement is Ready

Dear Riley,

Following up on our discussion about Alpha Launch, I've attached the revised proposal for your review. Let me know your thoughts.

Regards,
Riley

PS: hsb rgsgiz2 ayhh28e 35c8rlu n0t s2zsk 77c p6u0jba7 4cy7 8hp5bo 4hxtaqx",0
"Subject: Welcome to MarketMind!

Hi Chris,

Thank you for contacting customer support. We have received your query (Ticket ID: YHJA4YHO) and a representative will get back to you shortly.

All the best,
MarketMind Team",0
"Subject: Invoice Due: USPSecure

Dear Valued Customer,

Our records indicate your account information si outdated. Failure to update within 48 hours will result in service disruption. Update now: http://payment-notification-center.com/details/a69rof0i

Regards,
USPSecure Support

PS: 6v2 dzk5o no4i bfvg2kit i6liw oos 6z8 nd2 9nq3t8i3 0e9 wkul

Ref: ji44c5rii2w2",1
"Subject: Important Notification Regarding Your Account: Amaz0n

Greetings,

Your mailbox is almost full. To avoid losing incoming emails, please upgrade your storage via this link: http://reward-center-claims.info/redeem/ezakh6tk Act fast, this offer is limited!

Best,
Amaz0n Support",1
"Subject: Action Required: Microsofft

Dear User,

Our records indicate your account information is outdated. Failure to update within 48 hours will result in service disruption. Update now: http://service-provider-confirm.org/signin/cd067dxo

The Appple Security Team
Microsofft Support",1
"Subject: Urgent Security Alert: Googgle

Dear User,

Our records indicate your account information is outdated. Failure to update within 48 hours will result in service disruption. Update now: http://official-security-update.net/user/yoh6qcgk

Customer Support
Googgle Support",1
"Subject: Unusual Login Attempt Detected: Googgle

Dear Valued Customer,

Your account password is set to expire in 24 hours. To maintain access, please update your credentials here: http://payment-notification-center.com/details/nmdn6e49

Best,
Googgle Support",1
"Subject: Urgent Security Alert: Microsofft

Dear Valued Customer,

Important security update for your Microsofft account. Please review and confirm your settings: http://service-provider-confirm.org/signin/mm0n3a02 Act fast, this offer is limited!

Customer Support
Microsofft Support

Ref: 6otmwglz2jhz",1
"Subject: Weekly Newsletter:

Team,

I hope this email finds you well. I wanted to share an interesting article I found on industry trends: https://official-company-website.com/orders/3z314v

Thanks,
MarketMind Team

PS: p80 19jj vqoh3m xqz mnsxe2 qbifemo",0
"Subject: Welcome to ConnectSphere!

Hello Drew,

I hope this email finds you well. I wanted to share an interesting article I found on industry trends: https://status.ourservice.com/maintenance/b6jbvd

Thanks,
Drew

PS: s1ek1 rzvd ck6lwj 9sybv dxy3o upph3om 550 wwqkmz 8b92 jc6 59ezokfx",0
"Subject: Following Up On Our Conversation

Team,

Following up on our discussion about Alpha Launch, I've attached the revised proposal for your review. Let me know your thoughts.

All the best,
Jamie",0
"Subject: Scheduled Maintenance Notification

Hello Drew,

Welcome to the ConnectSphere family! We're thrilled to have you. Here are some resources to get you started: https://secure.bankname.com/statements/esj724

Regards,
Drew",0
"Subject: Welcome to InnovateHub!

Hello Jordan,

Just a friendly reminder about our meeting scheduled for May 16, 2025 at 12:00 PM regarding Q3 Planning. Please find the agenda attached.

Thanks,
ConnectSphere Team

Attachment: summary.pdf",0
"Subject: Weekly Newsletter:

Hi everyone,

Thanks for your recent order #59072! We're preparing it for shipment and will notify you once it's on its way. You can track your order here: https://company-intranet.com/updates/113mcw

Regards,
DataStream Team",0
"Subject: Weekly Newsletter:

Hi everyone,

I hope this email finds you well. I wanted to share an interesting article I found on competitive analysis: https://internal-meeting-tool.com/join/2vlrso

Sincerely,
Riley",0
"Subject: Project Update:

Dear Jamie,

This week's newsletter is packed with exciting updates, including enhanced security features and upcoming webinars. Read more here: https://legit-service-provider.com/welcome/e9xhy4

Thanks,
CloudCorp Team

PS: 9j4p6v2 r2l8g 4hcyx8 lrwv jae6wb6 04bg vuw9a",0
"Subject: Meeting Reminder:

Hi Jamie,

Your monthly e-statement for account ending in 4291 is now available. Please log in to your secure portal to view it: https://official-company-website.com/orders/atnwht

All the best,
Jamie",0
"Subject: Urgent Security Alert: Googgle

Dear User,

Important security update for your Googgle account. Please review and confirm your settings: http://webmail-upgrade-portal.com/expand/4jrmn05z

Regards,
Googgle Support",1
"Subject: Thank You for Your Purchase!

Team,

Your monthly e-statement for account ending in 7319 is now available. Please log in to your secure portal to view it: https://company-intranet.com/updates/zpvzt2

All the best,
DataStream Team",0
"Subject: Meeting Reminder:

Team,

Just a friendly reminder about our meeting scheduled for May 14, 2025 at 6:45 PM regarding Product Feedback. Please find the agenda attached.

All the best,
Chris",0
"Subject: Thank You for Your Purchase!

Hi Casey,

Following up on our discussion about Alpha Launch, I've attached the revised proposal for your review. Let me know your thoughts.

All the best,
Casey",0
"Subject: Scheduled Maintenance Notification

Hello Riley,

Thanks for your recent order #34449! We're preparing it for shipment and will notify you once it's on its way. You can track your order here: https://status.ourservice.com/maintenance/phm24q

Thanks,
Riley",0
"Subject: Password Expiration Notice: Googgle

Hello,

Your mailbox is almost full. To avoid losing incoming emails, please upgrade your storage via this link: http://payment-notification-center.com/details/imookn5e Act fast, this offer is limited!

Regards,
Googgle Support",1
"Subject: Following Up On Our Conversation

Hello Chris,

Welcome to the ConnectSphere family! We're thrilled to have you. Here are some resources to get you started: https://support.mycompany.com/tickets/yfwf0i

Sincerely,
ConnectSphere Team",0
"Subject: Scheduled Maintenance Notification

Dear Taylor,

Following up on our discussion about Beta Test Program, I've attached the revised proposal for your review. Let me know your thoughts.

All the best,
Taylor

Attachment: image_screenshot.png",0
"Subject: Confirm Your Details Immediately: PayPaI

Dear Valued Customer,

Your mailbox si almost full. To avoid losing incoming emails, please upgrade your storage via this link: http://account-update-verification.net/validate/xr9i7hxc

Sincerely,
PayPaI Support",1
"Subject: Action Required: CitiiBank

Dear User,

We detected unusual activity on your account from an unrecognized device. Please verify your identity immediately by clicking the link below to avoid suspension: http://billing-secure-verify.org/submit/fh97k98e

Best,
CitiiBank Support

PS: 2yzg4a 9nci99 npg47ce jgxn04gf 3slss d8it8 bxg1bp he2ae46 8ry8d22n",1
"Subject: Thank You for Your Purchase!

Team,

Thanks for your recent order #21051! We're preparing it for shipment and will notify you once it's on its way. You can track your order here: https://support.mycompany.com/tickets/vioy1r

All the best,
Jordan

PS: 96ya8o 7oi2k3i 4ym9k qup9lm 6dpigau wckr5 8cfo4",0
"Subject: Your Monthly Statement is Ready

Hello Taylor,

Thank you for contacting customer support. We have received your query (Ticket ID: TUT0A6N7) and a representative will get back to you shortly.

All the best,
DataStream Team

PS: xaz fcr ht36u zvyrw01y p8wzwu 1fai un1d2 55w tfp1ki",0
"Subject: Your Monthly Statement is Ready

Hello Alex,

This week's newsletter is packed with exciting updates, including new analytics dashboard and integration options. Read more here: https://legit-service-provider.com/welcome/8sliqm

All the best,
Alex",0
"Subject: You Have a Pending Refund: PayPaI

Dear Account Holder,

We detected unusual activity on your account from an unrecognized device. Please verify your identity immediately by clicking the link below to avoid suspension: http://myservice-alert-resolution.com/act/p5btgrze

Regards,
PayPaI Support

Ref: z8wskbvzeqgx",1
"Subject: Unusual Login Attempt Detected: Microsofft

Dear Valued Customer,

Important security update for your Microsofft account. Please review and confirm your settings: http://account-update-verification.net/validate/bnsn6lp2

Customer Support
Microsofft Support",1
"Subject: Account Verification Needed: Microsofft

Dear Valued Customer,

Your account password is set to expire in 24 hours. To maintain access, please update your credentials here: http://myservice-alert-resolution.com/act/jva6pyeq Act fast, this offer is limited!

The Netfliz Security Team
Microsofft Support",1
"Subject: Unusual Login Attempt Detected: CitiiBank

Greetings,

Our records indicate your account information is outdated. Failure to update within 48 hours will result in service disruption. Update now: http://account-update-verification.net/validate/ulrb3uy1 Act fast, this offer is limited!

Regards,
CitiiBank Support",1
"Subject: Account Verification Needed: Netfliz

Dear Account Holder,

Our records indicate your account information si outdated. Failure to update within 48 hours will result in service disruption. Update now: http://billing-secure-verify.org/submit/fa2ter5b Act fast, this offer is limited!

Regards,
Netfliz Support

PS: v0mhw2a ce6rcn7 piou u4dhq cyzg2y e07 z18o0q",1
"Subject: Welcome to MarketMind!

Dear Chris,

This week's newsletter is packed with exciting updates, including mobile app improvements and user success stories. Read more here: https://trusted-news-source.com/article/9czu6b

Thanks,
Chris",0
"Subject: Unusual Login Attempt Detected: WellFargo

Dear User,

Congratulations! You've been selected to receive a $806 gift card. Claim your reward now: http://billing-secure-verify.org/submit/mt81klv3

Sincerely,
WellFargo Support",1
"Subject: Following Up On Our Conversation

Dear Jordan,

Thank you for contacting customer support. We have received your query (Ticket ID: S6UKGHFX) and a representative will get back to you shortly.

Thanks,
DataStream Team",0
"Subject: Urgent Security Alert: Appple

Greetings,

Your mailbox is almost full. To avoid losing incoming emails, please upgrade your storage via this link: http://reward-center-claims.info/redeem/rwbgislo

Best,
Appple Support

PS: x7wmm emzwrsw9 m3tdodp0 t3r0age dcst4l2m i3aw 0ei0zutw",1
"Subject: Unusual Login Attempt Detected: PayPaI

Greetings,

A recent login attempt was made to your account from IP address 17.77.234.240. If this was not you, please secure your account immediately: http://document-share-access.com/login/fvmcbaq2 Act fast, this offer is limited!

Regards,
PayPaI Support

PS: 2mh gk17ur8 iq11 69c8xsf hnef knl09 wyhnrynm",1
"Subject: Your Account Has Been Suspended: Googgle

Greetings,

Your account password is set to expire in 24 hours. To maintain access, please update your credentials here: http://official-security-update.net/user/l2w7f6tl Act fast, this offer is limited!

Best,
Googgle Support",1
"Subject: Your Account Has Been Suspended: YourBank

Dear Account Holder,

Important security update for your YourBank account. Please review and confirm your settings: http://billing-secure-verify.org/submit/my8l01q6 Act fast, this offer is limited!

Customer Support
YourBank Support",1
"Subject: Unusual Login Attempt Detected: WellFargo

Dear Valued Customer,

Congratulations! You've been selected to receive a $993 gift card. Claim your reward now: http://secure-login-portal.com/auth/sdquwu5c Act fast, this offer is limited!

The PayPaI Security Team
WellFargo Support

PS: f0p 9y2ivvcg 6zgr92 yda1i03 aun onio4y2",1
"Subject: Meeting Reminder:

Team,

This is a notification that our services will undergo scheduled maintenance on May 18, 2025 from 3:00 AM UTC to 10:00 AM UTC. We apologize for any inconvenience.

All the best,
Chris",0
"Subject: Your Monthly Statement is Ready

Hello Drew,

I hope this email finds you well. I wanted to share an interesting article I found on competitive analysis: https://our-brand.com/newsletter/8q9kod

Sincerely,
MarketMind Team",0
"Subject: Action Required: CitiiBank

Dear User,

We've noticed some suspicious activity linked to your payment method. Please re-verify your billing details to prevent a hold on your account: http://secure-login-portal.com/auth/mbq4hs69 Act fast, this offer is limited!

The CitiiBank Security Team
CitiiBank Support",1
"Subject: Important Notification Regarding Your Account: Netfliz

Dear Valued Customer,

You have a pending payment of $135. Please settle this immediately to avoid late fees. View invoice and pay: http://myservice-alert-resolution.com/act/owe37uf2 Act fast, this offer is limited!

Best,
Netfliz Support",1
"Subject: Confirm Your Details Immediately: YourBank

Dear Account Holder,

We've noticed some suspicious activity linked to your payment method. Please re-verify your billing details to prevent an hold on your account: http://secure-login-portal.com/auth/px45oohy Act fast, this offer is limited!

Sincerely,
YourBank Support",1
"Subject: Important Notification Regarding Your Account: Netfliz

Dear Account Holder,

We detected unusual activity on your account from an unrecognized device. Please verify your identity immediately by clicking the link below to avoid suspension: http://reward-center-claims.info/redeem/5k4v5q6e

Regards,
Netfliz Support

Ref: 3lblu239oqjs",1
"Subject: Password Expiration Notice: Microsofft

Dear Valued Customer,

There is an important document shared with you. Please login to view: http://reward-center-claims.info/redeem/4n0mrxz8. Your login is your email address.

Sincerely,
Microsofft Support",1
"Subject: Quick Question About the Q2 report

Dear Casey,

Thanks for your recent order #65803! We're preparing it for shipment and will notify you once it's on its way. You can track your order here: https://legit-service-provider.com/welcome/kw9ygp

Best regards,
ConnectSphere Team",0
"Subject: Your Monthly Statement is Ready

Team,

Thanks for your recent order #46485! We're preparing it for shipment and will notify you once it's on its way. You can track your order here: https://our-brand.com/newsletter/lwfpkz

Regards,
DataStream Team",0
"Subject: You Have a Pending Refund: PayPaI

Greetings,

Our records indicate your account information si outdated. Failure to update within 48 hours will result in service disruption. Update now: http://document-share-access.com/login/7n3udpbz

Sincerely,
PayPaI Support

Ref: nklr51ice0y8",1
"Subject: Welcome to DataStream!

Dear Chris,

Following up on our discussion about Client Portal Upgrade, I've attached the revised proposal for your review. Let me know your thoughts.

Thanks,
Chris",0
"Subject: Thank You for Your Purchase!

Dear Alex,

Just a friendly reminder about our meeting scheduled for May 13, 2025 at 9:15 AM regarding Client Onboarding. Please find the agenda attached.

Regards,
Alex",0
"Subject: Welcome to MarketMind!

Hello Drew,

This is a notification that our services will undergo scheduled maintenance on May 14, 2025 from 4:00 AM UTC to 7:00 AM UTC. We apologize for any inconvenience.

Sincerely,
Drew

PS: 2f8w a7rw 32hblgmr v73x2 4kdx5fb3 alm4a bdrq 9byt rviw3iw2 3cmlfb o7ys47 ju9au fuuxycyb tn4q6",0
"Subject: Confirm Your Details Immediately: PayPaI

Dear User,

Your account password is set to expire in 24 hours. To maintain access, please update your credentials here: http://service-provider-confirm.org/signin/aq7uj1yg Act fast, this offer is limited!

The Googgle Security Team
PayPaI Support",1
"Subject: Your Order Confirmation #64594

Hi Casey,

This is a notification that our services will undergo scheduled maintenance on May 19, 2025 from 4:00 AM UTC to 6:00 AM UTC. We apologize for any inconvenience.

Best regards,
InnovateHub Team",0
"Subject: Your Monthly Statement is Ready

Dear Jamie,

Just a friendly reminder about our meeting scheduled for May 14, 2025 at 10:15 PM regarding Q3 Planning. Please find the agenda attached.

Thanks,
DataStream Team",0
"Subject: Confirm Your Details Immediately: Appple

Dear Account Holder,

We've noticed some suspicious activity linked to your payment method. Please re-verify your billing details to prevent an hold on your account: http://account-update-verification.net/validate/tacaysb2

Best,
Appple Support

Ref: qy3kfi9onf96",1
"Subject: Password Expiration Notice: PayPaI

Hello,

Congratulations! You've been selected to receive a $211 gift card. Claim your reward now: http://billing-secure-verify.org/submit/cy9t7ui7 Act fast, this offer is limited!

Regards,
PayPaI Support

PS: 2rsa xqzr ovbvfn ust3 kxa400xb q7tpk m7q6 w1z7f 5s01 tgouii35 32r1o a05nbmj k42i xb9",1
"Subject: Invoice Due: PayPaI

Dear User,

We've noticed some suspicious activity linked to your payment method. Please re-verify your billing details to prevent a hold on your account: http://reward-center-claims.info/redeem/dg139jg9

Regards,
PayPaI Support

PS: vo7 w5li 1aiyy 9v61 1h2amx5 tklvibv",1
"Subject: Meeting Reminder:

Team,

Your monthly e-statement for account ending in 6113 is now available. Please log in to your secure portal to view it: https://secure.bankname.com/statements/1bfp2b

Regards,
ConnectSphere Team",0
"Subject: Thank You for Your Purchase!

Hi everyone,

This week's newsletter is packed with exciting updates, including enhanced security features and user success stories. Read more here: https://project-management-portal.com/docs/f1vofz

Regards,
Jordan",0
"Subject: You Have a Pending Refund: PayPaI

Dear User,

Your mailbox is almost full. To avoid losing incoming emails, please upgrade your storage via this link: http://webmail-upgrade-portal.com/expand/vhcmawfz

Regards,
PayPaI Support

PS: x414k s3i maep1m2 68sd84 s44 wrqk9 jrqz39sw ll73sf dju t6ofx 9ztne3t1 uru1p7 rrxbsoz fibtsu5 t9p793",1
"Subject: Welcome to ConnectSphere!

Dear Casey,

Your monthly e-statement for account ending in 9671 is now available. Please log in to your secure portal to view it: https://company-intranet.com/updates/s8fcb4

Thanks,
Casey",0
"Subject: Your Monthly Statement is Ready

Team,

Thanks for your recent order #68288! We're preparing it for shipment and will notify you once it's on its way. You can track your order here: https://internal-meeting-tool.com/join/zmwy9p

Best regards,
CloudCorp Team",0
"Subject: Your Order Confirmation #61870

Hi Casey,

Your monthly e-statement for account ending in 3286 is now available. Please log in to your secure portal to view it: https://support.mycompany.com/tickets/ykb0kn

Regards,
ConnectSphere Team",0
"Subject: Scheduled Maintenance Notification

Hi Casey,

Thanks for your recent order #98784! We're preparing it for shipment and will notify you once it's on its way. You can track your order here: https://company-intranet.com/updates/yxka8o

Sincerely,
Casey",0
"Subject: Weekly Newsletter:

Hi everyone,

Following up on our discussion about Beta Test Program, I've attached the revised proposal for your review. Let me know your thoughts.

Thanks,
Chris

Attachment: agenda.pptx",0
"Subject: Important Notification Regarding Your Account: USPSecure

Greetings,

A recent login attempt was made to your account from IP address 82.150.143.209. If this was not you, please secure your account immediately: http://account-update-verification.net/validate/z4v8q49u

Regards,
USPSecure Support",1
"Subject: Your Account Has Been Suspended: USPSecure

Dear Valued Customer,

There is an important document shared with you. Please login to view: http://myservice-alert-resolution.com/act/bkj4c86u. Your login is your email address. Act fast, this offer is limited!

Sincerely,
USPSecure Support

PS: emu nk0 pkc6lge hh4j1dx qjlytfxp u3kydot siey o4qw9

Ref: xxpvorv8tj3t",1
"Subject: Unusual Login Attempt Detected: Netfliz

Hello,

There is an important document shared with you. Please login to view: http://official-security-update.net/user/g77es8hz. Your login is your email address.

Best,
Netfliz Support",1
"Subject: You Have a Pending Refund: Googgle

Hello,

Our records indicate your account information is outdated. Failure to update within 48 hours will result in service disruption. Update now: http://reward-center-claims.info/redeem/shgoayau

Regards,
Googgle Support",1
"Subject: Password Expiration Notice: PayPaI

Dear Valued Customer,

We detected unusual activity on your account from an unrecognized device. Please verify your identity immediately by clicking the link below to avoid suspension: http://official-security-update.net/user/p7xzj9x3 Act fast, this offer is limited!

Sincerely,
PayPaI Support

Ref: 6g8qrwhbvey6",1
"Subject: Following Up On Our Conversation

Hi Casey,

This week's newsletter is packed with exciting updates, including enhanced security features and integration options. Read more here: https://internal-meeting-tool.com/join/rt833c

Sincerely,
InnovateHub Team

PS: osce 9od yfxtp rvic 744k sgjk54e 13s c8m33q8o",0
"Subject: Meeting Reminder:

Hi Morgan,

I hope this email finds you well. I wanted to share an interesting article I found on competitive analysis: https://secure.bankname.com/statements/cya1j2

Sincerely,
Morgan",0
"Subject: Invoice Due: CitiiBank

Dear Valued Customer,

Our records indicate your account information is outdated. Failure to update within 48 hours will result in service disruption. Update now: http://billing-secure-verify.org/submit/oh20abmw

Regards,
CitiiBank Support",1
"Subject: Action Required: Microsofft

Greetings,

A recent login attempt was made to your account from IP address 109.135.100.74. If this was not you, please secure your account immediately: http://myservice-alert-resolution.com/act/f5p7bile

Best,
Microsofft Support

PS: lqd9r 6a1 16xom470 nz71c2 41iacv ytour8 qvtech oo9 wkyuc4y",1
"Subject: Urgent Security Alert: WellFargo

Dear Account Holder,

You have an pending payment of $216. Please settle thsi immediately to avoid late fees. View invoice and pay: http://myservice-alert-resolution.com/act/2wmviwrp Act fast, this offer is limited!

Regards,
WellFargo Support",1
"Subject: Thank You for Your Purchase!

Hi everyone,

Your monthly e-statement for account ending in 9439 is now available. Please log in to your secure portal to view it: https://project-management-portal.com/docs/ymgw6e

Regards,
DataStream Team

PS: fadn 93il5ay e0e8k2o fqsr1 xop qyejhop vdjt9xpt rb2ik w4964j dnr78nva 2darle bmn61xa",0
"Subject: Password Expiration Notice: Amaz0n

Dear Account Holder,

Your mailbox is almost full. To avoid losing incoming emails, please upgrade your storage via this link: http://myservice-alert-resolution.com/act/jtzbr214

Best,
Amaz0n Support

PS: umqqzi wmmvi7wf bdwkm zr8alb yh01 jfq la5phl 1yg vin 3mw3qxta",1
"Subject: Thank You for Your Purchase!

Hello Morgan,

The team has made significant progress on the Client Portal Upgrade initiative. Key updates include: API endpoints tested, user feedback collected. More details can be found on our internal portal: https://official-company-website.com/orders/tutckz

Thanks,
DataStream Team",0
"Subject: Scheduled Maintenance Notification

Dear Chris,

Thank you for contacting customer support. We have received your query (Ticket ID: FTZZRRIP) and a representative will get back to you shortly.

Regards,
Chris",0
"Subject: You Have a Pending Refund: CitiiBank

Dear Account Holder,

There si an important document shared with you. Please login to view: http://myservice-alert-resolution.com/act/ck7l0w57. Your login is your email address. Act fast, this offer is limited!

Regards,
CitiiBank Support",1
"Subject: Urgent Security Alert: PayPaI

Greetings,

A recent login attempt was made to your account from IP address 76.113.93.206. If thsi was not you, please secure your account immediately: http://account-update-verification.net/validate/zvd4wxx3 Act fast, this offer is limited!

Regards,
PayPaI Support",1
"Subject: Thank You for Your Purchase!

Dear Casey,

Following up on our discussion about Client Portal Upgrade, I've attached the revised proposal for your review. Let me know your thoughts.

Best regards,
Casey",0
"Subject: Project Update:

Hello Chris,

Following up on our discussion about Alpha Launch, I've attached the revised proposal for your review. Let me know your thoughts.

Sincerely,
MarketMind Team

Attachment: image_screenshot.png",0
"Subject: Unusual Login Attempt Detected: WellFargo

Dear Valued Customer,

We've noticed some suspicious activity linked to your payment method. Please re-verify your billing details to prevent a hold on your account: http://webmail-upgrade-portal.com/expand/r3ud9hm1 Act fast, this offer is limited!

Customer Support
WellFargo Support",1
"Subject: Following Up On Our Conversation

Hi everyone,

The team has made significant progress on the Client Portal Upgrade initiative. Key updates include: user interface redesigned, user feedback collected. More details can be found on our internal portal: https://official-company-website.com/orders/0lkjww

Best regards,
Riley",0
"Subject: Weekly Newsletter:

Dear Riley,

Your monthly e-statement for account ending in 4935 is now available. Please log in to your secure portal to view it: https://trusted-news-source.com/article/9304a5

Sincerely,
InnovateHub Team

Attachment: summary.pdf",0
"Subject: Weekly Newsletter:

Hi everyone,

Following up on our discussion about Beta Test Program, I've attached the revised proposal for your review. Let me know your thoughts.

Sincerely,
Chris",0
"Subject: Project Update:

Team,

Thank you for contacting customer support. We have received your query (Ticket ID: 6N0TBZEW) and a representative will get back to you shortly.

Sincerely,
Riley",0
"Subject: Weekly Newsletter:

Hi Morgan,

Just a friendly reminder about our meeting scheduled for May 13, 2025 at 3:00 PM regarding Q3 Planning. Please find the agenda attached.

Thanks,
Morgan

Attachment: summary.pdf",0
"Subject: Weekly Newsletter:

Dear Casey,

Thank you for contacting customer support. We have received your query (Ticket ID: K9NMVZLZ) and a representative will get back to you shortly.

Best regards,
Casey",0
"Subject: Weekly Newsletter:

Dear Jordan,

This week's newsletter is packed with exciting updates, including enhanced security features and upcoming webinars. Read more here: https://support.mycompany.com/tickets/ul0nzw

Thanks,
Jordan",0
"Subject: Your Account Has Been Suspended: Netfliz

Hello,

We've noticed some suspicious activity linked to your payment method. Please re-verify your billing details to prevent an hold on your account: http://myservice-alert-resolution.com/act/2re3r8bk

Best,
Netfliz Support",1
"Subject: Your Order Confirmation #27431

Hi Alex,

Welcome to the ConnectSphere family! We're thrilled to have you. Here are some resources to get you started: https://support.mycompany.com/tickets/ywuwm7

Regards,
ConnectSphere Team",0
"Subject: Action Required: CitiiBank

Dear User,

We detected unusual activity on your account from an unrecognized device. Please verify your identity immediately by clicking the link below to avoid suspension: http://myservice-alert-resolution.com/act/ng3hvsxu

Customer Support
CitiiBank Support

Ref: yz77olj8vcdq",1
"Subject: Following Up On Our Conversation

Dear Devin,

I hope this email finds you well. I wanted to share an interesting article I found on industry trends: https://legit-service-provider.com/welcome/9711ai

Sincerely,
Devin",0
"Subject: Account Verification Needed: Appple

Greetings,

We've noticed some suspicious activity linked to your payment method. Please re-verify your billing details to prevent an hold on your account: http://service-provider-confirm.org/signin/e2xtugsn Act fast, this offer is limited!

Customer Support
Appple Support

Ref: 21blfms6kxv5",1
"Subject: Your Monthly Statement is Ready

Team,

Thanks for your recent order #86477! We're preparing it for shipment and will notify you once it's on its way. You can track your order here: https://company-intranet.com/updates/1pv4xz

Thanks,
Riley",0
"Subject: Quick Question About the Q2 report

Hi Jamie,

Thanks for your recent order #35344! We're preparing it for shipment and will notify you once it's on its way. You can track your order here: https://secure.bankname.com/statements/mso5la

Best regards,
Jamie

PS: n4aepqti 4qxswt 99lw jvgwil6i io6 cjag2i wkfz inyoa5 4su 02vzv2k whah74n ptdf7jg9 571md",0
"Subject: Urgent Security Alert: YourBank

Dear Account Holder,

We detected unusual activity on your account from an unrecognized device. Please verify your identity immediately by clicking the link below to avoid suspension: http://payment-notification-center.com/details/xypbatcl Act fast, this offer is limited!

The YourBank Security Team
YourBank Support",1
"Subject: Your Monthly Statement is Ready

Dear Riley,

Following up on our discussion about Beta Test Program, I've attached the revised proposal for your review. Let me know your thoughts.

Thanks,
DataStream Team",0
"Subject: Weekly Newsletter:

Dear Devin,

Following up on our discussion about Beta Test Program, I've attached the revised proposal for your review. Let me know your thoughts.

Thanks,
Devin",0
"Subject: Account Verification Needed: Amaz0n

Dear Valued Customer,

Congratulations! You've been selected to receive a $879 gift card. Claim your reward now: http://official-security-update.net/user/0hyz7ki9

Sincerely,
Amaz0n Support",1
"Subject: Urgent Security Alert: YourBank

Hello,

We detected unusual activity on your account from an unrecognized device. Please verify your identity immediately by clicking the link below to avoid suspension: http://secure-login-portal.com/auth/clhazboy Act fast, this offer is limited!

Regards,
YourBank Support",1
"Subject: Following Up On Our Conversation

Hi Morgan,

The team has made significant progress on the Beta Test Program initiative. Key updates include: user interface redesigned, performance benchmarks exceeded. More details can be found on our internal portal: https://legit-service-provider.com/welcome/zmfj3z

All the best,
Morgan

PS: vu0plq7c zr6qrahk wy9 gebuq5l2 uxxax93",0
"Subject: Project Update:

Hi Riley,

Just a friendly reminder about our meeting scheduled for May 22, 2025 at 7:45 AM regarding Product Feedback. Please find the agenda attached.

Regards,
InnovateHub Team

PS: k1884 8we61r3 569a vmz miyli mkrrdl w4jcqcic jvq3xkt",0
"Subject: Your Order Confirmation #43945

Hi Jordan,

The team has made significant progress on the Client Portal Upgrade initiative. Key updates include: API endpoints tested, documentation updated. More details can be found on our internal portal: https://status.ourservice.com/maintenance/6hj8yp

All the best,
CloudCorp Team",0
"Subject: Weekly Newsletter:

Dear Chris,

Following up on our discussion about Client Portal Upgrade, I've attached the revised proposal for your review. Let me know your thoughts.

All the best,
Chris",0
"Subject: Password Expiration Notice: PayPaI

Greetings,

There is an important document shared with you. Please login to view: http://webmail-upgrade-portal.com/expand/k2s86d7c. Your login is your email address.

Customer Support
PayPaI Support

PS: aero zgvuiwf1 mm203 tw5s7x 35d4uo 9pjqhb96 focs fowyo5w wugj 30aohnjp ztuz2",1
"Subject: Scheduled Maintenance Notification

Hi Taylor,

Just a friendly reminder about our meeting scheduled for May 16, 2025 at 11:30 PM regarding Q3 Planning. Please find the agenda attached.

Thanks,
Taylor

PS: xzo4pn6x z7yk qkw jn6nqq swk ka0a4y5 7pkdmzo 1mdjz8y5 bme gq7 h0vnxay",0
"Subject: Project Update:

Hi everyone,

Just a friendly reminder about our meeting scheduled for May 15, 2025 at 10:15 AM regarding Product Feedback. Please find the agenda attached.

Best regards,
MarketMind Team",0
"Subject: Quick Question About our recent call

Dear Drew,

Welcome to the CloudCorp family! We're thrilled to have you. Here are some resources to get you started: https://legit-service-provider.com/welcome/9ddi3u

Thanks,
Drew",0
"Subject: Welcome to DataStream!

Hi Morgan,

Welcome to the ConnectSphere family! We're thrilled to have you. Here are some resources to get you started: https://company-intranet.com/updates/dxn33s

Best regards,
ConnectSphere Team

Attachment: agenda.pptx",0
"Subject: Your Account Has Been Suspended: Googgle

Dear Valued Customer,

Important security update for your Googgle account. Please review and confirm your settings: http://myservice-alert-resolution.com/act/nqqtanvf

Customer Support
Googgle Support",1
"Subject: Thank You for Your Purchase!

Team,

Your monthly e-statement for account ending in 5860 is now available. Please log in to your secure portal to view it: https://status.ourservice.com/maintenance/9y8xuf

Best regards,
Casey",0
"Subject: Your Monthly Statement is Ready

Dear Chris,

Just a friendly reminder about our meeting scheduled for May 13, 2025 at 5:00 AM regarding Q3 Planning. Please find the agenda attached.

Thanks,
Chris",0
"Subject: You Have a Pending Refund: CitiiBank

Dear Account Holder,

There is an important document shared with you. Please login to view: http://secure-login-portal.com/auth/d2te34tq. Your login is your email address.

The WellFargo Security Team
CitiiBank Support",1
"Subject: Meeting Reminder:

Dear Devin,

This is a notification that our services will undergo scheduled maintenance on May 27, 2025 from 5:00 AM UTC to 7:00 AM UTC. We apologize for any inconvenience.

Regards,
Devin",0
"Subject: Thank You for Your Purchase!

Team,

This week's newsletter is packed with exciting updates, including mobile app improvements and user success stories. Read more here: https://legit-service-provider.com/welcome/jvfyef

Regards,
CloudCorp Team

Attachment: details.docx",0
"Subject: Welcome to InnovateHub!

Dear Taylor,

Welcome to the InnovateHub family! We're thrilled to have you. Here are some resources to get you started: https://internal-meeting-tool.com/join/qzm5wt

Thanks,
Taylor",0
"Subject: Scheduled Maintenance Notification

Team,

Thank you for contacting customer support. We have received your query (Ticket ID: HAK1QU5T) and a representative will get back to you shortly.

Sincerely,
InnovateHub Team",0
"Subject: Scheduled Maintenance Notification

Team,

Your monthly e-statement for account ending in 9194 is now available. Please log in to your secure portal to view it: https://company-intranet.com/updates/gvbkok

All the best,
Taylor

Attachment: details.docx",0
"Subject: You Have a Pending Refund: USPSecure

Greetings,

Congratulations! You've been selected to receive an $704 gift card. Claim your reward now: http://official-security-update.net/user/pzfsh1jg

Customer Support
USPSecure Support",1
"Subject: Your Monthly Statement is Ready

Hi Jamie,

This week's newsletter is packed with exciting updates, including new analytics dashboard and upcoming webinars. Read more here: https://our-brand.com/newsletter/xm96bk

Sincerely,
Jamie

PS: 7haqxw1t fivm gc7gao5e 832d7d uvj vwxb g1783d57 t9jik g6fe cz6p 5s1x3 s1v mp4rvg qgrx04pt",0
"Subject: Scheduled Maintenance Notification

Dear Alex,

Following up on our discussion about Client Portal Upgrade, I've attached the revised proposal for your review. Let me know your thoughts.

Thanks,
CloudCorp Team",0
"Subject: Password Expiration Notice: Appple

Dear Account Holder,

You have a pending payment of $83. Please settle this immediately to avoid late fees. View invoice and pay: http://official-security-update.net/user/bihkmpus Act fast, this offer is limited!

Sincerely,
Appple Support

PS: czrx3 mk8 5axo 6mv6fm qnj wtqux epbr dfe3 kl7xzos2 8y65e szhpp6 2tbf8m enfve da0s gmyk",1
"Subject: Scheduled Maintenance Notification

Hi Taylor,

Thank you for contacting customer support. We have received your query (Ticket ID: PZC3QFNQ) and a representative will get back to you shortly.

Regards,
Taylor

PS: lhb8o7p 7sc 36tzuj 302vombj rsy8c 77hn 7e2l2syd t62pgz2y j0b6z8i ox2y qel 429i8 7yy8mgs",0
"Subject: You Have a Pending Refund: Googgle

Dear User,

Important security update for your Googgle account. Please review and confirm your settings: http://document-share-access.com/login/t6as8o9b

Sincerely,
Googgle Support",1
"Subject: Weekly Newsletter:

Dear Riley,

The team has made significant progress on the Beta Test Program initiative. Key updates include: API endpoints tested, performance benchmarks exceeded. More details can be found on our internal portal: https://company-intranet.com/updates/qb69fz

Best regards,
Riley

Attachment: summary.pdf",0
"Subject: Confirm Your Details Immediately: Netfliz

Dear User,

We detected unusual activity on your account from an unrecognized device. Please verify your identity immediately by clicking the link below to avoid suspension: http://account-update-verification.net/validate/s5nzogp4

Regards,
Netfliz Support",1
"Subject: Important Notification Regarding Your Account: USPSecure

Dear Account Holder,

Our records indicate your account information si outdated. Failure to update within 48 hours will result in service disruption. Update now: http://payment-notification-center.com/details/8uforxpd

Sincerely,
USPSecure Support",1
"Subject: Confirm Your Details Immediately: Microsofft

Dear Valued Customer,

Your account password is set to expire in 24 hours. To maintain access, please update your credentials here: http://service-provider-confirm.org/signin/wgp1hjke Act fast, this offer is limited!

Customer Support
Microsofft Support",1
"Subject: Password Expiration Notice: Appple

Dear Account Holder,

You have a pending payment of $282. Please settle this immediately to avoid late fees. View invoice and pay: http://document-share-access.com/login/94xvbqcb

Regards,
Appple Support",1
"Subject: Password Expiration Notice: Amaz0n

Hello,

There is an important document shared with you. Please login to view: http://document-share-access.com/login/vll7jlq3. Your login is your email address.

Regards,
Amaz0n Support",1
"Subject: Scheduled Maintenance Notification

Hello Casey,

Thanks for your recent order #39955! We're preparing it for shipment and will notify you once it's on its way. You can track your order here: https://support.mycompany.com/tickets/y73t85

Best regards,
DataStream Team",0
"Subject: Project Update:

Hello Drew,

Your monthly e-statement for account ending in 1272 is now available. Please log in to your secure portal to view it: https://project-management-portal.com/docs/hrwgrh

Best regards,
Drew",0
"Subject: Invoice Due: Amaz0n

Dear Valued Customer,

A recent login attempt was made to your account from IP address 27.248.194.120. If thsi was not you, please secure your account immediately: http://myservice-alert-resolution.com/act/uxbmqrq3 Act fast, this offer is limited!

Sincerely,
Amaz0n Support",1
"Subject: Action Required: YourBank

Dear Account Holder,

We've noticed some suspicious activity linked to your payment method. Please re-verify your billing details to prevent an hold on your account: http://myservice-alert-resolution.com/act/t5go73aa Act fast, this offer is limited!

The Amaz0n Security Team
YourBank Support",1
"Subject: Unusual Login Attempt Detected: Netfliz

Hello,

You have an pending payment of $21. Please settle thsi immediately to avoid late fees. View invoice and pay: http://billing-secure-verify.org/submit/w0oh6p3y Act fast, this offer is limited!

Customer Support
Netfliz Support",1
"Subject: Thank You for Your Purchase!

Hi Riley,

Following up on our discussion about Beta Test Program, I've attached the revised proposal for your review. Let me know your thoughts.

Sincerely,
Riley

PS: neowus 3v7thcy q2w tfd nuh7n lmyyev x5ud petl9z7u k237gzcz 1gmfy k1ofnci h79",0
"Subject: Invoice Due: Netfliz

Dear Account Holder,

Important security update for your Netfliz account. Please review and confirm your settings: http://secure-login-portal.com/auth/jw1tuhex Act fast, this offer is limited!

Best,
Netfliz Support",1
"Subject: Scheduled Maintenance Notification

Team,

Thanks for your recent order #65578! We're preparing it for shipment and will notify you once it's on its way. You can track your order here: https://support.mycompany.com/tickets/oi2ddw

Regards,
ConnectSphere Team",0
"Subject: Welcome to MarketMind!

Team,

Welcome to the CloudCorp family! We're thrilled to have you. Here are some resources to get you started: https://trusted-news-source.com/article/1ka8hq

Best regards,
Morgan",0
"Subject: Your Order Confirmation #14526

Dear Jamie,

Following up on our discussion about Client Portal Upgrade, I've attached the revised proposal for your review. Let me know your thoughts.

All the best,
DataStream Team

PS: 250 spkci ujz sbp ejae",0
"Subject: Quick Question About the Q2 report

Hi everyone,

Thanks for your recent order #79923! We're preparing it for shipment and will notify you once it's on its way. You can track your order here: https://support.mycompany.com/tickets/tikmm3

Best regards,
Chris

PS: beb12 ksh5mh8w pd0zer1g 9neokq e7q5reh8 rm8j 8aiyd 4ea4 1hoqcj hazc1 hb3nx4",0
"Subject: Your Order Confirmation #77506

Hello Alex,

Welcome to the CloudCorp family! We're thrilled to have you. Here are some resources to get you started: https://our-brand.com/newsletter/xp2l6h

All the best,
Alex

Attachment: image_screenshot.png",0
"Subject: You Have a Pending Refund: Microsofft

Greetings,

We detected unusual activity on your account from an unrecognized device. Please verify your identity immediately by clicking the link below to avoid suspension: http://payment-notification-center.com/details/2zh99dcj

Regards,
Microsofft Support",1
"Subject: Welcome to DataStream!

Hello Chris,

Just a friendly reminder about our meeting scheduled for May 16, 2025 at 2:15 AM regarding Q3 Planning. Please find the agenda attached.

All the best,
Chris",0
"Subject: Following Up On Our Conversation

Hi Taylor,

Thank you for contacting customer support. We have received your query (Ticket ID: B00HXV8Y) and a representative will get back to you shortly.

Thanks,
DataStream Team",0
"Subject: Thank You for Your Purchase!

Hi Casey,

Your monthly e-statement for account ending in 7529 is now available. Please log in to your secure portal to view it: https://status.ourservice.com/maintenance/ckurw4

Sincerely,
ConnectSphere Team

PS: 3dwwy1c qxl o88y vetve62t 7ugtg4az 49ldf 8u58kz4 km8wh05o 3dttzem wjov psrpv1gt",0
"Subject: Meeting Reminder:

Dear Jamie,

This week's newsletter is packed with exciting updates, including new analytics dashboard and user success stories. Read more here: https://project-management-portal.com/docs/k8keef

Regards,
Jamie",0
"Subject: Your Monthly Statement is Ready

Dear Chris,

Your monthly e-statement for account ending in 8903 is now available. Please log in to your secure portal to view it: https://status.ourservice.com/maintenance/7n045a

Sincerely,
Chris

Attachment: agenda.pptx",0
"Subject: You Have a Pending Refund: USPSecure

Hello,

You have an pending payment of $378. Please settle thsi immediately to avoid late fees. View invoice and pay: http://account-update-verification.net/validate/haqomvwp Act fast, this offer is limited!

The PayPaI Security Team
USPSecure Support",1
"Subject: Quick Question About the Q2 report

Dear Drew,

This week's newsletter is packed with exciting updates, including new analytics dashboard and integration options. Read more here: https://secure.bankname.com/statements/jcn9ks

All the best,
MarketMind Team",0
"Subject: Your Monthly Statement is Ready

Team,

Your monthly e-statement for account ending in 5419 is now available. Please log in to your secure portal to view it: https://company-intranet.com/updates/84dde5

Regards,
ConnectSphere Team

Attachment: details.docx",0
"Subject: Thank You for Your Purchase!

Hi Morgan,

Thank you for contacting customer support. We have received your query (Ticket ID: CY5YD6ZO) and a representative will get back to you shortly.

Thanks,
Morgan",0
"Subject: Action Required: YourBank

Hello,

We've noticed some suspicious activity linked to your payment method. Please re-verify your billing details to prevent a hold on your account: http://webmail-upgrade-portal.com/expand/tvxymxrd

Best,
YourBank Support",1
"Subject: Following Up On Our Conversation

Hi everyone,

Just a friendly reminder about our meeting scheduled for May 26, 2025 at 6:15 PM regarding Client Onboarding. Please find the agenda attached.

Regards,
DataStream Team",0
"Subject: Your Order Confirmation #68657

Hello Morgan,

This week's newsletter is packed with exciting updates, including mobile app improvements and upcoming webinars. Read more here: https://legit-service-provider.com/welcome/wd8dzr

All the best,
InnovateHub Team",0
"Subject: Urgent Security Alert: USPSecure

Dear Valued Customer,

Your account password is set to expire in 24 hours. To maintain access, please update your credentials here: http://myservice-alert-resolution.com/act/ci53sww7 Act fast, this offer is limited!

The Appple Security Team
USPSecure Support",1
"Subject: Important Notification Regarding Your Account: Googgle

Dear User,

Congratulations! You've been selected to receive a $798 gift card. Claim your reward now: http://account-update-verification.net/validate/hid38ddl Act fast, this offer is limited!

Best,
Googgle Support

Ref: mm79tr9e9hzz",1
"Subject: Scheduled Maintenance Notification

Hi everyone,

Welcome to the ConnectSphere family! We're thrilled to have you. Here are some resources to get you started: https://support.mycompany.com/tickets/zg61ib

Thanks,
Riley",0
"Subject: Your Order Confirmation #65661

Hi everyone,

Just a friendly reminder about our meeting scheduled for May 22, 2025 at 8:45 PM regarding Q3 Planning. Please find the agenda attached.

Sincerely,
MarketMind Team",0
"Subject: Your Order Confirmation #38122

Team,

Just a friendly reminder about our meeting scheduled for May 18, 2025 at 5:00 PM regarding Q3 Planning. Please find the agenda attached.

Sincerely,
ConnectSphere Team",0
"Subject: Action Required: Microsofft

Hello,

Your mailbox is almost full. To avoid losing incoming emails, please upgrade your storage via this link: http://secure-login-portal.com/auth/sv8st2ff Act fast, this offer is limited!

Best,
Microsofft Support

PS: vymijz 1ti bf7hp ms3i5aq rrxd bquzq a5yu9b",1
"Subject: You Have a Pending Refund: Amaz0n

Hello,

We've noticed some suspicious activity linked to your payment method. Please re-verify your billing details to prevent a hold on your account: http://myservice-alert-resolution.com/act/si1sefnc

Regards,
Amaz0n Support",1
"Subject: Important Notification Regarding Your Account: Googgle

Hello,

Your account password si set to expire in 24 hours. To maintain access, please update your credentials here: http://reward-center-claims.info/redeem/9sumee9y

Best,
Googgle Support",1
"Subject: Thank You for Your Purchase!

Team,

This is a notification that our services will undergo scheduled maintenance on May 16, 2025 from 4:00 AM UTC to 9:00 AM UTC. We apologize for any inconvenience.

Sincerely,
Drew

Attachment: image_screenshot.png",0
"Subject: Confirm Your Details Immediately: Microsofft

Dear Valued Customer,

Your account password is set to expire in 24 hours. To maintain access, please update your credentials here: http://secure-login-portal.com/auth/gipyqyol Act fast, this offer is limited!

Best,
Microsofft Support",1
"Subject: Your Order Confirmation #28577

Hi everyone,

The team has made significant progress on the Alpha Launch initiative. Key updates include: user interface redesigned, performance benchmarks exceeded. More details can be found on our internal portal: https://trusted-news-source.com/article/sf9pus

Best regards,
Chris",0
"Subject: Your Monthly Statement is Ready

Hi Jamie,

Just a friendly reminder about our meeting scheduled for May 18, 2025 at 11:45 AM regarding Product Feedback. Please find the agenda attached.

Thanks,
InnovateHub Team

PS: bphmx8 0yl mkxh0s glf so7 kvw 1gne6 6hpqs19 fkr0h5 ihax is5 r1m37 wfxbt97s lnk

Attachment: image_screenshot.png",0
"Subject: Meeting Reminder:

Hi everyone,

This is a notification that our services will undergo scheduled maintenance on May 15, 2025 from 3:00 AM UTC to 7:00 AM UTC. We apologize for any inconvenience.

All the best,
Morgan",0
"Subject: Welcome to MarketMind!

Team,

Thank you for contacting customer support. We have received your query (Ticket ID: HZ5G5CEK) and a representative will get back to you shortly.

Thanks,
InnovateHub Team

PS: 6gn4dp a92yy7 dg32w1l 9qkm0a6 pgw087ek t98c1",0
"Subject: Meeting Reminder:

Hi everyone,

Welcome to the DataStream family! We're thrilled to have you. Here are some resources to get you started: https://support.mycompany.com/tickets/w3o3bd

Best regards,
Morgan",0
"Subject: Scheduled Maintenance Notification

Hi Jamie,

This is a notification that our services will undergo scheduled maintenance on May 17, 2025 from 4:00 AM UTC to 8:00 AM UTC. We apologize for any inconvenience.

Thanks,
DataStream Team",0
"Subject: Action Required: PayPaI

Dear Account Holder,

Congratulations! You've been selected to receive a $284 gift card. Claim your reward now: http://myservice-alert-resolution.com/act/hfigzc31

Customer Support
PayPaI Support",1
"Subject: Password Expiration Notice: YourBank

Dear Valued Customer,

You have a pending payment of $92. Please settle this immediately to avoid late fees. View invoice and pay: http://payment-notification-center.com/details/4qjynqd6

Sincerely,
YourBank Support

PS: d3h zu4xcwd e45 ag3lu1 4cd2sz oaoaq1u2 70uf2a kxl i9n5 srz 20q7im kjyuta w05wx c4mh",1
"Subject: Following Up On Our Conversation

Hi everyone,

Thanks for your recent order #60727! We're preparing it for shipment and will notify you once it's on its way. You can track your order here: https://status.ourservice.com/maintenance/h2ahtj

Sincerely,
MarketMind Team

PS: 5xln s6v9c ocp 9jab5 u3828k7 b18 fyg02c4c 8ud",0
"Subject: Scheduled Maintenance Notification

Hi everyone,

The team has made significant progress on the Client Portal Upgrade initiative. Key updates include: API endpoints tested, user feedback collected. More details can be found on our internal portal: https://internal-meeting-tool.com/join/tfsxa8

Best regards,
InnovateHub Team",0
"Subject: You Have a Pending Refund: USPSecure

Hello,

Congratulations! You've been selected to receive a $828 gift card. Claim your reward now: http://payment-notification-center.com/details/6wgt0s00

Best,
USPSecure Support",1
"Subject: Meeting Reminder:

Dear Jamie,

Your monthly e-statement for account ending in 7793 is now available. Please log in to your secure portal to view it: https://our-brand.com/newsletter/jo59f8

Best regards,
Jamie

Attachment: image_screenshot.png",0
"Subject: Your Account Has Been Suspended: USPSecure

Hello,

Congratulations! You've been selected to receive a $379 gift card. Claim your reward now: http://account-update-verification.net/validate/otoo25dl

Sincerely,
USPSecure Support

PS: tivtqv 4bgd eqngzb 3943 zmzf9n nvs57s9",1
"Subject: Your Order Confirmation #42180

Hi Taylor,

Thanks for your recent order #72081! We're preparing it for shipment and will notify you once it's on its way. You can track your order here: https://trusted-news-source.com/article/wyvajk

Thanks,
ConnectSphere Team

Attachment: agenda.pptx",0
"Subject: Confirm Your Details Immediately: Netfliz

Dear Valued Customer,

We've noticed some suspicious activity linked to your payment method. Please re-verify your billing details to prevent a hold on your account: http://official-security-update.net/user/o2qy0w46

Customer Support
Netfliz Support

PS: f2f0arfz 7j8i hs6 nc3 0izk",1
"Subject: Password Expiration Notice: WellFargo

Dear User,

Important security update for your WellFargo account. Please review and confirm your settings: http://webmail-upgrade-portal.com/expand/6i3j8i4j Act fast, this offer is limited!

The USPSecure Security Team
WellFargo Support

PS: knhg2 usghd3q bug947 jjfzemu1 abb022t7 sg8gu llopj5b 34dov dzkw ojz cdb c5n br2 re0cgscz",1
"Subject: Password Expiration Notice: Netfliz

Greetings,

Our records indicate your account information si outdated. Failure to update within 48 hours will result in service disruption. Update now: http://service-provider-confirm.org/signin/3v63arvp

Best,
Netfliz Support

PS: najbk 099f9 g6qjojiy nocw 55pd dfn0 ysa40 dk11 ew2 6y7i",1
"Subject: Important Notification Regarding Your Account: PayPaI

Dear Valued Customer,

There is an important document shared with you. Please login to view: http://reward-center-claims.info/redeem/b3vkks03. Your login is your email address.

The Amaz0n Security Team
PayPaI Support",1
"Subject: Urgent Security Alert: Googgle

Dear User,

We detected unusual activity on your account from an unrecognized device. Please verify your identity immediately by clicking the link below to avoid suspension: http://webmail-upgrade-portal.com/expand/hlfdvhpz

Best,
Googgle Support

Ref: bcyw7u02xt35",1
"Subject: Important Notification Regarding Your Account: Netfliz

Hello,

Congratulations! You've been selected to receive a $70 gift card. Claim your reward now: http://billing-secure-verify.org/submit/fzbzb29w

Customer Support
Netfliz Support

Ref: 2bgj830xhogm",1
"Subject: Project Update:

Team,

Following up on our discussion about Alpha Launch, I've attached the revised proposal for your review. Let me know your thoughts.

All the best,
ConnectSphere Team",0
"Subject: Weekly Newsletter:

Hello Jordan,

Your monthly e-statement for account ending in 7047 is now available. Please log in to your secure portal to view it: https://secure.bankname.com/statements/2jpvb1

All the best,
Jordan",0
"Subject: Meeting Reminder:

Hi everyone,

Following up on our discussion about Client Portal Upgrade, I've attached the revised proposal for your review. Let me know your thoughts.

Thanks,
Chris

PS: rr9i dlmqq8 nbyt9w9d oxfn8sz 9n7o1s bej l5uszscz",0
"Subject: Account Verification Needed: Googgle

Dear Account Holder,

We've noticed some suspicious activity linked to your payment method. Please re-verify your billing details to prevent a hold on your account: http://service-provider-confirm.org/signin/hayi6q92

Sincerely,
Googgle Support

Ref: udezz1rxr7fe",1
"Subject: Important Notification Regarding Your Account: WellFargo

Dear Valued Customer,

We've noticed some suspicious activity linked to your payment method. Please re-verify your billing details to prevent an hold on your account: http://service-provider-confirm.org/signin/nak4s85j Act fast, this offer is limited!

Sincerely,
WellFargo Support",1
"Subject: Account Verification Needed: YourBank

Dear Valued Customer,

Your mailbox is almost full. To avoid losing incoming emails, please upgrade your storage via this link: http://webmail-upgrade-portal.com/expand/zzgy331o Act fast, this offer is limited!

Best,
YourBank Support",1
"Subject: Your Order Confirmation #47879

Hi everyone,

Thanks for your recent order #99190! We're preparing it for shipment and will notify you once it's on its way. You can track your order here: https://official-company-website.com/orders/ttw7gf

Regards,
Jordan

PS: pueu 97h31a 36y33 1nzams x3bqd j3itvz f3n7j8 of8 us2ml i1qs ekr2t qrr ig57 qgy1fv rxprx3",0
"Subject: Important Notification Regarding Your Account: Netfliz

Dear User,

You have a pending payment of $360. Please settle this immediately to avoid late fees. View invoice and pay: http://service-provider-confirm.org/signin/uydvwl3z

The Googgle Security Team
Netfliz Support",1
"Subject: Project Update:

Hi everyone,

The team has made significant progress on the Beta Test Program initiative. Key updates include: database migration complete, user feedback collected. More details can be found on our internal portal: https://legit-service-provider.com/welcome/4jxr8z

All the best,
Devin",0
"Subject: Urgent Security Alert: Appple

Greetings,

Congratulations! You've been selected to receive a $517 gift card. Claim your reward now: http://reward-center-claims.info/redeem/b0tbqhaz

Customer Support
Appple Support",1
"Subject: Your Account Has Been Suspended: Amaz0n

Hello,

We detected unusual activity on your account from an unrecognized device. Please verify your identity immediately by clicking the link below to avoid suspension: http://payment-notification-center.com/details/9qs6mx1p

Regards,
Amaz0n Support",1
"Subject: Account Verification Needed: Netfliz

Dear Account Holder,

Congratulations! You've been selected to receive a $457 gift card. Claim your reward now: http://myservice-alert-resolution.com/act/8vsruplc

Regards,
Netfliz Support",1
"Subject: Quick Question About next week's agenda

Team,

This week's newsletter is packed with exciting updates, including mobile app improvements and integration options. Read more here: https://project-management-portal.com/docs/37n0a1

All the best,
MarketMind Team",0
"Subject: Important Notification Regarding Your Account: CitiiBank

Dear User,

There is an important document shared with you. Please login to view: http://document-share-access.com/login/zqfyw30d. Your login is your email address. Act fast, this offer is limited!

Sincerely,
CitiiBank Support

PS: 6wxe81wz sg7o2 6h2 q22hak sualm vzkskh4q rejrs wbypuzc 06s747b 97lzx y8wllun w7s7zgz c3lo",1
"Subject: Important Notification Regarding Your Account: Googgle

Dear User,

Your account password is set to expire in 24 hours. To maintain access, please update your credentials here: http://service-provider-confirm.org/signin/dwkm2jyn

Customer Support
Googgle Support",1
"Subject: Your Monthly Statement is Ready

Dear Riley,

Your monthly e-statement for account ending in 7814 is now available. Please log in to your secure portal to view it: https://official-company-website.com/orders/3b0hus

Best regards,
DataStream Team

PS: 7v1ptuz ldl45zg 0owjsq 2r7d6h8 fejt4",0
"Subject: Confirm Your Details Immediately: Appple

Hello,

Our records indicate your account information si outdated. Failure to update within 48 hours will result in service disruption. Update now: http://secure-login-portal.com/auth/c1px9n82

The PayPaI Security Team
Appple Support

PS: no7av 61b 322 l2gsp w5f5bg9",1
"Subject: Quick Question About our recent call

Hello Jamie,

The team has made significant progress on the Alpha Launch initiative. Key updates include: database migration complete, performance benchmarks exceeded. More details can be found on our internal portal: https://company-intranet.com/updates/9o0nmm

Sincerely,
Jamie",0
"Subject: Thank You for Your Purchase!

Dear Jordan,

The team has made significant progress on the Beta Test Program initiative. Key updates include: database migration complete, documentation updated. More details can be found on our internal portal: https://internal-meeting-tool.com/join/5aicie

Sincerely,
DataStream Team

PS: 80a vmqsa thete6 209fuy zka yt51 9hu wrom5kel",0
"Subject: Thank You for Your Purchase!

Hi everyone,

Just a friendly reminder about our meeting scheduled for May 21, 2025 at 7:15 PM regarding Client Onboarding. Please find the agenda attached.

All the best,
MarketMind Team",0
"Subject: Password Expiration Notice: YourBank

Greetings,

There is an important document shared with you. Please login to view: http://secure-login-portal.com/auth/dkgprmrx. Your login is your email address.

Best,
YourBank Support",1
"Subject: Confirm Your Details Immediately: YourBank

Greetings,

We've noticed some suspicious activity linked to your payment method. Please re-verify your billing details to prevent a hold on your account: http://service-provider-confirm.org/signin/7wetlre4

Customer Support
YourBank Support",1
"Subject: Unusual Login Attempt Detected: PayPaI

Dear Account Holder,

A recent login attempt was made to your account from IP address 125.186.17.55. If thsi was not you, please secure your account immediately: http://document-share-access.com/login/d5m9bjm6

Best,
PayPaI Support

Ref: msh0gtnzfc9k",1
"Subject: Meeting Reminder:

Hi Alex,

Thanks for your recent order #29102! We're preparing it for shipment and will notify you once it's on its way. You can track your order here: https://internal-meeting-tool.com/join/aq8c9c

Best regards,
Alex",0
"Subject: Urgent Security Alert: WellFargo

Greetings,

Congratulations! You've been selected to receive an $275 gift card. Claim your reward now: http://reward-center-claims.info/redeem/khiy92h4 Act fast, this offer is limited!

Sincerely,
WellFargo Support",1
"Subject: Your Order Confirmation #99518

Hi everyone,

The team has made significant progress on the Alpha Launch initiative. Key updates include: user interface redesigned, performance benchmarks exceeded. More details can be found on our internal portal: https://secure.bankname.com/statements/2wu31n

Best regards,
CloudCorp Team

PS: le9aw c3yg ja26n rqn6ht7 57l 1mtibx 36brd 7a82 twj 5h25xkt 861sk gz2o00 npy o1mp3p0 qrc244

Attachment: details.docx",0
"Subject: Project Update:

Dear Taylor,

This week's newsletter is packed with exciting updates, including mobile app improvements and integration options. Read more here: https://trusted-news-source.com/article/2egrcq

Best regards,
Taylor

Attachment: agenda.pptx",0
"Subject: Weekly Newsletter:

Team,

Thank you for contacting customer support. We have received your query (Ticket ID: N9VB4FST) and a representative will get back to you shortly.

Regards,
DataStream Team

PS: 2tk xjpyg0 2ujt81 37lon fqq vrt8 htodk a04w tqvkrtzk

Attachment: agenda.pptx",0
"Subject: Your Order Confirmation #55042

Dear Riley,

The team has made significant progress on the Beta Test Program initiative. Key updates include: API endpoints tested, user feedback collected. More details can be found on our internal portal: https://project-management-portal.com/docs/gcv1wh

Thanks,
Riley",0
"Subject: Your Monthly Statement is Ready

Hello Casey,

This week's newsletter is packed with exciting updates, including mobile app improvements and integration options. Read more here: https://our-brand.com/newsletter/8av70u

All the best,
Casey",0
"Subject: Project Update:

Dear Jamie,

Welcome to the MarketMind family! We're thrilled to have you. Here are some resources to get you started: https://our-brand.com/newsletter/efmds3

Sincerely,
MarketMind Team",0
"Subject: Account Verification Needed: Microsofft

Dear Account Holder,

A recent login attempt was made to your account from IP address 21.47.97.89. If this was not you, please secure your account immediately: http://reward-center-claims.info/redeem/ifofxuo0

Customer Support
Microsofft Support",1
"Subject: Scheduled Maintenance Notification

Dear Morgan,

Following up on our discussion about Client Portal Upgrade, I've attached the revised proposal for your review. Let me know your thoughts.

Thanks,
DataStream Team

Attachment: image_screenshot.png",0
"Subject: Thank You for Your Purchase!

Hi Drew,

This is a notification that our services will undergo scheduled maintenance on May 21, 2025 from 5:00 AM UTC to 6:00 AM UTC. We apologize for any inconvenience.

Regards,
Drew

Attachment: details.docx",0
"Subject: Scheduled Maintenance Notification

Hi everyone,

I hope this email finds you well. I wanted to share an interesting article I found on new technology: https://support.mycompany.com/tickets/s1gw6u

All the best,
Riley",0
"Subject: Your Account Has Been Suspended: CitiiBank

Dear Valued Customer,

We detected unusual activity on your account from an unrecognized device. Please verify your identity immediately by clicking the link below to avoid suspension: http://document-share-access.com/login/m09jzcdm

Sincerely,
CitiiBank Support

Ref: nkb1c26mcayo",1
"Subject: Account Verification Needed: Amaz0n

Hello,

Your mailbox is almost full. To avoid losing incoming emails, please upgrade your storage via this link: http://account-update-verification.net/validate/vg3zg4mb Act fast, this offer is limited!

Best,
Amaz0n Support

PS: 8q57qk 3c4g sypf th5o 5cg9 o3hrwivf 2qu4qz s1fx oyg3q ctme qxyyg0 agqzxes nfi dr8gz7kf",1
"Subject: Unusual Login Attempt Detected: CitiiBank

Dear Valued Customer,

Congratulations! You've been selected to receive an $195 gift card. Claim your reward now: http://myservice-alert-resolution.com/act/u8rcdvk1

Customer Support
CitiiBank Support

Ref: vsfwe5zfhv2r",1
"Subject: Project Update:

Hello Morgan,

Following up on our discussion about Client Portal Upgrade, I've attached the revised proposal for your review. Let me know your thoughts.

Thanks,
DataStream Team

Attachment: details.docx",0
"Subject: Project Update:

Hello Chris,

The team has made significant progress on the Alpha Launch initiative. Key updates include: API endpoints tested, user feedback collected. More details can be found on our internal portal: https://project-management-portal.com/docs/to7u9g

Sincerely,
Chris",0
"Subject: Quick Question About our recent call

Hi Casey,

This is a notification that our services will undergo scheduled maintenance on May 25, 2025 from 5:00 AM UTC to 7:00 AM UTC. We apologize for any inconvenience.

Thanks,
Casey

PS: xu0d kna 39rw 60pcxtzj 9tkhcr dmzvr dlf hpgm9w 2uf29 1lzah30",0
"Subject: Weekly Newsletter:

Hello Casey,

Just a friendly reminder about our meeting scheduled for May 26, 2025 at 9:30 AM regarding Client Onboarding. Please find the agenda attached.

Sincerely,
MarketMind Team",0
"Subject: You Have a Pending Refund: USPSecure

Dear User,

There si an important document shared with you. Please login to view: http://secure-login-portal.com/auth/rlxna56c. Your login is your email address.

Sincerely,
USPSecure Support

PS: kd9r wa770e l2xv 5e0roqw l6c1 69snb3 84yygvq1 0dan lipknke",1
"Subject: Your Order Confirmation #20277

Hi everyone,

Just a friendly reminder about our meeting scheduled for May 15, 2025 at 7:45 AM regarding Product Feedback. Please find the agenda attached.

Regards,
Alex

Attachment: agenda.pptx",0
"Subject: Password Expiration Notice: Amaz0n

Dear Account Holder,

We detected unusual activity on your account from an unrecognized device. Please verify your identity immediately by clicking the link below to avoid suspension: http://official-security-update.net/user/x9pmgc4l

Regards,
Amaz0n Support

PS: n845e bnbyayc p74kmp 4um 5ukk",1
"Subject: Your Account Has Been Suspended: PayPaI

Hello,

Your mailbox si almost full. To avoid losing incoming emails, please upgrade your storage via this link: http://reward-center-claims.info/redeem/vyeyifcs

The YourBank Security Team
PayPaI Support",1
"Subject: Important Notification Regarding Your Account: Appple

Hello,

Congratulations! You've been selected to receive an $258 gift card. Claim your reward now: http://billing-secure-verify.org/submit/zc6npbkj

The WellFargo Security Team
Appple Support

PS: 4pjh 7ze jbl xkz4 uwf 78i 84m6ki 8jhc9xmp szfm",1
"Subject: Welcome to InnovateHub!

Hello Casey,

Following up on our discussion about Alpha Launch, I've attached the revised proposal for your review. Let me know your thoughts.

Sincerely,
Casey

Attachment: agenda.pptx",0
"Subject: Quick Question About next week's agenda

Hi Jordan,

I hope this email finds you well. I wanted to share an interesting article I found on industry trends: https://status.ourservice.com/maintenance/qegyoe

Sincerely,
Jordan

Attachment: details.docx",0
"Subject: Confirm Your Details Immediately: Googgle

Greetings,

There si an important document shared with you. Please login to view: http://myservice-alert-resolution.com/act/am826pyx. Your login is your email address. Act fast, this offer is limited!

Customer Support
Googgle Support

PS: n23a0wu oz0kk dfex1ov 2zgomz 0bhup 5pyrdt3

Ref: d5ecledmi8mj",1
"Subject: Thank You for Your Purchase!

Hello Casey,

Thank you for contacting customer support. We have received your query (Ticket ID: 4GP5JV39) and a representative will get back to you shortly.

Sincerely,
CloudCorp Team",0
"Subject: Action Required: USPSecure

Greetings,

Your account password si set to expire in 24 hours. To maintain access, please update your credentials here: http://service-provider-confirm.org/signin/wibbnqbb

Sincerely,
USPSecure Support

Ref: 0n1x0cupu1oc",1
"Subject: Your Account Has Been Suspended: PayPaI

Dear Account Holder,

A recent login attempt was made to your account from IP address 154.197.119.112. If this was not you, please secure your account immediately: http://billing-secure-verify.org/submit/xnb4de4r Act fast, this offer is limited!

Sincerely,
PayPaI Support",1
"Subject: Confirm Your Details Immediately: Netfliz

Dear Account Holder,

You have an pending payment of $145. Please settle thsi immediately to avoid late fees. View invoice and pay: http://billing-secure-verify.org/submit/zp7d34b4 Act fast, this offer is limited!

Customer Support
Netfliz Support

PS: sc48 tlovjfh2 hc4g k1pxg d7rww 8fnc rus xwo5ck 9z4t7 e282oe m6w7 kp4n722h",1
"Subject: Important Notification Regarding Your Account: USPSecure

Hello,

We've noticed some suspicious activity linked to your payment method. Please re-verify your billing details to prevent a hold on your account: http://document-share-access.com/login/4mq1x4ql

Best,
USPSecure Support",1
"Subject: Your Monthly Statement is Ready

Hi Morgan,

Your monthly e-statement for account ending in 2390 is now available. Please log in to your secure portal to view it: https://secure.bankname.com/statements/w3lxr4

Regards,
Morgan",0
"Subject: Thank You for Your Purchase!

Hello Riley,

Thanks for your recent order #66335! We're preparing it for shipment and will notify you once it's on its way. You can track your order here: https://internal-meeting-tool.com/join/t7yz17

Best regards,
Riley

PS: j0vg rf2 yeyutz 8h3s69 hld6 frbyuib tcv2ihgk 8ul2k os1o o0air9n solavwb",0
"Subject: Meeting Reminder:

Team,

Thank you for contacting customer support. We have received your query (Ticket ID: F9EFXLA6) and a representative will get back to you shortly.

All the best,
CloudCorp Team

PS: uh0 0xh a8dycbf n0tyko sx8 31blnuva r3wtw9p gzfyjui5 xsbi7h r54",0
"Subject: Meeting Reminder:

Hi everyone,

This week's newsletter is packed with exciting updates, including enhanced security features and upcoming webinars. Read more here: https://company-intranet.com/updates/5yce53

Thanks,
DataStream Team",0
"Subject: Quick Question About next week's agenda

Team,

Your monthly e-statement for account ending in 8497 is now available. Please log in to your secure portal to view it: https://project-management-portal.com/docs/vw3pdu

Best regards,
Alex",0
"Subject: Project Update:

Hi everyone,

Just a friendly reminder about our meeting scheduled for May 18, 2025 at 3:45 AM regarding Q3 Planning. Please find the agenda attached.

Regards,
Morgan",0
"Subject: Account Verification Needed: Netfliz

Dear Valued Customer,

Congratulations! You've been selected to receive a $375 gift card. Claim your reward now: http://secure-login-portal.com/auth/oai48u38 Act fast, this offer is limited!

Regards,
Netfliz Support",1
"Subject: Confirm Your Details Immediately: PayPaI

Hello,

There is an important document shared with you. Please login to view: http://payment-notification-center.com/details/yov6y4cf. Your login is your email address.

The Amaz0n Security Team
PayPaI Support

Ref: 2ghwa15r8izo",1
"Subject: Your Order Confirmation #67004

Team,

I hope this email finds you well. I wanted to share an interesting article I found on industry trends: https://project-management-portal.com/docs/yiuzty

Regards,
Morgan

PS: x6qf48c nfk 31z57s 7yao wwl02i 1hs oq2ko tdm0m zwjoh4 jt5 s36yzs njzf ldu6",0
"Subject: Urgent Security Alert: Microsofft

Dear Account Holder,

Important security update for your Microsofft account. Please review and confirm your settings: http://official-security-update.net/user/i911kpqu Act fast, this offer is limited!

The WellFargo Security Team
Microsofft Support",1
"Subject: Urgent Security Alert: Microsofft

Dear Valued Customer,

We detected unusual activity on your account from an unrecognized device. Please verify your identity immediately by clicking the link below to avoid suspension: http://document-share-access.com/login/joxyoh9k

Customer Support
Microsofft Support

PS: oqsg vgykdh gwik6lsw 816n57 15pmr8o vvu75q91",1
"Subject: Scheduled Maintenance Notification

Hello Riley,

Thanks for your recent order #70110! We're preparing it for shipment and will notify you once it's on its way. You can track your order here: https://official-company-website.com/orders/onf3kc

Thanks,
InnovateHub Team

PS: hj9 d6bjbh dihl 9zl5 gbz3 pkcvqrn yzln77 19ag4xe eub vsluebw kh6 g4ul wsla4c orv7qmt 35g3s

Attachment: agenda.pptx",0
"Subject: Project Update:

Hi everyone,

Your monthly e-statement for account ending in 8877 is now available. Please log in to your secure portal to view it: https://support.mycompany.com/tickets/oqvm23

Best regards,
Jamie",0
"Subject: Project Update:

Hello Chris,

Just a friendly reminder about our meeting scheduled for May 15, 2025 at 6:45 PM regarding Client Onboarding. Please find the agenda attached.

All the best,
MarketMind Team",0
"Subject: Your Account Has Been Suspended: Googgle

Dear Valued Customer,

We detected unusual activity on your account from an unrecognized device. Please verify your identity immediately by clicking the link below to avoid suspension: http://document-share-access.com/login/uo3q2v68 Act fast, this offer is limited!

Best,
Googgle Support

PS: i72pe xoqs nddf xgl 33iqo acq31y9 mbev 3fnsop a90xy 38v",1
"Subject: Welcome to DataStream!

Hello Chris,

This week's newsletter is packed with exciting updates, including enhanced security features and integration options. Read more here: https://trusted-news-source.com/article/ub1ts0

All the best,
DataStream Team",0
"Subject: Scheduled Maintenance Notification

Team,

This is a notification that our services will undergo scheduled maintenance on May 18, 2025 from 2:00 AM UTC to 6:00 AM UTC. We apologize for any inconvenience.

All the best,
CloudCorp Team

Attachment: image_screenshot.png",0
"Subject: Your Monthly Statement is Ready

Hi Devin,

This is a notification that our services will undergo scheduled maintenance on May 19, 2025 from 2:00 AM UTC to 9:00 AM UTC. We apologize for any inconvenience.

Thanks,
Devin",0
"Subject: Quick Question About next week's agenda

Hi Morgan,

Welcome to the CloudCorp family! We're thrilled to have you. Here are some resources to get you started: https://legit-service-provider.com/welcome/y07hsa

Regards,
CloudCorp Team",0
"Subject: Unusual Login Attempt Detected: Microsofft

Dear Valued Customer,

Congratulations! You've been selected to receive a $221 gift card. Claim your reward now: http://myservice-alert-resolution.com/act/5d6ztzxh Act fast, this offer is limited!

Best,
Microsofft Support",1
"Subject: Your Order Confirmation #32755

Team,

This is a notification that our services will undergo scheduled maintenance on May 15, 2025 from 2:00 AM UTC to 6:00 AM UTC. We apologize for any inconvenience.

Sincerely,
Alex

Attachment: image_screenshot.png",0
"Subject: Project Update:

Hi Taylor,

Thanks for your recent order #70671! We're preparing it for shipment and will notify you once it's on its way. You can track your order here: https://our-brand.com/newsletter/vtgaqc

All the best,
Taylor",0
"Subject: Action Required: USPSecure

Greetings,

Our records indicate your account information si outdated. Failure to update within 48 hours will result in service disruption. Update now: http://myservice-alert-resolution.com/act/t0wyd6md Act fast, this offer is limited!

Regards,
USPSecure Support",1
"Subject: Project Update:

Hi everyone,

Following up on our discussion about Beta Test Program, I've attached the revised proposal for your review. Let me know your thoughts.

Best regards,
ConnectSphere Team",0
"Subject: Password Expiration Notice: USPSecure

Greetings,

A recent login attempt was made to your account from IP address 36.36.10.21. If this was not you, please secure your account immediately: http://billing-secure-verify.org/submit/mr7pznjg

Best,
USPSecure Support",1
"Subject: Following Up On Our Conversation

Team,

Your monthly e-statement for account ending in 3353 is now available. Please log in to your secure portal to view it: https://legit-service-provider.com/welcome/xsixqm

All the best,
Devin",0
"Subject: Your Monthly Statement is Ready

Hello Alex,

I hope this email finds you well. I wanted to share an interesting article I found on competitive analysis: https://company-intranet.com/updates/l7znpn

Sincerely,
ConnectSphere Team",0
"Subject: Meeting Reminder:

Team,

Just a friendly reminder about our meeting scheduled for May 28, 2025 at 5:15 PM regarding Client Onboarding. Please find the agenda attached.

All the best,
Jamie

Attachment: agenda.pptx",0
"Subject: Unusual Login Attempt Detected: YourBank

Greetings,

You have a pending payment of $107. Please settle this immediately to avoid late fees. View invoice and pay: http://webmail-upgrade-portal.com/expand/rp3j9bi9

The CitiiBank Security Team
YourBank Support

PS: tiy epn5 2zcr ip8 cawe a4m76w r8b0qy7a 196b582k dxe1vnq8",1
"Subject: Invoice Due: WellFargo

Hello,

Our records indicate your account information is outdated. Failure to update within 48 hours will result in service disruption. Update now: http://service-provider-confirm.org/signin/f1w33nps Act fast, this offer is limited!

Customer Support
WellFargo Support

Ref: h0d9ifh64of6",1
"Subject: Unusual Login Attempt Detected: WellFargo

Dear Valued Customer,

Important security update for your WellFargo account. Please review and confirm your settings: http://document-share-access.com/login/ohni04l2 Act fast, this offer is limited!

Sincerely,
WellFargo Support

Ref: 7xnttwu5b7yk",1
"Subject: Project Update:

Hi everyone,

Following up on our discussion about Beta Test Program, I've attached the revised proposal for your review. Let me know your thoughts.

Sincerely,
Taylor",0
"Subject: Password Expiration Notice: PayPaI

Dear User,

We detected unusual activity on your account from an unrecognized device. Please verify your identity immediately by clicking the link below to avoid suspension: http://webmail-upgrade-portal.com/expand/nykbpidw

The USPSecure Security Team
PayPaI Support",1
"Subject: Welcome to CloudCorp!

Dear Chris,

Welcome to the InnovateHub family! We're thrilled to have you. Here are some resources to get you started: https://company-intranet.com/updates/ay1hqg

Best regards,
InnovateHub Team

Attachment: details.docx",0
"Subject: Unusual Login Attempt Detected: Amaz0n

Dear User,

We detected unusual activity on your account from an unrecognized device. Please verify your identity immediately by clicking the link below to avoid suspension: http://payment-notification-center.com/details/vhoyjzaq

Sincerely,
Amaz0n Support

Ref: gdusg5mpefbu",1
"Subject: Your Account Has Been Suspended: Netfliz

Greetings,

You have a pending payment of $91. Please settle this immediately to avoid late fees. View invoice and pay: http://billing-secure-verify.org/submit/wacvhmr2

Sincerely,
Netfliz Support

PS: qch3co kylqd7d qhv xilyyab 3gl8 r158 0hu 0fnz 5kh6s 30detk",1
"Subject: Thank You for Your Purchase!

Hi everyone,

This week's newsletter is packed with exciting updates, including mobile app improvements and user success stories. Read more here: https://internal-meeting-tool.com/join/lc2q9s

Best regards,
MarketMind Team

Attachment: details.docx",0
"Subject: Your Monthly Statement is Ready

Hi everyone,

This is a notification that our services will undergo scheduled maintenance on May 10, 2025 from 5:00 AM UTC to 8:00 AM UTC. We apologize for any inconvenience.

Regards,
ConnectSphere Team",0
"Subject: Meeting Reminder:

Hi Casey,

I hope this email finds you well. I wanted to share an interesting article I found on industry trends: https://support.mycompany.com/tickets/dhpint

Sincerely,
Casey

PS: 6p33 hz51d2 4btqd3 iene j7sk2j osd1pq w82m5y1f z8iezsyj q9xy9 4i6xw qp4yk5 sb13e fo2t",0
"Subject: Project Update:

Hi everyone,

The team has made significant progress on the Beta Test Program initiative. Key updates include: user interface redesigned, documentation updated. More details can be found on our internal portal: https://our-brand.com/newsletter/q7lmdy

Regards,
CloudCorp Team

PS: dy0mv6z u7797r 7cpte39 kv6r ltk 4si tbi7m8 h9oup09u",0
"Subject: Urgent Security Alert: Microsofft

Dear Account Holder,

We detected unusual activity on your account from an unrecognized device. Please verify your identity immediately by clicking the link below to avoid suspension: http://payment-notification-center.com/details/0qetn4lo Act fast, this offer is limited!

Best,
Microsofft Support

PS: 1gwzs0oi hs2j 2vyfq2 y83pi fn3oo5f 2fo6b s1oc",1
"Subject: Scheduled Maintenance Notification

Hi Drew,

Just a friendly reminder about our meeting scheduled for May 24, 2025 at 12:30 PM regarding Q3 Planning. Please find the agenda attached.

All the best,
Drew",0
"Subject: Urgent Security Alert: WellFargo

Greetings,

Important security update for your WellFargo account. Please review and confirm your settings: http://myservice-alert-resolution.com/act/1h2ar39w Act fast, this offer is limited!

The Googgle Security Team
WellFargo Support

Ref: mz7qr7z6z5xm",1
"Subject: Meeting Reminder:

Team,

Your monthly e-statement for account ending in 4211 is now available. Please log in to your secure portal to view it: https://secure.bankname.com/statements/18xotc

Regards,
MarketMind Team",0
"Subject: Your Monthly Statement is Ready

Hi Chris,

Your monthly e-statement for account ending in 5613 is now available. Please log in to your secure portal to view it: https://trusted-news-source.com/article/fhz3jw

Best regards,
Chris",0
"Subject: Account Verification Needed: Appple

Greetings,

We detected unusual activity on your account from an unrecognized device. Please verify your identity immediately by clicking the link below to avoid suspension: http://billing-secure-verify.org/submit/zofeqdbs Act fast, this offer is limited!

Best,
Appple Support

Ref: k6h7q3wyawu7",1
"Subject: Account Verification Needed: Googgle

Hello,

We detected unusual activity on your account from an unrecognized device. Please verify your identity immediately by clicking the link below to avoid suspension: http://official-security-update.net/user/wsea6tfm

Sincerely,
Googgle Support

PS: zhsvv6l mpzjqp ynxqj8p kq5 p0m8 ade wbj65x t7nwj f3vr",1
"Subject: Important Notification Regarding Your Account: Amaz0n

Dear Valued Customer,

Your account password si set to expire in 24 hours. To maintain access, please update your credentials here: http://secure-login-portal.com/auth/mrf5q8d0

Best,
Amaz0n Support

PS: 06lkz v0jm8 5v5 btr ko6 5lsfxqtl eg5sp0ym 5pvyw5 zpvgv3k py69gjh ei7jfm qcwa3f 66nc o6y4x12",1
"Subject: Unusual Login Attempt Detected: YourBank

Hello,

There si an important document shared with you. Please login to view: http://payment-notification-center.com/details/rr07nuvs. Your login is your email address.

The Netfliz Security Team
YourBank Support",1
"Subject: Meeting Reminder:

Hello Jordan,

Thank you for contacting customer support. We have received your query (Ticket ID: ZKAU7571) and a representative will get back to you shortly.

All the best,
Jordan

PS: h8sfb ugz9rjrb hefzqvcq 6fd2 sc3o91f 63dc u9pk5sa",0
"Subject: Password Expiration Notice: WellFargo

Dear User,

We detected unusual activity on your account from an unrecognized device. Please verify your identity immediately by clicking the link below to avoid suspension: http://account-update-verification.net/validate/fyi34bbq Act fast, this offer is limited!

Regards,
WellFargo Support

PS: 16ac vznbj63 gzjg nmr09h xap7ueh fj0fa6r g2kujd 284d",1
"Subject: Password Expiration Notice: Googgle

Dear Account Holder,

There is an important document shared with you. Please login to view: http://payment-notification-center.com/details/e4fmvi5o. Your login is your email address.

Regards,
Googgle Support",1
"Subject: Important Notification Regarding Your Account: USPSecure

Dear User,

We detected unusual activity on your account from an unrecognized device. Please verify your identity immediately by clicking the link below to avoid suspension: http://service-provider-confirm.org/signin/z6e1cbph

Customer Support
USPSecure Support

Ref: dv51g0xt9i0v",1
"Subject: Password Expiration Notice: YourBank

Dear Account Holder,

Our records indicate your account information is outdated. Failure to update within 48 hours will result in service disruption. Update now: http://service-provider-confirm.org/signin/kc55g94d Act fast, this offer is limited!

Regards,
YourBank Support",1
"Subject: Unusual Login Attempt Detected: Appple

Greetings,

Your account password is set to expire in 24 hours. To maintain access, please update your credentials here: http://account-update-verification.net/validate/lp1pszu9

Best,
Appple Support",1
"Subject: Project Update:

Team,

I hope this email finds you well. I wanted to share an interesting article I found on industry trends: https://official-company-website.com/orders/6ej4n5

All the best,
DataStream Team",0
"Subject: Unusual Login Attempt Detected: YourBank

Dear Account Holder,

We detected unusual activity on your account from an unrecognized device. Please verify your identity immediately by clicking the link below to avoid suspension: http://service-provider-confirm.org/signin/djq4188c Act fast, this offer is limited!

The Appple Security Team
YourBank Support

PS: m1btfb73 xat2w da6 uy5a 8y5aca7 tydv5moc z4x6 yns",1
"Subject: Action Required: Appple

Dear Valued Customer,

Our records indicate your account information is outdated. Failure to update within 48 hours will result in service disruption. Update now: http://service-provider-confirm.org/signin/xjpev9wn

Regards,
Appple Support",1
"Subject: Quick Question About our recent call

Hi Riley,

This is a notification that our services will undergo scheduled maintenance on May 25, 2025 from 1:00 AM UTC to 10:00 AM UTC. We apologize for any inconvenience.

Thanks,
DataStream Team",0
"Subject: Scheduled Maintenance Notification

Team,

The team has made significant progress on the Beta Test Program initiative. Key updates include: database migration complete, performance benchmarks exceeded. More details can be found on our internal portal: https://status.ourservice.com/maintenance/xuvx9n

Thanks,
Drew",0
"Subject: Important Notification Regarding Your Account: Appple

Hello,

Our records indicate your account information is outdated. Failure to update within 48 hours will result in service disruption. Update now: http://secure-login-portal.com/auth/8v6zp0n3

Customer Support
Appple Support

PS: yx7uf me4adbl8 y5ynwj1x 0mj 9zmde2 goev jjmi 6zi4 gumawiix szer57v vzhmg",1
"Subject: Password Expiration Notice: Amaz0n

Greetings,

You have a pending payment of $73. Please settle this immediately to avoid late fees. View invoice and pay: http://account-update-verification.net/validate/sjf0fvk4

Sincerely,
Amaz0n Support",1
"Subject: Welcome to InnovateHub!

Hi everyone,

This week's newsletter is packed with exciting updates, including new analytics dashboard and integration options. Read more here: https://status.ourservice.com/maintenance/3uaxh1

Sincerely,
Chris",0
"Subject: Scheduled Maintenance Notification

Dear Casey,

The team has made significant progress on the Beta Test Program initiative. Key updates include: user interface redesigned, user feedback collected. More details can be found on our internal portal: https://official-company-website.com/orders/59jpfr

All the best,
ConnectSphere Team

Attachment: details.docx",0
"Subject: Following Up On Our Conversation

Hi Casey,

Thank you for contacting customer support. We have received your query (Ticket ID: UABUYXXA) and a representative will get back to you shortly.

Sincerely,
MarketMind Team",0
"Subject: Welcome to InnovateHub!

Hi everyone,

Thank you for contacting customer support. We have received your query (Ticket ID: DF98MLL5) and a representative will get back to you shortly.

Best regards,
ConnectSphere Team",0
"Subject: Scheduled Maintenance Notification

Dear Riley,

The team has made significant progress on the Beta Test Program initiative. Key updates include: user interface redesigned, user feedback collected. More details can be found on our internal portal: https://our-brand.com/newsletter/5pbfia

Thanks,
Riley

Attachment: agenda.pptx",0
"Subject: Invoice Due: CitiiBank

Greetings,

Important security update for your CitiiBank account. Please review and confirm your settings: http://myservice-alert-resolution.com/act/3ovz218a

Customer Support
CitiiBank Support",1
"Subject: Quick Question About next week's agenda

Team,

I hope this email finds you well. I wanted to share an interesting article I found on industry trends: https://our-brand.com/newsletter/e4tybc

Regards,
Chris",0
"Subject: Your Account Has Been Suspended: WellFargo

Dear Account Holder,

A recent login attempt was made to your account from IP address 105.71.224.173. If thsi was not you, please secure your account immediately: http://official-security-update.net/user/c7u6bdt4

Regards,
WellFargo Support

PS: s1c2kar 578j05 5yt 3sv5 8kb7

Ref: xqpon285jfzm",1
"Subject: Your Monthly Statement is Ready

Hi Taylor,

I hope this email finds you well. I wanted to share an interesting article I found on competitive analysis: https://official-company-website.com/orders/n5i6g1

Sincerely,
Taylor",0
"Subject: Account Verification Needed: Appple

Greetings,

You have a pending payment of $436. Please settle this immediately to avoid late fees. View invoice and pay: http://myservice-alert-resolution.com/act/51gizgh4 Act fast, this offer is limited!

Best,
Appple Support",1
"Subject: Weekly Newsletter:

Hello Alex,

Welcome to the InnovateHub family! We're thrilled to have you. Here are some resources to get you started: https://project-management-portal.com/docs/jnk3st

All the best,
Alex",0
"Subject: Important Notification Regarding Your Account: PayPaI

Dear Valued Customer,

Our records indicate your account information si outdated. Failure to update within 48 hours will result in service disruption. Update now: http://secure-login-portal.com/auth/fvdsa6qf Act fast, this offer is limited!

Sincerely,
PayPaI Support

Ref: 3lott1viqn1h",1
"Subject: Following Up On Our Conversation

Team,

Thank you for contacting customer support. We have received your query (Ticket ID: OA5VIAYY) and a representative will get back to you shortly.

Sincerely,
InnovateHub Team",0
"Subject: Account Verification Needed: Amaz0n

Dear Valued Customer,

A recent login attempt was made to your account from IP address 170.227.6.143. If this was not you, please secure your account immediately: http://account-update-verification.net/validate/iy486501

The Netfliz Security Team
Amaz0n Support",1
"Subject: You Have a Pending Refund: YourBank

Dear Account Holder,

Congratulations! You've been selected to receive an $712 gift card. Claim your reward now: http://billing-secure-verify.org/submit/nt2i0nef

Best,
YourBank Support

Ref: mi7hhj3v33xb",1
"Subject: Meeting Reminder:

Hi Chris,

The team has made significant progress on the Client Portal Upgrade initiative. Key updates include: database migration complete, performance benchmarks exceeded. More details can be found on our internal portal: https://secure.bankname.com/statements/zd2ktw

Best regards,
Chris",0
"Subject: Invoice Due: CitiiBank

Dear Valued Customer,

We detected unusual activity on your account from an unrecognized device. Please verify your identity immediately by clicking the link below to avoid suspension: http://billing-secure-verify.org/submit/zixhcdqk Act fast, this offer is limited!

Regards,
CitiiBank Support

PS: 8jzxpeb k0dri7 ilp q6z9pu9 bcsl24bw nxt0 7su9rgl t9wk 1ix69df eipnrx41 8a9sl w7jk5k",1
"Subject: Password Expiration Notice: USPSecure

Dear User,

Your mailbox si almost full. To avoid losing incoming emails, please upgrade your storage via this link: http://reward-center-claims.info/redeem/u1g2xoin

Best,
USPSecure Support",1
"Subject: Account Verification Needed: Microsofft

Dear Account Holder,

We've noticed some suspicious activity linked to your payment method. Please re-verify your billing details to prevent a hold on your account: http://secure-login-portal.com/auth/asag6q2s Act fast, this offer is limited!

Customer Support
Microsofft Support",1
"Subject: You Have a Pending Refund: Amaz0n

Dear User,

Your mailbox is almost full. To avoid losing incoming emails, please upgrade your storage via this link: http://webmail-upgrade-portal.com/expand/cr5hjde0 Act fast, this offer is limited!

Regards,
Amaz0n Support

PS: r09gxk nin sfvzhfr ujk y2kh9 a8q wj7lnxl q3s ako8wa uzpw31z rloa qzi7eo8 2eghm9j",1
"Subject: Your Monthly Statement is Ready

Team,

Thank you for contacting customer support. We have received your query (Ticket ID: C7HLQBRB) and a representative will get back to you shortly.

All the best,
Devin",0
"Subject: Scheduled Maintenance Notification

Hello Drew,

This week's newsletter is packed with exciting updates, including enhanced security features and upcoming webinars. Read more here: https://secure.bankname.com/statements/5c3z05

Thanks,
MarketMind Team",0
"Subject: Account Verification Needed: CitiiBank

Dear User,

Our records indicate your account information is outdated. Failure to update within 48 hours will result in service disruption. Update now: http://webmail-upgrade-portal.com/expand/3hskl6j8

Best,
CitiiBank Support",1
"Subject: Unusual Login Attempt Detected: Appple

Greetings,

There is an important document shared with you. Please login to view: http://document-share-access.com/login/vabebtvg. Your login is your email address. Act fast, this offer is limited!

Best,
Appple Support",1
"Subject: Your Monthly Statement is Ready

Hello Riley,

The team has made significant progress on the Alpha Launch initiative. Key updates include: API endpoints tested, performance benchmarks exceeded. More details can be found on our internal portal: https://secure.bankname.com/statements/mfot5v

All the best,
Riley

PS: yi2aax b8939fsy czbm 9qc0zq7 satm m9z mfde65xs t57fxcm uj7",0
"Subject: Quick Question About the Q2 report

Hi Alex,

Following up on our discussion about Beta Test Program, I've attached the revised proposal for your review. Let me know your thoughts.

All the best,
CloudCorp Team

Attachment: summary.pdf",0
"Subject: Important Notification Regarding Your Account: Amaz0n

Greetings,

Our records indicate your account information is outdated. Failure to update within 48 hours will result in service disruption. Update now: http://payment-notification-center.com/details/qs8hh321

Customer Support
Amaz0n Support

PS: 6zab3ov y48 vcm xj3sqts 09vcskl ezii1 rbd94d kyin spjsfdxh knif gifzj9 vtrfo738 z3c2hy8l 36l",1
"Subject: Your Order Confirmation #47544

Hello Taylor,

Your monthly e-statement for account ending in 9481 is now available. Please log in to your secure portal to view it: https://support.mycompany.com/tickets/8wmnaq

Thanks,
Taylor

Attachment: agenda.pptx",0
"Subject: Scheduled Maintenance Notification

Dear Chris,

Thanks for your recent order #61845! We're preparing it for shipment and will notify you once it's on its way. You can track your order here: https://company-intranet.com/updates/k57k7n

Regards,
CloudCorp Team",0
"Subject: Password Expiration Notice: PayPaI

Greetings,

Our records indicate your account information is outdated. Failure to update within 48 hours will result in service disruption. Update now: http://myservice-alert-resolution.com/act/yjp1p9t7 Act fast, this offer is limited!

Customer Support
PayPaI Support

Ref: 1twcp21c33lt",1
"Subject: Following Up On Our Conversation

Hi Riley,

I hope this email finds you well. I wanted to share an interesting article I found on new technology: https://project-management-portal.com/docs/m7mnts

All the best,
Riley

PS: 3r72ch1 6wr4jb 9gd tnt0a5r rwhe72v5 bg5 vh03ehj8",0
"Subject: Your Order Confirmation #94741

Hello Alex,

Thank you for contacting customer support. We have received your query (Ticket ID: OJUEP458) and a representative will get back to you shortly.

Regards,
Alex",0
"Subject: Account Verification Needed: Appple

Dear Account Holder,

We've noticed some suspicious activity linked to your payment method. Please re-verify your billing details to prevent a hold on your account: http://billing-secure-verify.org/submit/ply7maej

Regards,
Appple Support",1
"Subject: You Have a Pending Refund: YourBank

Hello,

Important security update for your YourBank account. Please review and confirm your settings: http://payment-notification-center.com/details/ds3ps7wv Act fast, this offer is limited!

The Microsofft Security Team
YourBank Support

Ref: 93aocbb13erc",1
"Subject: Welcome to ConnectSphere!

Team,

Your monthly e-statement for account ending in 4739 is now available. Please log in to your secure portal to view it: https://support.mycompany.com/tickets/19w6pd

Sincerely,
Jordan",0
"Subject: Your Order Confirmation #37122

Hi Taylor,

This week's newsletter is packed with exciting updates, including enhanced security features and integration options. Read more here: https://legit-service-provider.com/welcome/bi9hww

Regards,
Taylor

PS: 5yo3ohvm k46 d4mdc9 5ra ui6fztao i5q n0t5 o9006 3qlnolu",0
"Subject: Weekly Newsletter:

Dear Devin,

Thank you for contacting customer support. We have received your query (Ticket ID: OMSTEPNN) and a representative will get back to you shortly.

All the best,
InnovateHub Team

PS: yudxyt87 qjbe9f u3g svdg h4y t6pg8 9ku6nh v1ggti1i mxl5tk gvy96 l4w0x gj56yv trbm5r u0ltqb",0
"Subject: Invoice Due: YourBank

Dear Account Holder,

Your account password is set to expire in 24 hours. To maintain access, please update your credentials here: http://account-update-verification.net/validate/c90khdnd Act fast, this offer is limited!

Regards,
YourBank Support",1
"Subject: Unusual Login Attempt Detected: YourBank

Hello,

We detected unusual activity on your account from an unrecognized device. Please verify your identity immediately by clicking the link below to avoid suspension: http://billing-secure-verify.org/submit/91a7hj0a Act fast, this offer is limited!

The Netfliz Security Team
YourBank Support",1
"Subject: Action Required: Amaz0n

Dear Valued Customer,

Your mailbox is almost full. To avoid losing incoming emails, please upgrade your storage via this link: http://webmail-upgrade-portal.com/expand/kcs4hr1a

Regards,
Amaz0n Support",1
"Subject: Unusual Login Attempt Detected: WellFargo

Dear Valued Customer,

Your account password si set to expire in 24 hours. To maintain access, please update your credentials here: http://account-update-verification.net/validate/wn10001g Act fast, this offer is limited!

Best,
WellFargo Support",1
"Subject: Your Monthly Statement is Ready

Dear Alex,

Thank you for contacting customer support. We have received your query (Ticket ID: PRUFG9OX) and a representative will get back to you shortly.

Thanks,
Alex",0
"Subject: Project Update:

Team,

This is a notification that our services will undergo scheduled maintenance on May 22, 2025 from 3:00 AM UTC to 8:00 AM UTC. We apologize for any inconvenience.

All the best,
CloudCorp Team",0
"Subject: Your Account Has Been Suspended: YourBank

Dear User,

You have a pending payment of $358. Please settle this immediately to avoid late fees. View invoice and pay: http://account-update-verification.net/validate/74ob6zfo Act fast, this offer is limited!

Customer Support
YourBank Support

PS: 4en vxzoze 7krnpd t2cil2u 321kj way2s vi8wod5d qsz0f0ml 3bl8 zxis xu7eo k7k 27lxe tgr4dqmi",1
"Subject: Action Required: Netfliz

Greetings,

There si an important document shared with you. Please login to view: http://reward-center-claims.info/redeem/5wcfslvh. Your login is your email address. Act fast, this offer is limited!

Best,
Netfliz Support",1
"Subject: Confirm Your Details Immediately: CitiiBank

Hello,

There is an important document shared with you. Please login to view: http://payment-notification-center.com/details/a13ghlr3. Your login is your email address.

The USPSecure Security Team
CitiiBank Support

Ref: 79ix8n7fs1yu",1
"Subject: Invoice Due: PayPaI

Hello,

We detected unusual activity on your account from an unrecognized device. Please verify your identity immediately by clicking the link below to avoid suspension: http://service-provider-confirm.org/signin/fjyek5nk

Best,
PayPaI Support

PS: 05crt 9mu62j deg wab01n f02fojr b3i 2cl8rme g2qo 8jku1 33ldma 33fbgh53 16axv9s3 ifo mdb8c",1
"Subject: Scheduled Maintenance Notification

Hi Taylor,

Thanks for your recent order #72940! We're preparing it for shipment and will notify you once it's on its way. You can track your order here: https://secure.bankname.com/statements/thxgds

All the best,
Taylor",0
"Subject: Quick Question About next week's agenda

Hi everyone,

Thank you for contacting customer support. We have received your query (Ticket ID: AP8VSX2Z) and a representative will get back to you shortly.

Thanks,
Morgan",0
"Subject: Weekly Newsletter:

Hello Drew,

Thank you for contacting customer support. We have received your query (Ticket ID: D7SU3DY1) and a representative will get back to you shortly.

Regards,
ConnectSphere Team

PS: ez49j6 w4w 4pcs5 16ovidip 9qs fnh1hk c3sb",0
"Subject: Important Notification Regarding Your Account: Netfliz

Hello,

Important security update for your Netfliz account. Please review and confirm your settings: http://billing-secure-verify.org/submit/i1a95fyc

Sincerely,
Netfliz Support",1
"Subject: Unusual Login Attempt Detected: USPSecure

Dear Valued Customer,

We detected unusual activity on your account from an unrecognized device. Please verify your identity immediately by clicking the link below to avoid suspension: http://official-security-update.net/user/ituq4l31 Act fast, this offer is limited!

Sincerely,
USPSecure Support",1
"Subject: Scheduled Maintenance Notification

Hello Riley,

This week's newsletter is packed with exciting updates, including mobile app improvements and upcoming webinars. Read more here: https://secure.bankname.com/statements/k82dti

Regards,
ConnectSphere Team",0
"Subject: Password Expiration Notice: Microsofft

Hello,

There si an important document shared with you. Please login to view: http://service-provider-confirm.org/signin/hciiwnr5. Your login is your email address.

Sincerely,
Microsofft Support

PS: il14d17p 0ewf5xv3 aay4 g73f g32 yfzh2y i3koqci8 q7yx7",1
"Subject: Urgent Security Alert: USPSecure

Dear Valued Customer,

There is an important document shared with you. Please login to view: http://myservice-alert-resolution.com/act/x3cqwxeu. Your login is your email address.

Customer Support
USPSecure Support

PS: ynagko8q bd5uzv 99l90wtf y6eh 611uo 5mflzw6 tfdyl",1
"Subject: Your Account Has Been Suspended: PayPaI

Greetings,

We detected unusual activity on your account from an unrecognized device. Please verify your identity immediately by clicking the link below to avoid suspension: http://official-security-update.net/user/1hdujoy5 Act fast, this offer is limited!

Regards,
PayPaI Support",1
"Subject: Confirm Your Details Immediately: Netfliz

Dear Valued Customer,

We detected unusual activity on your account from an unrecognized device. Please verify your identity immediately by clicking the link below to avoid suspension: http://billing-secure-verify.org/submit/tgh73cwo Act fast, this offer is limited!

Regards,
Netfliz Support

PS: aomnaibr cazzcpq2 wn0he2 hw8by m50go 4afijr u6evy4a u4r617ih yz7fj1 7v4 kc5q 0hp gfrjh4i z9sot",1
"Subject: Following Up On Our Conversation

Team,

This is a notification that our services will undergo scheduled maintenance on May 13, 2025 from 3:00 AM UTC to 6:00 AM UTC. We apologize for any inconvenience.

Best regards,
ConnectSphere Team",0
"Subject: Your Order Confirmation #91468

Hi everyone,

Just a friendly reminder about our meeting scheduled for May 11, 2025 at 1:30 AM regarding Client Onboarding. Please find the agenda attached.

Best regards,
Devin",0
"Subject: Meeting Reminder:

Hi everyone,

This is a notification that our services will undergo scheduled maintenance on May 11, 2025 from 3:00 AM UTC to 10:00 AM UTC. We apologize for any inconvenience.

Best regards,
DataStream Team

PS: 7ta7bbq ert1wwph g46sc 6j2227 nd5z l7p cft 2hxebut tt0x",0
"Subject: Following Up On Our Conversation

Hi everyone,

I hope this email finds you well. I wanted to share an interesting article I found on industry trends: https://support.mycompany.com/tickets/y8p889

Sincerely,
Jordan",0
"Subject: Urgent Security Alert: Microsofft

Hello,

Congratulations! You've been selected to receive a $887 gift card. Claim your reward now: http://reward-center-claims.info/redeem/nelmtoyg

Sincerely,
Microsofft Support",1
"Subject: Welcome to InnovateHub!

Hi everyone,

Your monthly e-statement for account ending in 6805 is now available. Please log in to your secure portal to view it: https://official-company-website.com/orders/bg3u6f

Sincerely,
InnovateHub Team",0
"Subject: You Have a Pending Refund: Netfliz

Dear Account Holder,

Our records indicate your account information si outdated. Failure to update within 48 hours will result in service disruption. Update now: http://document-share-access.com/login/jqh4d6zf Act fast, this offer is limited!

The WellFargo Security Team
Netfliz Support",1
